{"nodes":[{"name":"main","size":"big","icon":"http:\/\/static.guim.co.uk\/sys-images\/Guardian\/Pix\/pictures\/2014\/4\/11\/1397210130748\/Spring-Lamb.-Image-shot-2-011.jpg","Type":"M"},{"name":"\u039d\u0399\u039a\u039f\u03a3 \u03a0\u0391\u03a0\u03a0\u0391\u03a3","size":"small","icon":"\/PoliticalTweets\/backend\/assets\/sampleimage.jpg","Type":"D"},{"name":"\u03a3\u03a5\u03a1\u0399\u0396\u0391\n","size":"normal","icon":"\/PoliticalTweets\/backend\/assets\/sampleparty.jpg","Type":"P"},{"name":"\u039d\u0399\u039a\u039f\u03a3 \u03a0\u0391\u03a0\u03a0\u0391\u03a3","size":"small","icon":"\/PoliticalTweets\/backend\/assets\/sampleimage.jpg","Type":"D"},{"name":"\u039d\u0399\u039a\u039f\u039b\u0391\u039f\u03a3 \u039e\u03a5\u0394\u0391\u039a\u0397\u03a3","size":"small","icon":"\/PoliticalTweets\/backend\/assets\/sampleimage.jpg","Type":"D"},{"name":"\u039d\u0399\u039a\u039f\u039b\u0391\u039f\u03a3 \u0392\u039f\u03a5\u03a4\u03a3\u0397\u03a3","size":"small","icon":"\/PoliticalTweets\/backend\/assets\/sampleimage.jpg","Type":"D"},{"name":"\u03a7\u03a1\u0397\u03a3\u03a4\u039f\u03a3 \u03a0\u0391\u03a0\u03a0\u0391\u03a3","size":"small","icon":"\/PoliticalTweets\/backend\/assets\/sampleimage.jpg","Type":"D"},{"name":"\u03a7\u03a1\u03a5\u03a3\u0397 \u0391\u03a5\u0393\u0397\n","size":"normal","icon":"\/PoliticalTweets\/backend\/assets\/sampleparty.jpg","Type":"P"},{"name":"\u03a7\u03a1\u0397\u03a3\u03a4\u039f\u03a3 \u03a0\u0391\u03a0\u03a0\u0391\u03a3","size":"small","icon":"\/PoliticalTweets\/backend\/assets\/sampleimage.jpg","Type":"D"},{"name":"\u0399\u03a9\u0391\u039d\u039d\u0397\u03a3 \u0392\u0391\u03a1\u039f\u03a5\u03a6\u0391\u039a\u0397\u03a3","size":"small","icon":"\/PoliticalTweets\/backend\/assets\/sampleimage.jpg","Type":"D"}],"links":[{"source":2,"target":1},{"source":0,"target":2},{"source":2,"target":3},{"source":0,"target":7},{"source":2,"target":1},{"source":0,"target":2},{"source":2,"target":3},{"source":0,"target":7},{"source":0,"target":2},{"source":2,"target":4},{"source":0,"target":7},{"source":0,"target":2},{"source":2,"target":5},{"source":0,"target":7},{"source":0,"target":2},{"source":7,"target":6},{"source":0,"target":7},{"source":7,"target":8},{"source":0,"target":2},{"source":7,"target":6},{"source":0,"target":7},{"source":7,"target":8},{"source":0,"target":2},{"source":0,"target":7},{"source":2,"target":9}]}