{"nodes":[{"Tweet":"Deputy","UserName":"\u03a0\u0391\u03a0\u03a0\u0391\u03a3","Date":"null","icon":"\/PoliticalTweets\/backend\/assets\/sampleimage.jpg","BelongsTo":"null","size":"big"},{"Tweet":"\u03a0\u03b1\u03c0\u03c0\u03ac\u03c2: \"\u0389\u03b8\u03b5\u03bb\u03b1 \u03bd\u03b1 \u03b5\u03af\u03bc\u03b1\u03b9 \u03b5\u03b9\u03bb\u03b9\u03ba\u03c1\u03b9\u03bd\u03ae\u03c2...\"","UserName":"SPORT 24 ","Date":"Wed May 13 11:00:36 +0000 2015","icon":"http:\/\/pbs.twimg.com\/profile_images\/1168638809\/s24-200px_normal.jpg","BelongsTo":"\u03a0\u0391\u03a0\u03a0\u0391\u03a3","size":"small"},{"Tweet":"\u039f \u03a0\u03b1\u03c0\u03c0\u03ac\u03c2 \u03b5\u03be\u03b7\u03b3\u03b5\u03af \u03b3\u03b9\u03b1\u03c4\u03af \u03b4\u03ae\u03bb\u03c9\u03c3\u03b5 \"\u039d\u03b1 \u03c4\u03bf \u03c0\u03ac\u03c1\u03b5\u03b9 \u03b7 \u03a4\u03a3\u03a3\u039a\u0391\"! (\u03c6\u03c9\u03c4\u03cc)","UserName":"Love Radio 97,5","Date":"Wed May 13 10:59:07 +0000 2015","icon":"http:\/\/pbs.twimg.com\/profile_images\/145185071\/love-sqr_normal.jpg","BelongsTo":"\u03a0\u0391\u03a0\u03a0\u0391\u03a3","size":"small"},{"Tweet":"\u03a0\u03b1\u03c0\u03c0\u03ac\u03c2: \u0398\u03ad\u03bb\u03bf\u03c5\u03bc\u03b5 \u03bb\u03cd\u03c3\u03b7 \u03ba\u03b1\u03b9 \u03cc\u03c7\u03b9 \u03b1\u03c0\u03bb\u03ac \u03bc\u03b9\u03b1 \u03c3\u03c5\u03bc\u03c6\u03c9\u03bd\u03af\u03b1","UserName":"\u03a4\u03bf \u03a0\u03b1\u03c1\u03b1\u03c3\u03ba\u03ae\u03bd\u03b9\u03bf","Date":"Wed May 13 10:26:03 +0000 2015","icon":"http:\/\/pbs.twimg.com\/profile_images\/2293415199\/zwk5yc8lvbqoyxx6swd5_normal.png","BelongsTo":"\u03a0\u0391\u03a0\u03a0\u0391\u03a3","size":"small"},{"Tweet":"\u03a0\u03b1\u03c0\u03c0\u03ac\u03c2: \u0397 \u03ba\u03c5\u03b2\u03ad\u03c1\u03bd\u03b7\u03c3\u03b7 \u03b4\u03b5\u03bd \u03b8\u03b1 \u03c0\u03ac\u03c1\u03b5\u03b9 \u03bd\u03ad\u03b1 \u03c5\u03c6\u03b5\u03c3\u03b9\u03b1\u03ba\u03ac \u03bc\u03ad\u03c4\u03c1\u03b1","UserName":"koulouri nektaria ","Date":"Wed May 13 10:21:33 +0000 2015","icon":"http:\/\/pbs.twimg.com\/profile_images\/522623702865702912\/0ynI1cOE_normal.jpeg","BelongsTo":"\u03a0\u0391\u03a0\u03a0\u0391\u03a3","size":"small"},{"Tweet":"\u039d\u03b9\u03ba\u03bf\u03bb\u03ac\u03ba\u03b7 \u03b1\u03b3\u03cc\u03c1\u03b9 \u03bc\u03bf\u03c5, \u03c0\u03bf\u03c5 \u03b8\u03b5\u03c2 \u03ba\u03b1\u03b9 \u03bd\u03b1 \u03c4\u03bf \u03c0\u03ac\u03c1\u03b5\u03b9 \u03b7 \u03a4\u03a3\u03a3\u039a\u0391, \u03b5\u03af\u03c3\u03b1\u03b9 \u03c0\u03bf\u03bb\u03cd \u039b\u0399\u0393\u039f\u03a3.","UserName":"Letta","Date":"Wed May 13 10:11:43 +0000 2015","icon":"http:\/\/pbs.twimg.com\/profile_images\/568133729827438592\/1_o3lxnw_normal.jpeg","BelongsTo":"\u03a0\u0391\u03a0\u03a0\u0391\u03a3","size":"small"},{"Tweet":"\u03a0\u03b1\u03c0\u03c0\u03ac\u03c2: \u03a0\u03b5\u03c1\u03c3\u03b9\u03bd\u03ac \u03be\u03b9\u03bd\u03ac \u03c3\u03c4\u03b1\u03c6\u03cd\u03bb\u03b9\u03b1 \u03b7 \u03ba\u03c1\u03b9\u03c4\u03b9\u03ba\u03ae \u03b3\u03b9\u03b1 \u03c4\u03b7 \u03bd\u03ad\u03b1 \u03b4\u03b9\u03bf\u03af\u03ba\u03b7\u03c3\u03b7 \u03c4\u03b7\u03c2 \u0395\u03a1\u03a4","UserName":"\u03a4\u039f \u03a0\u039f\u039d\u03a4\u0399\u039a\u0399","Date":"Wed May 13 09:50:30 +0000 2015","icon":"http:\/\/pbs.twimg.com\/profile_images\/811634028\/pontikaki_normal.jpg","BelongsTo":"\u03a0\u0391\u03a0\u03a0\u0391\u03a3","size":"small"},{"Tweet":"\u039d. \u03a0\u03b1\u03c0\u03c0\u03ac\u03c2: \u0397 \u03ba\u03c5\u03b2\u03ad\u03c1\u03bd\u03b7\u03c3\u03b7 \u03b1\u03bd\u03b1\u03b6\u03b7\u03c4\u03ac \u03bb\u03cd\u03c3\u03b7 \u03cc\u03c7\u03b9 \u03b1\u03c0\u03bb\u03ac \u03c3\u03c5\u03bc\u03c6\u03c9\u03bd\u03af\u03b1 (audio) via","UserName":"E\u03c6\u03b7\u03bc\u03b5\u03c1\u03af\u03b4\u03b1 \u0397 \u0391\u03a5\u0393\u0397","Date":"Wed May 13 09:23:48 +0000 2015","icon":"http:\/\/pbs.twimg.com\/profile_images\/3657731609\/7654521074ffb6220dba5460c9a6cbff_normal.jpeg","BelongsTo":"\u03a0\u0391\u03a0\u03a0\u0391\u03a3","size":"small"},{"Tweet":"\u03a0\u03b1\u03c0\u03c0\u03ac\u03c2: \u039b\u03cd\u03c3\u03b7 \u03ba\u03b1\u03b9 \u03cc\u03c7\u03b9 \u03b1\u03c0\u03bb\u03ac \u03c3\u03c5\u03bc\u03c6\u03c9\u03bd\u03af\u03b1 \u03b1\u03bd\u03b1\u03b6\u03b7\u03c4\u03ac \u03b7 \u03ba\u03c5\u03b2\u03ad\u03c1\u03bd\u03b7\u03c3\u03b7","UserName":"TopNews.gr","Date":"Wed May 13 09:03:35 +0000 2015","icon":"http:\/\/pbs.twimg.com\/profile_images\/544887832687296512\/WdnzqIkg_normal.png","BelongsTo":"\u03a0\u0391\u03a0\u03a0\u0391\u03a3","size":"small"},{"Tweet":"\u03a0\u03b1\u03c0\u03c0\u03ac\u03c2: \u0397 \u03ba\u03c5\u03b2\u03ad\u03c1\u03bd\u03b7\u03c3\u03b7 \u03b4\u03b5\u03bd \u03b8\u03b1 \u03c0\u03ac\u03c1\u03b5\u03b9 \u03bd\u03ad\u03b1 \u03c5\u03c6\u03b5\u03c3\u03b9\u03b1\u03ba\u03ac \u03bc\u03ad\u03c4\u03c1\u03b1.","UserName":"Newsbeast","Date":"Wed May 13 08:50:00 +0000 2015","icon":"http:\/\/pbs.twimg.com\/profile_images\/563261377402249217\/thOhbxrh_normal.jpeg","BelongsTo":"\u03a0\u0391\u03a0\u03a0\u0391\u03a3","size":"small"},{"Tweet":"\u03a0\u03b1\u03c0\u03c0\u03ac\u03c2 \u03b3\u03b9\u03b1 \u0395\u03a1\u03a4: \u0398\u03b1 \u03ba\u03c1\u03b9\u03b8\u03bf\u03cd\u03bd \u03ac\u03c0\u03b1\u03bd\u03c4\u03b5\u03c2","UserName":"Paris Hatzievagelou","Date":"Wed May 13 08:48:25 +0000 2015","icon":"http:\/\/pbs.twimg.com\/profile_images\/557473320635887617\/zTZTQoxj_normal.jpeg","BelongsTo":"\u03a0\u0391\u03a0\u03a0\u0391\u03a3","size":"small"},{"Tweet":"\u0397 \u03c3\u03c0\u03b7\u03bb\u03b9\u03ac \u03ba\u03b1\u03b9 \u03bf\u03b9 \u03b3\u03c1\u03af\u03c6\u03bf\u03b9 \u03b3\u03b9\u03b1 \u03c4\u03bf\u03bd \u03ba\u03c1\u03c5\u03bc\u03bc\u03ad\u03bd\u03bf \u03b8\u03b7\u03c3\u03b1\u03c5\u03c1\u03cc \u03c4\u03bf\u03c5 \u03b6\u03ac\u03bc\u03c0\u03bb\u03bf\u03c5\u03c4\u03bf\u03c5 John Pappas - \u03a6\u03c9\u03c4\u03cc \u03b1\u03c0\u03cc \u03c4 ... -","UserName":"Lentulus Batiatus","Date":"Wed May 13 08:46:35 +0000 2015","icon":"http:\/\/pbs.twimg.com\/profile_images\/496696777664262145\/oLgEnyV__normal.jpeg","BelongsTo":"\u03a0\u0391\u03a0\u03a0\u0391\u03a3","size":"small"},{"Tweet":"\u039c\u03b1\u03c2 \u03ad\u03c3\u03c4\u03b5\u03b9\u03bb\u03b5 \u03b1\u03b4\u03b9\u03ac\u03b2\u03b1\u03c3\u03c4\u03bf\u03c5\u03c2 \u03bf \u03a0\u03b1\u03c0\u03c0\u03ac\u03c2!","UserName":"Top7news","Date":"Wed May 13 08:36:59 +0000 2015","icon":"http:\/\/pbs.twimg.com\/profile_images\/3334681280\/16d7833bc7f8b0cf0fe2c21c6cdf9f9a_normal.png","BelongsTo":"\u03a0\u0391\u03a0\u03a0\u0391\u03a3","size":"small"},{"Tweet":"\u039d. \u03a0\u0391\u03a0\u03a0\u0391\u03a3: \u03a0\u03b5\u03c1\u03c3\u03b9\u03bd\u03ac \u03be\u03b9\u03bd\u03ac \u03c3\u03c4\u03b1\u03c6\u03cd\u03bb\u03b9\u03b1 \u03b7 \u03ba\u03c1\u03b9\u03c4\u03b9\u03ba\u03ae \u03b3\u03b9\u03b1 \u03c4\u03b7 \u03bd\u03ad\u03b1 \u03b4\u03b9\u03bf\u03af\u03ba\u03b7\u03c3\u03b7 \u03c4\u03b7\u03c2 \u0395\u03a1\u03a4","UserName":"\u039a\u0391\u03a4\u0399\u0391 \u039d\u03a4\u0391\u0392\u03a1\u0391\u039d\u0397","Date":"Wed May 13 08:30:07 +0000 2015","icon":"http:\/\/pbs.twimg.com\/profile_images\/589718313195986944\/bAL4hfnS_normal.jpg","BelongsTo":"\u03a0\u0391\u03a0\u03a0\u0391\u03a3","size":"small"}],"links":[{"source":1,"target":0},{"source":2,"target":0},{"source":3,"target":0},{"source":4,"target":0},{"source":5,"target":0},{"source":6,"target":0},{"source":7,"target":0},{"source":8,"target":0},{"source":9,"target":0},{"source":10,"target":0},{"source":11,"target":0},{"source":12,"target":0},{"source":13,"target":0}]}