{"nodes":[{"Tweet":"Deputy","UserName":"\u0392\u0391\u03a1\u039f\u03a5\u03a6\u0391\u039a\u0397\u03a3","Date":"null","icon":"\/PoliticalTweets\/backend\/assets\/sampleimage.jpg","BelongsTo":"null","size":"big"},{"Tweet":": \u0393\u03b9\u03b1 \u03c4\u03b7\u03bd \u03ba\u03c5\u03b2\u03ad\u03c1\u03bd\u03b7\u03c3\u03b7 \u03c5\u03c0\u03ac\u03c1\u03c7\u03b5\u03b9 \u03bc\u03cc\u03bd\u03bf \u03c0\u03bf\u03bb\u03b9\u03c4\u03b9\u03ba\u03ae \u03bb\u03cd\u03c3\u03b7","UserName":"Antenna News","Date":"Wed May 13 10:11:04 +0000 2015","icon":"http:\/\/pbs.twimg.com\/profile_images\/522717332980776962\/Ad9VZLaz_normal.jpeg","BelongsTo":"\u0392\u0391\u03a1\u039f\u03a5\u03a6\u0391\u039a\u0397\u03a3","size":"small"},{"Tweet":"\u039a\u03b1\u03bb\u03ae \u03c4\u03c1\u03ac\u03c0\u03b5\u03b6\u03b1 \u03b5\u03af\u03bd\u03b1\u03b9 \u03c4\u03bf \u03c0\u03b9\u03bf \u03c3\u03cd\u03bd\u03c4\u03bf\u03bc\u03bf \u03b1\u03bd\u03ad\u03ba\u03b4\u03bf\u03c4\u03bf. \u0391\u03bb\u03bb\u03bf \u03b5\u03bd\u03bd\u03bf\u03b5\u03af \u03bf \u03c0\u03bf\u03b9\u03b7\u03c4\u03ae\u03c2:","UserName":"\u03a0\u03bd\u03b9\u03b3\u03bc\u03ad\u03bd\u03bf \u03c3\u03ba\u03c5\u03bb\u03af","Date":"Wed May 13 09:26:46 +0000 2015","icon":"http:\/\/pbs.twimg.com\/profile_images\/378800000722198606\/88e4d77aa001a77f9bb80353eeedeecf_normal.png","BelongsTo":"\u0392\u0391\u03a1\u039f\u03a5\u03a6\u0391\u039a\u0397\u03a3","size":"small"},{"Tweet":"Reuters: \u03a4\u03c3\u03af\u03c0\u03c1\u03b1\u03c2-\u0392\u03b1\u03c1\u03bf\u03c5\u03c6\u03ac\u03ba\u03b7\u03c2 \u00ab\u03ad\u03ba\u03b1\u03c8\u03b1\u03bd\u00bb \u03cc\u03bb\u03bf\u03c5\u03c2 \u03c4\u03bf\u03c5\u03c2 \u03c6\u03af\u03bb\u03bf\u03c5\u03c2 \u03c4\u03bf\u03c5\u03c2 \u03c3\u03c4\u03b7\u03bd \u0395\u03c5\u03c1\u03ce\u03c0\u03b7","UserName":"Sportdog.gr","Date":"Tue May 12 20:58:37 +0000 2015","icon":"http:\/\/pbs.twimg.com\/profile_images\/2874319082\/f8a4cf9fc90365b576350996d6075c42_normal.png","BelongsTo":"\u0392\u0391\u03a1\u039f\u03a5\u03a6\u0391\u039a\u0397\u03a3","size":"small"},{"Tweet":"\u03a0\u03ac\u03b3\u03ba\u03b1\u03bb\u03bf\u03c2: \u03a0\u03b1\u03c1\u03ac \u03c4\u03b7 \u03b6\u03c9\u03ae \u03c4\u03bf\u03c5 \u03bf \u0392\u03b1\u03c1\u03bf\u03c5\u03c6\u03ac\u03ba\u03b7\u03c2 \u03b5\u03af\u03bd\u03b1\u03b9 \"\u03bb\u03b1\u03ca\u03ba\u03cc \u03c0\u03b1\u03b9\u03b4\u03af\" \u03ba\u03b1\u03b9 \u03b3\u03b9 \u03b1\u03c5\u03c4\u03cc \u03ad\u03c7\u03b5\u03b9... \u03c4\u03b1 \u03c7\u03ad\u03c1\u03b9\u03b1 \u03c3\u03c4\u03b7\u03bd \u03c4\u03c3\u03ad\u03c0\u03b7","UserName":"thestival.gr","Date":"Tue May 12 19:45:36 +0000 2015","icon":"http:\/\/pbs.twimg.com\/profile_images\/523901374673600512\/Pi99XcqG_normal.jpeg","BelongsTo":"\u0392\u0391\u03a1\u039f\u03a5\u03a6\u0391\u039a\u0397\u03a3","size":"small"},{"Tweet":"\u0392\u03b1\u03c1\u03bf\u03c5\u03c6\u03ac\u03ba\u03b7\u03c2: \u0394\u03cd\u03bf \u03b5\u03b2\u03b4\u03bf\u03bc\u03ac\u03b4\u03b5\u03c2 \u03b3\u03b9\u03b1 \u03c3\u03c5\u03bc\u03c6\u03c9\u03bd\u03af\u03b1 \u03ae \"\u03c0\u03c1\u03cc\u03b2\u03bb\u03b7\u03bc\u03b1\" via","UserName":"Antenna News","Date":"Tue May 12 11:32:09 +0000 2015","icon":"http:\/\/pbs.twimg.com\/profile_images\/522717332980776962\/Ad9VZLaz_normal.jpeg","BelongsTo":"\u0392\u0391\u03a1\u039f\u03a5\u03a6\u0391\u039a\u0397\u03a3","size":"small"},{"Tweet":"\u0392\u03b1\u03c1\u03bf\u03c5\u03c6\u03ac\u03ba\u03b7\u03c2: \u0394\u03cd\u03bf \u03b5\u03b2\u03b4\u03bf\u03bc\u03ac\u03b4\u03b5\u03c2 \u03b3\u03b9\u03b1 \u03c3\u03c5\u03bc\u03c6\u03c9\u03bd\u03af\u03b1 \u03ae \u03c0\u03c1\u03cc\u03b2\u03bb\u03b7\u03bc\u03b1 \u03bb\u03cc\u03b3\u03c9 \u03ad\u03bb\u03bb\u03b5\u03b9\u03c8\u03b7\u03c2 \u03c1\u03b5\u03c5\u03c3\u03c4\u03bf\u03cd via","UserName":"Dimitra ","Date":"Tue May 12 11:07:20 +0000 2015","icon":"http:\/\/pbs.twimg.com\/profile_images\/512197011928395777\/LXaL5H3B_normal.jpeg","BelongsTo":"\u0392\u0391\u03a1\u039f\u03a5\u03a6\u0391\u039a\u0397\u03a3","size":"small"},{"Tweet":": \u03a3\u03c4\u03cc\u03c7\u03bf\u03c2 \u03bc\u03b1\u03c2 \u03b7 \u03c3\u03c5\u03bc\u03c6\u03c9\u03bd\u03af\u03b1 \u03c0\u03c1\u03b9\u03bd \u03b1\u03bd\u03c4\u03b9\u03bc\u03b5\u03c4\u03c9\u03c0\u03af\u03c3\u03bf\u03c5\u03bc\u03b5 \u03c0\u03c1\u03cc\u03b2\u03bb\u03b7\u03bc\u03b1 \u03c1\u03b5\u03c5\u03c3\u03c4\u03cc\u03c4\u03b7\u03c4\u03b1\u03c2","UserName":"Antenna News","Date":"Mon May 11 18:41:19 +0000 2015","icon":"http:\/\/pbs.twimg.com\/profile_images\/522717332980776962\/Ad9VZLaz_normal.jpeg","BelongsTo":"\u0392\u0391\u03a1\u039f\u03a5\u03a6\u0391\u039a\u0397\u03a3","size":"small"},{"Tweet":"\u0395\u03bd \u03b1\u03bd\u03b1\u03bc\u03bf\u03bd\u03ae \u03b8\u03b5\u03c4\u03b9\u03ba\u03bf\u03cd \u03c3\u03ae\u03bc\u03b1\u03c4\u03bf\u03c2 \u03b1\u03c0\u03cc \u03c4\u03bf Eurogroup | TVXS - TV \u03a7\u03c9\u03c1\u03af\u03c2 \u03a3\u03cd\u03bd\u03bf\u03c1\u03b1","UserName":"Nota Lagopati","Date":"Mon May 11 15:16:51 +0000 2015","icon":"http:\/\/pbs.twimg.com\/profile_images\/442630159997222912\/hJruc4BM_normal.jpeg","BelongsTo":"\u0392\u0391\u03a1\u039f\u03a5\u03a6\u0391\u039a\u0397\u03a3","size":"small"},{"Tweet":"\u0395\u03bd \u03b1\u03bd\u03b1\u03bc\u03bf\u03bd\u03ae \u03b8\u03b5\u03c4\u03b9\u03ba\u03bf\u03cd \u03c3\u03ae\u03bc\u03b1\u03c4\u03bf\u03c2 \u03b1\u03c0\u03cc \u03c4\u03bf Eurogroup","UserName":"TV \u03a7\u03c9\u03c1\u03af\u03c2 \u03a3\u03cd\u03bd\u03bf\u03c1\u03b1","Date":"Mon May 11 14:42:23 +0000 2015","icon":"http:\/\/pbs.twimg.com\/profile_images\/573121355123585024\/0FVzxYLU_normal.png","BelongsTo":"\u0392\u0391\u03a1\u039f\u03a5\u03a6\u0391\u039a\u0397\u03a3","size":"small"},{"Tweet":"\u03a3\u03c5\u03bc\u03c6\u03c9\u03bd\u03af\u03b1 \u03c4\u03b9\u03c2 \u03b5\u03c0\u03cc\u03bc\u03b5\u03bd\u03b5\u03c2 \u03b7\u03bc\u03ad\u03c1\u03b5\u03c2 &amp; \u03bf \u0392\u03b1\u03c1\u03bf\u03c5\u03c6\u03ac\u03ba\u03b7\u03c2 via","UserName":"Antenna News","Date":"Mon May 11 11:52:09 +0000 2015","icon":"http:\/\/pbs.twimg.com\/profile_images\/522717332980776962\/Ad9VZLaz_normal.jpeg","BelongsTo":"\u0392\u0391\u03a1\u039f\u03a5\u03a6\u0391\u039a\u0397\u03a3","size":"small"},{"Tweet":"\u0392\u03b1\u03c1\u03bf\u03c5\u03c6\u03ac\u03ba\u03b7\u03c2: \u039f\u03c1\u03b1\u03c4\u03ae \u03b7 \u03bb\u03cd\u03c3\u03b7 \u03b1\u03c1\u03ba\u03b5\u03af \u03bd\u03b1 \u03c5\u03c0\u03ac\u03c1\u03be\u03b5\u03b9 \u03c0\u03bf\u03bb\u03b9\u03c4\u03b9\u03ba\u03ae \u03b2\u03bf\u03cd\u03bb\u03b7\u03c3\u03b7 via","UserName":"Antenna News","Date":"Mon May 11 07:53:41 +0000 2015","icon":"http:\/\/pbs.twimg.com\/profile_images\/522717332980776962\/Ad9VZLaz_normal.jpeg","BelongsTo":"\u0392\u0391\u03a1\u039f\u03a5\u03a6\u0391\u039a\u0397\u03a3","size":"small"},{"Tweet":"\u0392\u03b1\u03c1\u03bf\u03c5\u03c6\u03ac\u03ba\u03b7\u03c2: \u039c\u03b5\u03c4\u03b1\u03b2\u03b1\u03af\u03bd\u03bf\u03c5\u03bc\u03b5 \u03c3\u03c4\u03b9\u03c2 \u0392\u03c1\u03c5\u03be\u03ad\u03bb\u03bb\u03b5\u03c2 \u03b3\u03b9\u03b1 \u03bc\u03af\u03b1 \u03c3\u03c5\u03bc\u03c6\u03c9\u03bd\u03af\u03b1-\u03bb\u03cd\u03c4\u03c1\u03c9\u03c3\u03b7 \u03b3\u03b9\u03b1 \u03c4\u03b7 \u03c7\u03ce\u03c1\u03b1 - ekorinthos.gr","UserName":"eKorinthos","Date":"Mon May 11 05:47:07 +0000 2015","icon":"http:\/\/pbs.twimg.com\/profile_images\/1162523084\/sugkentrotika-nomou-gia-sundiasmo-1_normal.png","BelongsTo":"\u0392\u0391\u03a1\u039f\u03a5\u03a6\u0391\u039a\u0397\u03a3","size":"small"},{"Tweet":": \u03a3\u03c4\u03bf \u03b4\u03c1\u03cc\u03bc\u03bf \u03c0\u03c1\u03bf\u03c2 \u03c4\u03bf \u03b7 \u03c3\u03ba\u03ad\u03c8\u03b7 \u03bc\u03bf\u03c5 \u03b8\u03b1 \u03b5\u03af\u03bd\u03b1\u03b9 \u03c3\u03c4\u03b9\u03c2 \u03ba\u03b1\u03b8\u03b1\u03c1\u03af\u03c3\u03c4\u03c1\u03b9\u03b5\u03c2","UserName":"Antenna News","Date":"Mon May 11 05:32:13 +0000 2015","icon":"http:\/\/pbs.twimg.com\/profile_images\/522717332980776962\/Ad9VZLaz_normal.jpeg","BelongsTo":"\u0392\u0391\u03a1\u039f\u03a5\u03a6\u0391\u039a\u0397\u03a3","size":"small"},{"Tweet":"\u0393. \u0392\u03b1\u03c1\u03bf\u03c5\u03c6\u03ac\u03ba\u03b7\u03c2: \u039b\u03cd\u03c3\u03b7 \u03ba\u03b1\u03b9 \u03b3\u03b9\u03b1 \u03c4\u03b9\u03c2 \u03c3\u03c5\u03bc\u03b2\u03b1\u03c3\u03b9\u03bf\u03cd\u03c7\u03b5\u03c2 \u03ba\u03b1\u03b8\u03b1\u03c1\u03af\u03c3\u03c4\u03c1\u03b9\u03b5\u03c2 \u03c4\u03bf\u03c5 \u03a5\u03a0.\u039f\u0399\u039a. | Epoli.gr | \u0391\u03a5\u03a4\u039f\u0394\u0399\u039f\u0399\u039a\u0397\u03a3\u0397 \u03a0\u039f\u039b\u0399\u03a4\u0399\u039a\u0397 \u0395\u0399\u0394\u0397\u03a3\u0395\u0399\u03a3:","UserName":"epoligr","Date":"Mon May 11 05:26:41 +0000 2015","icon":"http:\/\/pbs.twimg.com\/profile_images\/567283972112003072\/txapoh3B_normal.jpeg","BelongsTo":"\u0392\u0391\u03a1\u039f\u03a5\u03a6\u0391\u039a\u0397\u03a3","size":"small"},{"Tweet":"\u039f \u0392\u03b1\u03c1\u03bf\u03c5\u03c6\u03ac\u03ba\u03b7\u03c2 \u03b1\u03c0\u03b5\u03b9\u03ba\u03bf\u03bd\u03af\u03b6\u03b5\u03c4\u03b1\u03b9\u2026 \u03c3\u03b5 \u03bd\u03ad\u03bf \u03c7\u03b1\u03c1\u03c4\u03bf\u03bd\u03cc\u03bc\u03b9\u03c3\u03bc\u03b1 \u03c4\u03bf\u03c5 \u03b5\u03c5\u03c1\u03ce.","UserName":"Antenna News","Date":"Sun May 10 09:43:38 +0000 2015","icon":"http:\/\/pbs.twimg.com\/profile_images\/522717332980776962\/Ad9VZLaz_normal.jpeg","BelongsTo":"\u0392\u0391\u03a1\u039f\u03a5\u03a6\u0391\u039a\u0397\u03a3","size":"small"},{"Tweet":"\u0392\u03b1\u03c1\u03bf\u03c5\u03c6\u03ac\u03ba\u03b7\u03c2: \u03a4\u03bf \u03c3\u03c7\u03ad\u03b4\u03b9\u03bf \u03b3\u03b9\u03b1 \u03c4\u03b7\u03bd \u03b1\u03bd\u03ac\u03ba\u03b1\u03bc\u03c8\u03b7 \u03c4\u03b7\u03c2 \u0395\u03bb\u03bb\u03ac\u03b4\u03b1\u03c2 | TVXS - TV \u03a7\u03c9\u03c1\u03af\u03c2 \u03a3\u03cd\u03bd\u03bf\u03c1\u03b1","UserName":"\u03a7\u03a1\u0399\u03a3\u03a4\u0399\u039d\u0391 \u03a3\u03a5\u039d\u03a4\u03a5\u03a7\u0391\u039a\u0397","Date":"Sat May 09 20:49:25 +0000 2015","icon":"http:\/\/pbs.twimg.com\/profile_images\/428148515592617984\/iamRO-i0_normal.png","BelongsTo":"\u0392\u0391\u03a1\u039f\u03a5\u03a6\u0391\u039a\u0397\u03a3","size":"small"},{"Tweet":"\"\u0394\u03b5\u03bd \u03b1\u03ba\u03bf\u03bb\u03bf\u03c5\u03b8\u03b5\u03af \u03c4\u03b7 \u03b3\u03c1\u03b1\u03bc\u03bc\u03ae \u03a4\u03c3\u03af\u03c0\u03c1\u03b1 o B\u03b1\u03c1\u03bf\u03c5\u03c6\u03ac\u03ba\u03b7\u03c2\" - 36\u03c3\u03b5\u03bb\u03b9\u03b4\u03b7 \u03ad\u03ba\u03b8\u03b5\u03c3\u03b7 \u03bc\u03c0\u03b5\u03c1\u03b4\u03b5\u03cd\u03b5\u03b9 \u03c4\u03bf\u03c5\u03c2 \u0395\u03c5\u03c1\u03c9\u03c0\u03b1\u03af\u03bf\u03c5\u03c2","UserName":"thestival.gr","Date":"Fri May 08 17:10:40 +0000 2015","icon":"http:\/\/pbs.twimg.com\/profile_images\/523901374673600512\/Pi99XcqG_normal.jpeg","BelongsTo":"\u0392\u0391\u03a1\u039f\u03a5\u03a6\u0391\u039a\u0397\u03a3","size":"small"},{"Tweet":"\u0392\u03b1\u03c1\u03bf\u03c5\u03c6\u03ac\u03ba\u03b7\u03c2: \u03a0\u03bf\u03b9\u03bf \u03b5\u03af\u03bd\u03b1\u03b9 \u03c4\u03bf \u03c4\u03c1\u03af\u03c0\u03c4\u03c5\u03c7\u03bf \u03c0\u03bf\u03c5 \u03c7\u03c1\u03b5\u03b9\u03ac\u03b6\u03b5\u03c4\u03b1\u03b9 \u03b7 \u0395\u03bb\u03bb\u03ac\u03b4\u03b1","UserName":"OnSports","Date":"Thu May 07 21:36:56 +0000 2015","icon":"http:\/\/pbs.twimg.com\/profile_images\/512246613176098816\/YPBC3Ccp_normal.jpeg","BelongsTo":"\u0392\u0391\u03a1\u039f\u03a5\u03a6\u0391\u039a\u0397\u03a3","size":"small"},{"Tweet":"\u0392\u03b1\u03c1\u03bf\u03c5\u03c6\u03ac\u03ba\u03b7\u03c2: \u03a0\u03bf\u03b9\u03bf \u03b5\u03af\u03bd\u03b1\u03b9 \u03c4\u03bf \u03c4\u03c1\u03af\u03c0\u03c4\u03c5\u03c7\u03bf \u03c0\u03bf\u03c5 \u03c7\u03c1\u03b5\u03b9\u03ac\u03b6\u03b5\u03c4\u03b1\u03b9 \u03b7 \u0395\u03bb\u03bb\u03ac\u03b4\u03b1: \u0393\u03b9\u03b1 \u03c4\u03b1 \u03c4\u03c1\u03af\u03b1 \u03c3\u03b7\u03bc\u03b5\u03af\u03b1 \u03c4\u03b1 \u03bf\u03c0\u03bf\u03af\u03b1 \u03ad\u03c7\u03b5\u03b9 \u03b1\u03bd\u03ac\u03b3\u03ba\u03b7 \u03b7 \u0395\u03bb\u03bb\u03ac\u03b4\u03b1 \u03bc...","UserName":"SportNewsFeed","Date":"Thu May 07 21:36:55 +0000 2015","icon":"http:\/\/pbs.twimg.com\/profile_images\/3104075322\/6cba1c742e94d32ff8f0cfd8f79bf1d3_normal.png","BelongsTo":"\u0392\u0391\u03a1\u039f\u03a5\u03a6\u0391\u039a\u0397\u03a3","size":"small"}],"links":[{"source":1,"target":0},{"source":2,"target":0},{"source":3,"target":0},{"source":4,"target":0},{"source":5,"target":0},{"source":6,"target":0},{"source":7,"target":0},{"source":8,"target":0},{"source":9,"target":0},{"source":10,"target":0},{"source":11,"target":0},{"source":12,"target":0},{"source":13,"target":0},{"source":14,"target":0},{"source":15,"target":0},{"source":16,"target":0},{"source":17,"target":0},{"source":18,"target":0},{"source":19,"target":0}]}