{"nodes":[{"Tweet":"Deputy","UserName":"\u0397\u03a3\u03a5\u03a7\u039f\u03a3","Date":"null","icon":"http:\/\/www.energia.gr\/photos\/articlefiles\/isixos_.jpg","BelongsTo":"null","size":"big"},{"Tweet":"\u03b5\u03b3\u03ba\u03c9\u03bc\u03b9\u03ac\u03b6\u03bf\u03c5\u03bd \u03c4\u03b7\u03bd \u03ba\u03bb\u03b7\u03c1\u03bf\u03bd\u03bf\u03bc\u03b9\u03ac \u03c4\u03bf\u03c5 \u03a4\u03c3\u03ac\u03b2\u03b5\u03c2","UserName":"Embavenezgrecia","Date":"Mon May 11 07:37:26 +0000 2015","icon":"http:\/\/pbs.twimg.com\/profile_images\/436098776365678592\/Zt4jfpoo_normal.jpeg","BelongsTo":"\u0397\u03a3\u03a5\u03a7\u039f\u03a3","size":"small"},{"Tweet":"\u03c0\u03b1\u03c1\u03bf\u03c5\u03c3\u03b9\u03ac\u03b6\u03bf\u03c5\u03bd \u03c4\u03b1 \u0392\u03b1\u03c3\u03b9\u03ba\u03ac \u03a0\u03bf\u03bb\u03b9\u03c4\u03b9\u03ba\u03ac \u039a\u03b5\u03af\u03bc\u03b5\u03bd\u03b1 \u03c4\u03bf\u03c5 \u039c\u03c0\u03bf\u03bb\u03af\u03b2\u03b1\u03c1 \u03ba\u03b1\u03b9 \u03c4\u03bf \u039a\u03cc\u03ba\u03ba\u03b9\u03bd\u03bf \u0392\u03b9\u03b2\u03bb\u03af\u03bf \u03c3\u03c4\u03b1 \u03b5\u03bb\u03bb\u03b7\u03bd\u03b9\u03ba\u03ac","UserName":"Embavenezgrecia","Date":"Mon May 11 07:36:10 +0000 2015","icon":"http:\/\/pbs.twimg.com\/profile_images\/436098776365678592\/Zt4jfpoo_normal.jpeg","BelongsTo":"\u0397\u03a3\u03a5\u03a7\u039f\u03a3","size":"small"},{"Tweet":"\u03ba\u03b1\u03b9 \u03bf \u0391\u039d\u03a5\u0395\u0391, \u03bc\u03bf\u03b9\u03c1\u03ac\u03b6\u03bf\u03bd\u03c4\u03b1\u03b9 \u03bc\u03b5 \u03c4\u03bf \u03ba\u03bf\u03b9\u03bd\u03cc \u03c4\u03b7\u03bd \u03b9\u03c3\u03c4\u03bf\u03c1\u03af\u03b1 \u03c4\u03bf\u03c5 \u039c\u03c0\u03bf\u03bb\u03af\u03b2\u03b1\u03c1 \u03ba\u03b1\u03b9 \u03c4\u03bf\u03c5 \u03a4\u03c3\u03ac\u03b2\u03b5\u03c2","UserName":"Embavenezgrecia","Date":"Mon May 11 07:34:47 +0000 2015","icon":"http:\/\/pbs.twimg.com\/profile_images\/436098776365678592\/Zt4jfpoo_normal.jpeg","BelongsTo":"\u0397\u03a3\u03a5\u03a7\u039f\u03a3","size":"small"},{"Tweet":"\u00ab\u0391\u03c0\u03cc \u03c4\u03bf\u03bd \u03c3\u03c4\u03bf\u03bd \u03a4\u03c3\u03ac\u03b2\u03b5\u03c2\u00bb","UserName":"Cheto","Date":"Sat May 09 18:59:10 +0000 2015","icon":"http:\/\/pbs.twimg.com\/profile_images\/378800000330302077\/810ca109197aac516b2f7cb1e6deeb43_normal.jpeg","BelongsTo":"\u0397\u03a3\u03a5\u03a7\u039f\u03a3","size":"small"},{"Tweet":"\u0398\u03b5\u03c4\u03b9\u03ba\u03ae \u03b1\u03c0\u03ac\u03bd\u03c4\u03b7\u03c3\u03b7 \u03c4\u03b7\u03c2 \u03c3\u03c4\u03bf \u03b1\u03af\u03c4\u03b7\u03bc\u03b1 \u03bd\u03b1 \u03b4\u03bf\u03b8\u03bf\u03cd\u03bd \u03c4\u03b1 \u03b3\u03b5\u03c1\u03bc\u03b1\u03bd\u03b9\u03ba\u03ac \u03b1\u03c1\u03c7\u03b5\u03af\u03b1","UserName":"Costas Isychos","Date":"Fri May 08 13:11:26 +0000 2015","icon":"http:\/\/pbs.twimg.com\/profile_images\/591524019465281536\/X9W8vZpE_normal.jpg","BelongsTo":"\u0397\u03a3\u03a5\u03a7\u039f\u03a3","size":"small"},{"Tweet":"\u039a\u03af\u03bd\u03b1 \u03ba\u03b1\u03b9 \u0395\u03bb\u03bb\u03ac\u03b4\u03b1 \u03bc\u03c0\u03bf\u03c1\u03bf\u03cd\u03bd \u03bd\u03b1 \u03c3\u03c5\u03bd\u03b5\u03c1\u03b3\u03b1\u03c3\u03c4\u03bf\u03cd\u03bd \u03c3\u03c4\u03bf\u03bd \u03c4\u03bf\u03bc\u03ad\u03b1\u03c2 \u03c4\u03b7\u03c2 \u03b1\u03c3\u03c6\u03ac\u03bb\u03b5\u03b9\u03b1\u03c2 \u2026 via","UserName":"Costas Isychos","Date":"Fri May 08 13:09:34 +0000 2015","icon":"http:\/\/pbs.twimg.com\/profile_images\/591524019465281536\/X9W8vZpE_normal.jpg","BelongsTo":"\u0397\u03a3\u03a5\u03a7\u039f\u03a3","size":"small"},{"Tweet":"\u0393\u03b9\u03ce\u03c1\u03b3\u03bf \u03c3\u03b5 \u03b1\u03ba\u03b1\u03b4\u03b7\u03bc\u03b1\u03ca\u03ba\u03cc \u03b5\u03c0\u03af\u03c0\u03b5\u03b4\u03bf \u03c0\u03ce\u03c2 \u03c0\u03ac\u03bc\u03b5?","UserName":"Periklis Gogas","Date":"Fri May 08 09:19:48 +0000 2015","icon":"http:\/\/pbs.twimg.com\/profile_images\/591744158043414528\/vJjWrbX4_normal.jpg","BelongsTo":"\u0397\u03a3\u03a5\u03a7\u039f\u03a3","size":"small"},{"Tweet":"\u03a0\u03c1\u03bf\u03bf\u03c0\u03c4\u03b9\u03ba\u03ae \u03c3\u03c5\u03bd\u03b5\u03c1\u03b3\u03b1\u03c3\u03af\u03b1\u03c2 \u0395\u03bb\u03bb\u03ac\u03b4\u03b1\u03c2 - \u039a\u03af\u03bd\u03b1\u03c2 \u03ba\u03b1\u03b9 \u03c3\u03c4\u03bf\u03bd \u03c4\u03bf\u03bc\u03ad\u03b1 \u03c4\u03b7\u03c2 \u03b1\u03c3\u03c6\u03ac\u03bb\u03b5\u03b9\u03b1 via","UserName":"George","Date":"Fri May 08 08:10:24 +0000 2015","icon":"http:\/\/pbs.twimg.com\/profile_images\/472365767824900096\/AfaQw0V9_normal.jpeg","BelongsTo":"\u0397\u03a3\u03a5\u03a7\u039f\u03a3","size":"small"},{"Tweet":"O \u03bc\u03b1\u03c2 \u03bb\u03b5\u03ad\u03b9 \u03c0\u03ce\u03c2 \u039a\u03af\u03bd\u03b1 \u03ba\u03b1\u03b9 \u0395\u03bb\u03bb\u03ac\u03b4\u03b1 \u03bc\u03c0\u03bf\u03c1\u03bf\u03cd\u03bd \u03bd\u03b1 \u03c3\u03c5\u03bd\u03b5\u03c1\u03b3\u03b1\u03c3\u03c4\u03bf\u03cd\u03bd \u03c3\u03c4\u03bf\u03bd \u03c4\u03bf\u03bc\u03ad\u03b1\u03c2 \u03c4\u03b7\u03c2 \u03b1\u03c3\u03c6\u03ac\u03bb\u03b5\u03b9\u03b1\u03c2 via","UserName":"chinaandgreece","Date":"Fri May 08 07:55:52 +0000 2015","icon":"http:\/\/pbs.twimg.com\/profile_images\/521356538263265281\/UIIu3s53_normal.jpeg","BelongsTo":"\u0397\u03a3\u03a5\u03a7\u039f\u03a3","size":"small"},{"Tweet":"\u0395\u03b4\u03ce \u03bc\u03b1\u03c2 \u03ba\u03b1\u03c4\u03b1\u03bd\u03c4\u03ae\u03c3\u03b1\u03c4\u03b5!","UserName":"\u039a\u03a9\u03a3\u03a4\u0391\u03a3 \u039c\u0391\u039d\u03a9\u039b\u0399\u0394\u0397\u03a3","Date":"Thu May 07 18:47:25 +0000 2015","icon":"http:\/\/pbs.twimg.com\/profile_images\/378800000853948420\/7a91b0a740da728f0395b44c6a8c4803_normal.png","BelongsTo":"\u0397\u03a3\u03a5\u03a7\u039f\u03a3","size":"small"},{"Tweet":"\u039a\u03b1\u03b9 \u03bc\u03b5 \u03c4\u03bf \u039a\u0395\u03a4\u0398 \u03ba \u03c4\u03bf\u03c5\u03c2 \u03bd\u03b5\u03bf\u03c3\u03cd\u03bb\u03bb\u03b5\u03ba\u03c4\u03bf\u03c5\u03c2 ? \u0395\u03ac\u03bd \u03ba\u03ac\u03c0\u03bf\u03b9\u03bf\u03c2 \u03bd\u03b5\u03bf\u03c3\u03cd\u03bb\u03bb\u03b5\u03ba\u03c4\u03bf\u03c2 \u03c0\u03ad\u03b8\u03b1\u03b9\u03bd\u03b5? \u039a\u03b1\u03b9 \u03c3\u03c4\u03b7\u03bd \u03c4\u03c1\u03bf\u03c6\u03bf\u03b4\u03bf\u03c3\u03af\u03b1 \u03c5\u03c0\u03ac\u03c1\u03c7\u03bf\u03c5\u03bd \u03c4\u03b1 \u03b3\u03bd\u03c9\u03c3\u03c4\u03ac \u03ba\u03c5\u03ba\u03bb\u03ce\u03bc\u03b1\u03c4\u03b1 !","UserName":"Dimitrios Spetsiotis","Date":"Thu May 07 15:46:13 +0000 2015","icon":"http:\/\/abs.twimg.com\/sticky\/default_profile_images\/default_profile_0_normal.png","BelongsTo":"\u0397\u03a3\u03a5\u03a7\u039f\u03a3","size":"small"},{"Tweet":"\u03a0\u03c1\u03cc\u03b3\u03c1\u03b1\u03bc\u03bc\u03b1 \u03c0\u03c1\u03bf\u03bb\u03b7\u03c0\u03c4\u03b9\u03ba\u03ae\u03c2 \u03b9\u03b1\u03c4\u03c1\u03b9\u03ba\u03ae\u03c2 \u03c3\u03b5 \u03b1\u03ba\u03c1\u03b9\u03c4\u03b9\u03ba\u03ac \u03bd\u03b7\u03c3\u03b9\u03ac","UserName":"Costas Isychos","Date":"Thu May 07 11:40:50 +0000 2015","icon":"http:\/\/pbs.twimg.com\/profile_images\/591524019465281536\/X9W8vZpE_normal.jpg","BelongsTo":"\u0397\u03a3\u03a5\u03a7\u039f\u03a3","size":"small"}],"links":[{"source":1,"target":0},{"source":2,"target":0},{"source":3,"target":0},{"source":4,"target":0},{"source":5,"target":0},{"source":6,"target":0},{"source":7,"target":0},{"source":8,"target":0},{"source":9,"target":0},{"source":10,"target":0},{"source":11,"target":0},{"source":12,"target":0}]}