{"nodes":[{"Tweet":"Deputy","UserName":"\u039b\u0391\u03a6\u0391\u0396\u0391\u039d\u0397\u03a3","Date":"null","icon":"https:\/\/synpeiraia.files.wordpress.com\/2012\/04\/cebbceb1cf86ceb1ceb6ceb1cebdceb7cf83-cf80ceb1cebdceb1ceb3ceb9cf89cf84ceb7cf83.jpg","BelongsTo":"null","size":"big","name":"basic-graph"},{"Tweet":"\u0391 \u03bb\u03b1 \u03ba\u03b1\u03c1\u03c4 \u03b3\u03bf\u03bd\u03c5\u03ba\u03bb\u03b9\u03bd\u03ae\u03c2 \u03bf \u039b\u03b1\u03c6\u03b1\u03b6\u03ac\u03bd\u03b7\u03c2; - epikairo.gr via","UserName":"andreas georgantas","Date":"Wed May 13 23:45:24 +0000 2015","icon":"http:\/\/pbs.twimg.com\/profile_images\/460191054990299139\/fapx7wpr_normal.jpeg","BelongsTo":"\u039b\u0391\u03a6\u0391\u0396\u0391\u039d\u0397\u03a3","size":"small","name":"basic-graph"},{"Tweet":"\u03a0. \u039b\u03b1\u03c6\u03b1\u03b6\u03ac\u03bd\u03b7\u03c2: \u0391\u03c5\u03c4\u03ae \u03b7 \u03ba\u03c5\u03b2\u03ad\u03c1\u03bd\u03b7\u03c3\u03b7 \u03b4\u03b5\u03bd \u03c0\u03c1\u03cc\u03ba\u03b5\u03b9\u03c4\u03b1\u03b9 \u03bd\u03b1 \u03ba\u03ac\u03bd\u03b5\u03b9 \u03c0\u03af\u03c3\u03c9 \u03b1\u03c0\u03cc \u03c4\u03b9\u03c2 \u03c0\u03c1\u03bf\u03b5\u03ba\u03bb\u03bf\u03b3\u03b9\u03ba\u03ad\u03c2 \u03b4\u03b5\u03c3\u03bc\u03b5\u03cd\u03c3\u03b5\u03b9\u03c2 via","UserName":"Zatara-EdmundoDant\u00e8s","Date":"Wed May 13 23:19:00 +0000 2015","icon":"http:\/\/pbs.twimg.com\/profile_images\/585179876338049024\/DmwxzsNb_normal.jpg","BelongsTo":"\u039b\u0391\u03a6\u0391\u0396\u0391\u039d\u0397\u03a3","size":"small","name":"basic-graph"},{"Tweet":"\u0394\u03b5\u03c2: \u03a0. \u039b\u03b1\u03c6\u03b1\u03b6\u03ac\u03bd\u03b7\u03c2: \u0397 \u03ba\u03c5\u03b2\u03ad\u03c1\u03bd\u03b7\u03c3\u03b7 \u03b4\u03b5\u03bd \u03b8\u03b1 \u03c0\u03b1\u03c1\u03b1\u03b4\u03bf\u03b8\u03b5\u03af \u03ba\u03b1\u03b9 \u03b4\u03b5\u03bd \u03b8\u03b1 \u03ba\u03ac\u03bd\u03b5\u03b9 \u03c0\u03af\u03c3\u03c9","UserName":"EOE.gr","Date":"Wed May 13 22:35:20 +0000 2015","icon":"http:\/\/pbs.twimg.com\/profile_images\/1673814999\/logo_normal.png","BelongsTo":"\u039b\u0391\u03a6\u0391\u0396\u0391\u039d\u0397\u03a3","size":"small","name":"basic-graph"},{"Tweet":"\u039b\u03b1\u03c6\u03b1\u03b6\u03ac\u03bd\u03b7\u03c2: \u039f \u03a3\u03c4\u03bf\u03c5\u03c1\u03bd\u03ac\u03c1\u03b1\u03c2 \u03c3\u03c5\u03bc\u03bc\u03b5\u03c4\u03b5\u03af\u03c7\u03b5 \u03c3\u03c4\u03bf \u03bc\u03b5\u03b3\u03b1\u03bb\u03cd\u03c4\u03b5\u03c1\u03bf \u03c3\u03ba\u03ac\u03bd\u03b4\u03b1\u03bb\u03bf \u03c4\u03b7\u03c2 \u03bc\u03b5\u03c4\u03b1\u03c0\u03bf\u03bb\u03af\u03c4\u03b5\u03c5\u03c3\u03b7\u03c2 | via","UserName":"\u03c0\u03c1\u03bf\u03c7\u03b5\u03b9\u03c1\u03bf\u03b3\u03c1\u03ac\u03c6\u03bf\u03c2","Date":"Wed May 13 21:34:39 +0000 2015","icon":"http:\/\/pbs.twimg.com\/profile_images\/457267330838323200\/B4a3Zzex_normal.jpeg","BelongsTo":"\u039b\u0391\u03a6\u0391\u0396\u0391\u039d\u0397\u03a3","size":"small","name":"basic-graph"},{"Tweet":"\u03a4\u039f \u03a0\u03a1\u039f\u0392\u039b\u0397\u039c\u0391 \u0395\u0399\u039d\u0391\u0399 \u03a4\u039f \u039c\u039d\u0397\u039c\u039f\u039d\u0399\u039f, \u039f\u03a7\u0399 \u039f \u039b\u0391\u03a6\u0391\u0396\u0391\u039d\u0397\u03a3","UserName":"Markos Manoy","Date":"Wed May 13 21:09:23 +0000 2015","icon":"http:\/\/pbs.twimg.com\/profile_images\/1586921763\/Gramsci_normal.png","BelongsTo":"\u039b\u0391\u03a6\u0391\u0396\u0391\u039d\u0397\u03a3","size":"small","name":"basic-graph"},{"Tweet":"\u03a0. \u039b\u03b1\u03c6\u03b1\u03b6\u03ac\u03bd\u03b7\u03c2: \u0398\u03b1 \u03b4\u03b9\u03b5\u03c1\u03b5\u03c5\u03bd\u03b7\u03b8\u03bf\u03cd\u03bd \u03bf\u03b9 \u03c5\u03c0\u03bf\u03b8\u03ad\u03c3\u03b5\u03b9\u03c2 \u03c4\u03b7\u03c2 \u0391\u03a4\u0395 \u03ba\u03b1\u03b9 \u03c4\u03bf\u03c5 \u03a4\u03a4, \u03ad\u03c7\u03b5\u03b9 \u03b5\u03c5\u03b8\u03cd\u03bd\u03b5\u03c2 \u03bf \u03a3\u03c4\u03bf\u03c5\u03c1\u03bd\u03ac\u03c1\u03b1\u03c2 - \u0397...","UserName":"LENA","Date":"Wed May 13 20:50:05 +0000 2015","icon":"http:\/\/pbs.twimg.com\/profile_images\/2136743022\/_______093_normal.jpg","BelongsTo":"\u039b\u0391\u03a6\u0391\u0396\u0391\u039d\u0397\u03a3","size":"small","name":"basic-graph"},{"Tweet":"\u2026 \u03cc\u03c0\u03bf\u03b9\u03bf\u03c2 \u03ad\u03c7\u03b5\u03b9 \u03c4\u03b7 \u03bc\u03cd\u03b3\u03b1, \u03bc\u03c5\u03b3\u03b9\u03ac\u03b6\u03b5\u03c4\u03b1\u03b9 \u03b5 \u2026 ~","UserName":"\u30b8\u30a7\u30cb ","Date":"Wed May 13 20:30:59 +0000 2015","icon":"http:\/\/pbs.twimg.com\/profile_images\/587383907634515968\/asxTnjEg_normal.png","BelongsTo":"\u039b\u0391\u03a6\u0391\u0396\u0391\u039d\u0397\u03a3","size":"small","name":"basic-graph"},{"Tweet":"\u0394\u03b5\u03c2: \u039f \u039b\u03b1\u03c6\u03b1\u03b6\u03ac\u03bd\u03b7\u03c2 \u03b2\u03ac\u03b6\u03b5\u03b9 \u00ab\u03ba\u03cc\u03ba\u03ba\u03b9\u03bd\u03b7 \u03b3\u03c1\u03b1\u03bc\u03bc\u03ae\u00bb \u03c3\u03c4\u03bf\u03bd \u03a4\u03c3\u03af\u03c0\u03c1\u03b1","UserName":"EOE.gr","Date":"Wed May 13 20:29:07 +0000 2015","icon":"http:\/\/pbs.twimg.com\/profile_images\/1673814999\/logo_normal.png","BelongsTo":"\u039b\u0391\u03a6\u0391\u0396\u0391\u039d\u0397\u03a3","size":"small","name":"basic-graph"},{"Tweet":"\"\u03cc\u03c0\u03bf\u03b9\u03bf\u03c2 \u03ad\u03c7\u03b5\u03b9 \u03c4\u03b7 \u03bc\u03cd\u03b3\u03b1, \u03bc\u03c5\u03b3\u03b9\u03ac\u03b6\u03b5\u03c4\u03b1\u03b9\" \u039c\u03b5\u03c4\u03ac\u03c6\u03c1\u03b1\u03c3\u03b7 ~","UserName":"netakias.com ","Date":"Wed May 13 20:26:18 +0000 2015","icon":"http:\/\/pbs.twimg.com\/profile_images\/583375670870437888\/sVhYi1RN_normal.jpg","BelongsTo":"\u039b\u0391\u03a6\u0391\u0396\u0391\u039d\u0397\u03a3","size":"small","name":"basic-graph"},{"Tweet":"\u0391\u03c0\u03af\u03c3\u03c4\u03b5\u03c5\u03c4\u03b7 \u03b5\u03c0\u03af\u03b8\u03b5\u03c3\u03b7 \u039b\u03b1\u03c6\u03b1\u03b6\u03ac\u03bd\u03b7 \u03ba\u03b1\u03c4\u03ac \u03a3\u03c4\u03bf\u03c5\u03c1\u03bd\u03ac\u03c1\u03b1: \u0398\u03b1 \u03b5\u03be\u03b9\u03c7\u03bd\u03b9\u03b1\u03c3\u03c4\u03bf\u03cd\u03bd \u03c4\u03b1 \u00ab\u03b5\u03b3\u03ba\u03bb\u03ae\u03bc\u03b1\u03c4\u03b1\u00bb \u03c4\u03bf\u03c5 \u03b4\u03b9\u03bf\u03b9\u03ba\u03b7\u03c4\u03ae \u03c4\u03b7\u03c2 \u03a4\u03c4\u0395","UserName":"Charitos.Dimitris","Date":"Wed May 13 20:11:29 +0000 2015","icon":"http:\/\/abs.twimg.com\/sticky\/default_profile_images\/default_profile_6_normal.png","BelongsTo":"\u039b\u0391\u03a6\u0391\u0396\u0391\u039d\u0397\u03a3","size":"small","name":"basic-graph"},{"Tweet":"\u039b\u03bf\u03b2\u03ad\u03c1\u03b4\u03bf\u03c2: \u0394\u03cd\u03c3\u03ba\u03bf\u03bb\u03bf \u03bd\u03b1 \u03b2\u03c1\u03b5\u03b8\u03b5\u03af \u03bb\u03cd\u03c3\u03b7 \u03c0\u03bf\u03c5 \u03b8\u03b1 \u03b1\u03c0\u03bf\u03b4\u03b5\u03c7\u03c4\u03b5\u03af \u03ba\u03b1\u03b9 \u03b7 \u0395.\u0395 \u03ba\u03b1\u03b9 \u03bf \u039b\u03b1\u03c6\u03b1\u03b6\u03ac\u03bd\u03b7\u03c2","UserName":"Ysterografo News","Date":"Wed May 13 19:58:34 +0000 2015","icon":"http:\/\/pbs.twimg.com\/profile_images\/450924149494394880\/jVBM2NdP_normal.png","BelongsTo":"\u039b\u0391\u03a6\u0391\u0396\u0391\u039d\u0397\u03a3","size":"small","name":"basic-graph"},{"Tweet":"\u0395\u03c0\u03b9\u03ba\u03b1\u03bb\u03ad\u03c3\u03c4\u03b7\u03ba\u03b5 \u03b4\u03b5 \u03b1\u03c0\u03ac\u03bd\u03c4\u03b7\u03c3\u03b7 \u03c4\u03bf\u03c5 \u038c\u03bb\u03b9 \u03a1\u03b5\u03bd \u03c3\u03c4\u03bf \u0395\u03c5\u03c1\u03c9\u03ba\u03bf\u03b9\u03bd\u03bf\u03b2\u03bf\u03cd\u03bb\u03b9\u03bf, \u03bf \u03bf\u03c0\u03bf\u03af\u03bf\u03c2 \u03b5\u03bc\u03c6\u03b1\u03bd\u03af\u03c3\u03c4\u03b7\u03ba\u03b5 \u03b8\u03b5\u03c4\u03b9\u03ba\u03cc\u03c2, \u03cc\u03c0\u03c9\u03c2 \u03b5\u03af\u03c0\u03b5 \u03bf \u03ba. \u03a0\u03b5\u03c4\u03c1\u03ac\u03ba\u03bf\u03c2,...","UserName":"LENA","Date":"Wed May 13 19:40:08 +0000 2015","icon":"http:\/\/pbs.twimg.com\/profile_images\/2136743022\/_______093_normal.jpg","BelongsTo":"\u039b\u0391\u03a6\u0391\u0396\u0391\u039d\u0397\u03a3","size":"small","name":"basic-graph"},{"Tweet":"\u039b\u0391\u03a6\u0391\u0396\u0391\u039d\u0397\u03a3 \u0393\u0399\u0391 \u03a3\u03a4\u039f\u03a5\u03a1\u039d\u0391\u03a1\u0391: \u0394\u0395\u039d \u0398\u0391 \u039c\u0395\u0399\u039d\u0395\u0399 \u03a4\u0399\u03a0\u039f\u03a4\u0391 \u0391\u03a4\u0399\u039c\u03a9\u03a1\u0397\u03a4\u039f","UserName":"SAUL","Date":"Wed May 13 19:17:09 +0000 2015","icon":"http:\/\/pbs.twimg.com\/profile_images\/586156197272662016\/REVTuklU_normal.jpg","BelongsTo":"\u039b\u0391\u03a6\u0391\u0396\u0391\u039d\u0397\u03a3","size":"small","name":"basic-graph"},{"Tweet":"\u039b\u03b1\u03c6\u03b1\u03b6\u03ac\u03bd\u03b7\u03c2 \u03b3\u03b9\u03b1 \u03a3\u03c4\u03bf\u03c5\u03c1\u03bd\u03ac\u03c1\u03b1: \u0394\u03b5\u03bd \u03b8\u03b1 \u03bc\u03b5\u03af\u03bd\u03b5\u03b9 \u03c4\u03af\u03c0\u03bf\u03c4\u03b1 \u03b1\u03c4\u03b9\u03bc\u03ce\u03c1\u03b7\u03c4\u03bf","UserName":"60gr","Date":"Wed May 13 19:15:16 +0000 2015","icon":"http:\/\/pbs.twimg.com\/profile_images\/496592533749637120\/8tcxHKJK_normal.jpeg","BelongsTo":"\u039b\u0391\u03a6\u0391\u0396\u0391\u039d\u0397\u03a3","size":"small","name":"basic-graph"},{"Tweet":"\u039f \u039b\u03b1\u03c6\u03b1\u03b6\u03b1\u03bd\u03b7\u03c2 \u03c0\u03c1\u03bf\u03b1\u03bd\u03b1\u03b3\u03b3\u03b5\u03bb\u03bb\u03b5\u03b9 \u03c1\u03b7\u03be\u03b7 \u03ba\u03b1\u03b9 \u03b5\u03be\u03bf\u03b4\u03bf \u03b1\u03c0\u03bf \u03c4\u03bf \u03b5\u03c5\u03c1\u03c9 -","UserName":"agenda-news","Date":"Wed May 13 18:36:53 +0000 2015","icon":"http:\/\/pbs.twimg.com\/profile_images\/450713406496968704\/6M0mJhv-_normal.jpeg","BelongsTo":"\u039b\u0391\u03a6\u0391\u0396\u0391\u039d\u0397\u03a3","size":"small","name":"basic-graph"}],"links":[{"source":1,"target":0},{"source":2,"target":0},{"source":3,"target":0},{"source":4,"target":0},{"source":5,"target":0},{"source":6,"target":0},{"source":7,"target":0},{"source":8,"target":0},{"source":9,"target":0},{"source":10,"target":0},{"source":11,"target":0},{"source":12,"target":0},{"source":13,"target":0},{"source":14,"target":0},{"source":15,"target":0}]}