{"nodes":[{"Tweet":"Deputy","UserName":"\u03a4\u03a3\u0399\u03a0\u03a1\u0391\u03a3","Date":"null","icon":"http:\/\/asset.tovima.gr\/vimawebstatic\/\/4FD08321545B960CB4040B951F17DB40.jpg","BelongsTo":"null","size":"big","name":"basic-graph"},{"Tweet":"\u03a4\u03c3\u03af\u03c0\u03c1\u03b1\u03c2: \u0397 \u03c3\u03c5\u03bc\u03c6\u03c9\u03bd\u03af\u03b1 \u03c0\u03c1\u03ad\u03c0\u03b5\u03b9 \u03bd\u03b1 \u03c3\u03c5\u03bc\u03c6\u03ad\u03c1\u03b5\u03b9 \u03ba\u03b1\u03b9 \u03c4\u03b9\u03c2 \u03b4\u03cd\u03bf \u03c0\u03bb\u03b5\u03c5\u03c1\u03ad\u03c2","UserName":"\u0395\u03bb\u03b5\u03cd\u03b8\u03b5\u03c1\u03bf\u03c2 \u03a4\u03cd\u03c0\u03bf\u03c2","Date":"Sat May 16 05:59:14 +0000 2015","icon":"http:\/\/pbs.twimg.com\/profile_images\/522796160570769408\/hn0fxTni_normal.png","BelongsTo":"\u03a4\u03a3\u0399\u03a0\u03a1\u0391\u03a3","size":"small","name":"basic-graph"},{"Tweet":"\u03a5\u03c0\u03b5\u03c1\u03c4\u03af\u03bc\u03b7\u03c3\u03b1\u03bd \u03c4\u03b9\u03c2 \u03b4\u03c5\u03bd\u03b1\u03c4\u03cc\u03c4\u03b7\u03c4\u03ad\u03c2 \u03c4\u03bf\u03c5\u03c2 \u03c0\u03b5\u03b9\u03b8\u03bf\u03cd\u03c2 \u03ba\u03b1\u03b9 \u03b5\u03bd\u03c4\u03c5\u03c0\u03c9\u03c3\u03b9\u03b1\u03c3\u03bc\u03bf\u03cd \u03c4\u03c9\u03bd \u03b4\u03b1\u03bd\u03b5\u03b9\u03c3\u03c4\u03ce\u03bd","UserName":"LaSTofTRoiKaNS","Date":"Sat May 16 05:55:22 +0000 2015","icon":"http:\/\/pbs.twimg.com\/profile_images\/551495231158243328\/vxAjdo6-_normal.jpeg","BelongsTo":"\u03a4\u03a3\u0399\u03a0\u03a1\u0391\u03a3","size":"small","name":"basic-graph"},{"Tweet":"\u03a4\u03c3\u03af\u03c0\u03c1\u03b1\u03c2: \u0391\u03c5\u03c4\u03ac \u03b5\u03af\u03bd\u03b1\u03b9 \u03c4\u03b1 4 \u03c3\u03b7\u03bc\u03b5\u03af\u03b1 \u03b3\u03b9\u03b1 \u03bc\u03b9\u03b1 \u03ad\u03bd\u03c4\u03b9\u03bc\u03b7 \u03c3\u03c5\u03bc\u03c6\u03c9\u03bd\u03af\u03b1 - \u0392\u0399\u039d\u03a4\u0395\u039f -","UserName":"\u039a\u03ce\u03c3\u03c4\u03b1\u03c2 \u03a7\u03bf\u03bb\u03ad\u03b2\u03b1\u03c2","Date":"Sat May 16 05:50:19 +0000 2015","icon":"http:\/\/pbs.twimg.com\/profile_images\/509054935351037952\/FwpuGZNe_normal.jpeg","BelongsTo":"\u03a4\u03a3\u0399\u03a0\u03a1\u0391\u03a3","size":"small","name":"basic-graph"},{"Tweet":"\u03a4\u03c3\u03af\u03c0\u03c1\u03b1\u03c2: \u0397 \u03c3\u03c5\u03bc\u03c6\u03c9\u03bd\u03af\u03b1 \u03c0\u03c1\u03ad\u03c0\u03b5\u03b9 \u03bd\u03b1 \u03ba\u03bb\u03b5\u03af\u03c3\u03b5\u03b9 \u03b1\u03bb\u03bb\u03ac \u03bd\u03b1 \u03b5\u03af\u03bd\u03b1\u03b9 \u03b1\u03bc\u03bf\u03b9\u03b2\u03b1\u03af\u03b1 \u03b5\u03c0\u03c9\u03c6\u03b5\u03bb\u03ae\u03c2","UserName":"NewsIt ","Date":"Sat May 16 05:50:05 +0000 2015","icon":"http:\/\/pbs.twimg.com\/profile_images\/516858838\/bookit_normal.jpeg","BelongsTo":"\u03a4\u03a3\u0399\u03a0\u03a1\u0391\u03a3","size":"small","name":"basic-graph"},{"Tweet":"\u03a4\u03c3\u03af\u03c0\u03c1\u03b1\u03c2: K\u03b1\u03bd\u03ad\u03bd\u03b1\u03c2 \u03ba\u03af\u03bd\u03b4\u03c5\u03bd\u03bf\u03c2 \u03b3\u03b9\u03b1 \u03bc\u03b9\u03c3\u03b8\u03bf\u03cd\u03c2 \u03ba\u03b1\u03b9 \u03c3\u03c5\u03bd\u03c4\u03ac\u03be\u03b5\u03b9\u03c2 - BINTEO -","UserName":"\u039a\u03ce\u03c3\u03c4\u03b1\u03c2 \u03a7\u03bf\u03bb\u03ad\u03b2\u03b1\u03c2","Date":"Sat May 16 05:49:55 +0000 2015","icon":"http:\/\/pbs.twimg.com\/profile_images\/509054935351037952\/FwpuGZNe_normal.jpeg","BelongsTo":"\u03a4\u03a3\u0399\u03a0\u03a1\u0391\u03a3","size":"small","name":"basic-graph"},{"Tweet":"K\u03b1\u03c1\u03b1\u03b3\u03ba\u03bf\u03cd\u03bd\u03b7\u03c2: \u0391\u03bc\u03c6\u03b9\u03b2\u03ac\u03bb\u03bb\u03bf\u03c5\u03bc\u03b5 \u03b1\u03bd \u03ba\u03b1\u03b9 \u03bf \u03af\u03b4\u03b9\u03bf\u03c2 \u03bf \u03a4\u03c3\u03af\u03c0\u03c1\u03b1\u03c2, \u03c0\u03b9\u03b1, \u03c0\u03b9\u03c3\u03c4\u03b5\u03cd\u03b5\u03b9 \u03c4\u03b1 \u03c8\u03ad\u03bc\u03b1\u03c4\u03ac\u00a0\u03c4\u03bf\u03c5","UserName":"matrix24GR","Date":"Sat May 16 05:48:51 +0000 2015","icon":"http:\/\/pbs.twimg.com\/profile_images\/511900291554217984\/433NvVrk_normal.jpeg","BelongsTo":"\u03a4\u03a3\u0399\u03a0\u03a1\u0391\u03a3","size":"small","name":"basic-graph"},{"Tweet":"\u03a4\u03c3\u03af\u03c0\u03c1\u03b1\u03c2: \u039c\u03af\u03b1 \u03ba\u03b1\u03b9 \u03b5\u03bd\u03b9\u03b1\u03af\u03b1 \u03c3\u03c5\u03bc\u03c6\u03c9\u03bd\u03af\u03b1 - \u03bb\u03cd\u03c3\u03b7","UserName":"Newsbomb Economy ","Date":"Sat May 16 05:35:37 +0000 2015","icon":"http:\/\/pbs.twimg.com\/profile_images\/568368129248464896\/7t8YQ1lh_normal.jpeg","BelongsTo":"\u03a4\u03a3\u0399\u03a0\u03a1\u0391\u03a3","size":"small","name":"basic-graph"},{"Tweet":"\u03a4\u039f \u03a4\u03a3\u0399\u03a0 \u03a6\u0395\u03a1\u039d\u0395\u0399 \u039f \u03a4\u03a3\u0399\u03a0\u03a1\u0391\u03a3-\u039d\u03a4\u039f\u039a\u039f\u03a5\u039c\u0395\u039d\u03a4\u039f \u2013 \u0394\u0395\u03a3\u039c\u0395\u03a5\u03a3\u0397 \u03a3\u03a4\u039f \u039a\u0395\u0399\u039c\u0395\u039d\u039f \u03a0\u03a1\u039f\u03a3 EUROGROUP -","UserName":"\u039c\u03c0\u03bf\u03bb\u03c3\u03b5\u03b2\u03b9\u03ba\u03bf\u03c2","Date":"Sat May 16 05:34:36 +0000 2015","icon":"http:\/\/pbs.twimg.com\/profile_images\/571381332794544128\/SN6hDdl0_normal.jpeg","BelongsTo":"\u03a4\u03a3\u0399\u03a0\u03a1\u0391\u03a3","size":"small","name":"basic-graph"},{"Tweet":"\u03a4\u03c3\u03af\u03c0\u03c1\u03b1\u03c2: \u0394\u03b5\u03bd \u03ba\u03ac\u03bd\u03c9 \u03c0\u03af\u03c3\u03c9 \u03c3\u03b5 \u03bc\u03b9\u03c3\u03b8\u03bf\u03cd\u03c2 \u03ba\u03b1\u03b9 \u03c3\u03c5\u03bd\u03c4\u03ac\u03be\u03b5\u03b9\u03c2","UserName":"seleo","Date":"Sat May 16 05:32:34 +0000 2015","icon":"http:\/\/pbs.twimg.com\/profile_images\/500573972765736962\/Itvhqde5_normal.png","BelongsTo":"\u03a4\u03a3\u0399\u03a0\u03a1\u0391\u03a3","size":"small","name":"basic-graph"},{"Tweet":"\u03a4\u03ad\u03c3\u03c3\u03b5\u03c1\u03b9\u03c2 \u03ac\u03be\u03bf\u03bd\u03b5\u03c2 \u03b3\u03b9\u03b1 \u03c4\u03b7 \u03c3\u03c5\u03bc\u03c6\u03c9\u03bd\u03af\u03b1 \u03ad\u03b8\u03b5\u03c3\u03b5 \u03bf \u0391\u03bb\u03ad\u03be\u03b7\u03c2 \u03a4\u03c3\u03af\u03c0\u03c1\u03b1\u03c2","UserName":"tsantiri","Date":"Sat May 16 05:28:14 +0000 2015","icon":"http:\/\/pbs.twimg.com\/profile_images\/1557583758\/logo3_normal.jpg","BelongsTo":"\u03a4\u03a3\u0399\u03a0\u03a1\u0391\u03a3","size":"small","name":"basic-graph"},{"Tweet":"\u0394\u03b5\u03bd \u03c5\u03c0\u03ac\u03c1\u03c7\u03b5\u03b9 \u03ac\u03bb\u03bb\u03b7 \u03b1\u03bc\u03b1\u03c1\u03c4\u03af\u03b1 \u03b5\u03ba\u03c4\u03cc\u03c2 \u03b1\u03c0\u03cc \u03c4\u03b7 \u03b2\u03bb\u03b1\u03ba\u03b5\u03af\u03b1 ***","UserName":"LaSTofTRoiKaNS","Date":"Sat May 16 05:25:36 +0000 2015","icon":"http:\/\/pbs.twimg.com\/profile_images\/551495231158243328\/vxAjdo6-_normal.jpeg","BelongsTo":"\u03a4\u03a3\u0399\u03a0\u03a1\u0391\u03a3","size":"small","name":"basic-graph"},{"Tweet":"\u039c\u03ad\u03c7\u03c1\u03b9 \u03ba\u03b1\u03b9 \u03bf \u03a4\u03c3\u03af\u03c0\u03c1\u03b1\u03c2 \u03c3\u03c7\u03bf\u03bb\u03af\u03b1\u03c3\u03b5 \u03c4\u03b7\u03bd \u03b5\u03c0\u03b9\u03ba\u03ae \u03bd\u03af\u03ba\u03b7 \u03c4\u03bf\u03c5 \u039f\u03bb\u03c5\u03bc\u03c0\u03b9\u03b1\u03ba\u03bf\u03cd","UserName":"balla.com.cy","Date":"Sat May 16 05:23:48 +0000 2015","icon":"http:\/\/pbs.twimg.com\/profile_images\/1522286375\/logo_mpala_mikro_normal.png","BelongsTo":"\u03a4\u03a3\u0399\u03a0\u03a1\u0391\u03a3","size":"small","name":"basic-graph"},{"Tweet":"\u03a3\u03c4\u03bf \u03c3\u03c5\u03bd\u03ad\u03b4\u03c1\u03b9\u03bf \u03c4\u03bf\u03c5 The Economist \u03bc\u03af\u03bb\u03b7\u03c3\u03b5 \u03c7\u03b8\u03b5\u03c2 \u03bf Alexis Tsipras","UserName":"Dialogos","Date":"Sat May 16 05:17:41 +0000 2015","icon":"http:\/\/pbs.twimg.com\/profile_images\/578880992502366209\/Q_WA8E9K_normal.png","BelongsTo":"\u03a4\u03a3\u0399\u03a0\u03a1\u0391\u03a3","size":"small","name":"basic-graph"}],"links":[{"source":1,"target":0},{"source":2,"target":0},{"source":3,"target":0},{"source":4,"target":0},{"source":5,"target":0},{"source":6,"target":0},{"source":7,"target":0},{"source":8,"target":0},{"source":9,"target":0},{"source":10,"target":0},{"source":11,"target":0},{"source":12,"target":0},{"source":13,"target":0}]}