{"nodes":[{"Tweet":"Deputy","UserName":"\u039c\u0397\u03a4\u03a3\u039f\u03a4\u0391\u039a\u0397\u03a3","Date":"null","icon":"http:\/\/www.lifo.gr\/uploads\/image\/768220\/%CE%9C%CE%B7%CF%84%CF%83%CE%BF%CF%84%CE%AC%CE%BA%CE%B7%CF%824.jpg","BelongsTo":"null","size":"big","name":"basic-graph"},{"Tweet":"\u039f\u03cd\u03c4\u03b5 \u03ad\u03bd\u03b1 ISO \u03b4\u03b5 \u03bc\u03bf\u03c5 \u03ad\u03c7\u03bf\u03c5\u03bd \u03b4\u03ce\u03c3\u03b5\u03b9.","UserName":"Markos Poulakis","Date":"Mon May 18 16:44:02 +0000 2015","icon":"http:\/\/pbs.twimg.com\/profile_images\/533904827827249152\/yWPUo6Dw_normal.jpeg","BelongsTo":"\u039c\u0397\u03a4\u03a3\u039f\u03a4\u0391\u039a\u0397\u03a3","size":"small","name":"basic-graph"},{"Tweet":"\u0393\u03b9\u03b1 \u03c0\u03b5\u03c2 \u03ba\u03b9 \u03b5\u03c3\u03cd \u03c0\u03cc\u03c3\u03bf \u03b5\u03af\u03c7\u03b5\u03c2 \u03b3\u03c1\u03ac\u03c8\u03b5\u03b9 \u03c4\u03bf\u03b9\u03c7\u03bf\u03b3\u03c1\u03b1\u03c6\u03af\u03b1 \u03ba\u03b1\u03c4\u03b5\u03cd\u03b8\u03c5\u03bd\u03c3\u03b7\u03c2;","UserName":"\u00ae\u03ac\u03bd\u03b9\u03b1","Date":"Mon May 18 16:27:03 +0000 2015","icon":"http:\/\/pbs.twimg.com\/profile_images\/591316817622261761\/M31m3_b0_normal.jpg","BelongsTo":"\u039c\u0397\u03a4\u03a3\u039f\u03a4\u0391\u039a\u0397\u03a3","size":"small","name":"basic-graph"},{"Tweet":"Z\u03b5\u03b9\u03c2 \u03cc\u03bc\u03c9\u03c2 \u03a0\u03c1\u03cc\u03b5\u03b4\u03c1\u03b5!","UserName":"\u2605 spiral architect ","Date":"Mon May 18 16:19:57 +0000 2015","icon":"http:\/\/pbs.twimg.com\/profile_images\/491963271461629952\/6-OnhaMY_normal.png","BelongsTo":"\u039c\u0397\u03a4\u03a3\u039f\u03a4\u0391\u039a\u0397\u03a3","size":"small","name":"basic-graph"},{"Tweet":"\u039a\u03c5\u03c1. \u039c\u03b7\u03c4\u03c3\u03bf\u03c4\u03ac\u03ba\u03b7\u03c2: \"\u039a\u03ac\u03b8\u03b5\u03c4\u03b1 \u03b1\u03bd\u03c4\u03af\u03b8\u03b5\u03c4\u03bf\u03c2\" \u03c3\u03b5 \u03bf\u03c0\u03bf\u03b9\u03b1\u03b4\u03ae\u03c0\u03bf\u03c4\u03b5 \u03ac\u03bb\u03bb\u03b7 \u03c3\u03c4\u03ac\u03c3\u03b7 \u03c4\u03b7\u03c2 \u039d\u0394, \u03c0\u03bb\u03b7\u03bd \u03c4\u03b7\u03c2 \u03c5\u03c0\u03b5\u03c1\u03c8\u03ae\u03c6\u03b9\u03c3\u03b7\u03c2...","UserName":"\u039b\u03b1\u03bc\u03b9\u03b1\u03ba\u03cc\u03c2 \u03a4\u03cd\u03c0\u03bf\u03c2","Date":"Mon May 18 16:14:13 +0000 2015","icon":"http:\/\/pbs.twimg.com\/profile_images\/378800000514258970\/46315ebc18e271359e0912153f47de1e_normal.png","BelongsTo":"\u039c\u0397\u03a4\u03a3\u039f\u03a4\u0391\u039a\u0397\u03a3","size":"small","name":"basic-graph"},{"Tweet":"\u039a. \u039c\u03b7\u03c4\u03c3\u03bf\u03c4\u03ac\u03ba\u03b7\u03c2: \u0395\u03af\u03bd\u03b1\u03b9 \u03ba\u03b1\u03bb\u03cd\u03c4\u03b5\u03c1\u03b7 \u03bc\u03af\u03b1 \u03bc\u03ad\u03c4\u03c1\u03b9\u03b1 \u03c3\u03c5\u03bc\u03c6\u03c9\u03bd\u03af\u03b1 \u03b1\u03c0\u03cc... \u03bc\u03b7 \u03c3\u03c5\u03bc\u03c6\u03c9\u03bd\u03af\u03b1","UserName":"\u039a\u03c5\u03c1\u03b9\u03ac\u03ba\u03bf\u03c2 \u0392\u03b5\u03bb\u03cc\u03c0\u03bf\u03c5\u03bb\u03bf\u03c2","Date":"Mon May 18 16:05:00 +0000 2015","icon":"http:\/\/pbs.twimg.com\/profile_images\/573877036076437505\/6ZX-q3ns_normal.jpeg","BelongsTo":"\u039c\u0397\u03a4\u03a3\u039f\u03a4\u0391\u039a\u0397\u03a3","size":"small","name":"basic-graph"}],"links":[{"source":1,"target":0},{"source":2,"target":0},{"source":3,"target":0},{"source":4,"target":0},{"source":5,"target":0}]}