{"nodes":[{"Tweet":"Deputy","UserName":"\u03a4\u03a3\u0399\u03a0\u03a1\u0391\u03a3","Date":"null","icon":"http:\/\/asset.tovima.gr\/vimawebstatic\/\/4FD08321545B960CB4040B951F17DB40.jpg","BelongsTo":"null","size":"big","name":"basic-graph"},{"Tweet":"\u0393\u03b5\u03c1\u03bc\u03b1\u03bd\u03bf\u03af \u03b6\u03b7\u03c4\u03ac\u03bd\u03b5 \u03bd\u03b1 \u03c0\u03b1\u03c1\u03b1\u03b9\u03c4\u03b7\u03b8\u03b5\u03af \u03bf \u03a4\u03c3\u03af\u03c0\u03c1\u03b1\u03c2 \u2013 \u03a3\u03ac\u03bb\u03bf\u03c2 \u03bc\u03b5 \u03b4\u03b7\u03bc\u03bf\u03c3\u03af\u03b5\u03c5\u03bc\u03b1! -","UserName":"Athens Greece New","Date":"Mon May 18 17:00:45 +0000 2015","icon":"http:\/\/pbs.twimg.com\/profile_images\/2192558260\/athensipad_normal.png","BelongsTo":"\u03a4\u03a3\u0399\u03a0\u03a1\u0391\u03a3","size":"small","name":"basic-graph"},{"Tweet":"\u03a4\u03c3\u03af\u03c0\u03c1\u03b1\u03c2: \u00ab\u0392\u03c1\u03b9\u03c3\u03ba\u03cc\u03bc\u03b1\u03c3\u03c4\u03b5 \u03c3\u03c4\u03b7\u03bd \u03c4\u03b5\u03bb\u03b9\u03ba\u03ae \u03b5\u03c5\u03b8\u03b5\u03af\u03b1 \u03b3\u03b9\u03b1 \u03b1\u03bc\u03bf\u03b9\u03b2\u03b1\u03af\u03b1 \u03b5\u03c0\u03c9\u03c6\u03b5\u03bb\u03ae ... - \u0397 \u039a\u03b1\u03b8\u03b7\u03bc\u03b5\u03c1\u03b9\u03bd\u03ae","UserName":"\u60a3\u8005","Date":"Mon May 18 17:00:29 +0000 2015","icon":"http:\/\/pbs.twimg.com\/profile_images\/378800000420890240\/21ab37555efe7dc788a7c6341aa6c666_normal.jpeg","BelongsTo":"\u03a4\u03a3\u0399\u03a0\u03a1\u0391\u03a3","size":"small","name":"basic-graph"},{"Tweet":"\u0398\u03b1 \u03c0\u03c1\u03bf\u03c7\u03c9\u03c1\u03ae\u03c3\u03bf\u03c5\u03bc\u03b5 \u03c3\u03b5 \u03c3\u03c5\u03bc\u03b2\u03b9\u03b2\u03b1\u03c3\u03bc\u03bf\u03cd\u03c2 \u03bc\u03b5 \u03c4\u03bf\u03c5\u03c2 \u03b5\u03c4\u03b1\u03af\u03c1\u03bf\u03c5\u03c2 \u03bc\u03b1\u03c2","UserName":"DAN N. ANDREUU","Date":"Mon May 18 16:59:50 +0000 2015","icon":"http:\/\/pbs.twimg.com\/profile_images\/422746391954210816\/fchd7K2t_normal.jpeg","BelongsTo":"\u03a4\u03a3\u0399\u03a0\u03a1\u0391\u03a3","size":"small","name":"basic-graph"},{"Tweet":"\u03a4\u03bf \u03a7\u03a9\u039d\u0399 - \u03a4\u03c3\u03af\u03c0\u03c1\u03b1\u03c2 \u03b1\u03c0\u03cc \u03a3\u0395\u0392: \u00ab\u0395\u03af\u03bc\u03b1\u03c3\u03c4\u03b5 \u03c3\u03c4\u03b7\u03bd \u03c4\u03b5\u03bb\u03b9\u03ba\u03ae \u03b5\u03c5\u03b8\u03b5\u03af\u03b1 \u03b3\u03b9\u03b1 \u03b5\u03c0\u03c9\u03c6\u03b5\u03bb\u03ae \u03c3\u03c5\u03bc\u03c6\u03c9\u03bd\u03af\u03b1!\u00bb","UserName":"DAN N. ANDREUU","Date":"Mon May 18 16:59:35 +0000 2015","icon":"http:\/\/pbs.twimg.com\/profile_images\/422746391954210816\/fchd7K2t_normal.jpeg","BelongsTo":"\u03a4\u03a3\u0399\u03a0\u03a1\u0391\u03a3","size":"small","name":"basic-graph"},{"Tweet":"LIVE: \u039f \u0391\u03bb\u03ad\u03be\u03b7\u03c2 \u03a4\u03c3\u03af\u03c0\u03c1\u03b1\u03c2 \u03c3\u03c4\u03b7\u03bd \u03b5\u03c4\u03ae\u03c3\u03b9\u03b1 \u03c3\u03c5\u03bd\u03ad\u03bb\u03b5\u03c5\u03c3\u03b7 ... via","UserName":"\u039a\u03c9\u03c3\u03c4\u03b1\u03c2 \u03a0\u03b9\u03c6\u03ac\u03bd\u03b7\u03c2","Date":"Mon May 18 16:59:11 +0000 2015","icon":"http:\/\/pbs.twimg.com\/profile_images\/463677385867419650\/fnjUNimD_normal.jpeg","BelongsTo":"\u03a4\u03a3\u0399\u03a0\u03a1\u0391\u03a3","size":"small","name":"basic-graph"},{"Tweet":"\u0391\u03bb. \u03a4\u03c3\u03af\u03c0\u03c1\u03b1\u03c2: \u03a3\u03c4\u03b7\u03bd \u03c4\u03b5\u03bb\u03b9\u03ba\u03ae \u03b5\u03c5\u03b8\u03b5\u03af\u03b1 \u03b3\u03b9\u03b1 \u03c4\u03b7\u03bd \u03b5\u03c0\u03af\u03c4\u03b5\u03c5\u03be\u03b7 \u03b1\u03bc\u03bf\u03b9\u03b2\u03b1\u03af\u03b1 \u03b5\u03c0\u03c9\u03c6\u03b5\u03bb\u03bf\u03cd\u03c2\u00a0\u03c3\u03c5\u03bc\u03c6\u03c9\u03bd\u03af\u03b1\u03c2","UserName":"matrix24GR","Date":"Mon May 18 16:59:08 +0000 2015","icon":"http:\/\/pbs.twimg.com\/profile_images\/511900291554217984\/433NvVrk_normal.jpeg","BelongsTo":"\u03a4\u03a3\u0399\u03a0\u03a1\u0391\u03a3","size":"small","name":"basic-graph"},{"Tweet":"LIVE: \u039f \u0391\u03bb\u03ad\u03be\u03b7\u03c2 \u03a4\u03c3\u03af\u03c0\u03c1\u03b1\u03c2 \u03c3\u03c4\u03b7\u03bd \u03b5\u03c4\u03ae\u03c3\u03b9\u03b1 \u03c3\u03c5\u03bd\u03ad\u03bb\u03b5\u03c5\u03c3\u03b7 \u03bc ... via","UserName":"sniper elite","Date":"Mon May 18 16:59:05 +0000 2015","icon":"http:\/\/pbs.twimg.com\/profile_images\/477392004926550017\/X5IpYRLc_normal.png","BelongsTo":"\u03a4\u03a3\u0399\u03a0\u03a1\u0391\u03a3","size":"small","name":"basic-graph"},{"Tweet":"\u039f\u03b9 \u03c0\u03c5\u03bb\u03ce\u03bd\u03b5\u03c2 \u03b4\u03b5\u03bd \u03c0\u03ae\u03b3\u03b1\u03bd \u03ba\u03b1\u03bb\u03ac \u03ba\u03b1\u03b9 \u03c4\u03bf \u03b3\u03c5\u03c1\u03af\u03c3\u03b1\u03bc\u03b5 \u03c3\u03b5 \u03ac\u03be\u03bf\u03bd\u03b5\u03c2 \u03c4\u03ce\u03c1\u03b1.","UserName":"\u0393\u03b9\u03ce\u03c1\u03b3\u03bf\u03c2 \u0393\u03b1\u03b2\u03c1\u03b9\u03ae\u03bb","Date":"Mon May 18 16:58:59 +0000 2015","icon":"http:\/\/pbs.twimg.com\/profile_images\/598064992512937984\/bp13jOyv_normal.jpg","BelongsTo":"\u03a4\u03a3\u0399\u03a0\u03a1\u0391\u03a3","size":"small","name":"basic-graph"},{"Tweet":"\u03a4\u03c3\u03af\u03c0\u03c1\u03b1\u03c2: \u00ab\u0392\u03c1\u03b9\u03c3\u03ba\u03cc\u03bc\u03b1\u03c3\u03c4\u03b5 \u03c3\u03c4\u03b7\u03bd \u03c4\u03b5\u03bb\u03b9\u03ba\u03ae \u03b5\u03c5\u03b8\u03b5\u03af\u03b1 \u03b3\u03b9\u03b1 \u03b1\u03bc\u03bf\u03b9\u03b2\u03b1\u03af\u03b1 \u03b5\u03c0\u03c9\u03c6\u03b5\u03bb\u03ae \u03c3\u03c5\u03bc\u03c6\u03c9\u03bd\u03af\u03b1\u00bb","UserName":"Thanasis Koutoulas","Date":"Mon May 18 16:58:57 +0000 2015","icon":"http:\/\/pbs.twimg.com\/profile_images\/344513261568217446\/d31e46f6f388a2af4c558403dc8202d6_normal.jpeg","BelongsTo":"\u03a4\u03a3\u0399\u03a0\u03a1\u0391\u03a3","size":"small","name":"basic-graph"},{"Tweet":"\u03a4\u03c3\u03af\u03c0\u03c1\u03b1\u03c2: \u0392\u03c1\u03b9\u03c3\u03ba\u03cc\u03bc\u03b1\u03c3\u03c4\u03b5 \u03c3\u03b5 \u03ba\u03b1\u03c4\u03ac\u03c3\u03c4\u03b1\u03c3\u03b7 \u03b1\u03c3\u03c6\u03c5\u03be\u03af\u03b1\u03c2 \u03b1\u03bb\u03bb\u03ac \u03ad\u03c7\u03bf\u03c5\u03bc\u03b5 \u03c0\u03bb\u03b7\u03c1\u03ce\u03c3\u03b5\u03b9 \u03cc\u03bb\u03b5\u03c2 \u03c4\u03b9\u03c2 \u03c5\u03c0\u03bf\u03c7\u03c1\u03b5\u03ce\u03c3\u03b5\u03b9\u03c2 \u03bc\u03b1\u03c2","UserName":"Euro2day.gr","Date":"Mon May 18 16:57:24 +0000 2015","icon":"http:\/\/pbs.twimg.com\/profile_images\/770209213\/euro2day-twiter-logo_normal.png","BelongsTo":"\u03a4\u03a3\u0399\u03a0\u03a1\u0391\u03a3","size":"small","name":"basic-graph"},{"Tweet":"\u03a4\u03c3\u03af\u03c0\u03c1\u03b1\u03c2 \u03b1\u03c0\u03cc \u03a3\u0395\u0392: \u00ab\u0395\u03af\u03bc\u03b1\u03c3\u03c4\u03b5 \u03c3\u03c4\u03b7\u03bd \u03c4\u03b5\u03bb\u03b9\u03ba\u03ae \u03b5\u03c5\u03b8\u03b5\u03af\u03b1 \u03b3\u03b9\u03b1 \u03b5\u03c0\u03c9\u03c6\u03b5\u03bb\u03ae \u03c3\u03c5\u03bc\u03c6\u03c9\u03bd\u03af\u03b1!\u00bb","UserName":"toxwni","Date":"Mon May 18 16:55:55 +0000 2015","icon":"http:\/\/pbs.twimg.com\/profile_images\/2025069591\/sd_normal.jpg","BelongsTo":"\u03a4\u03a3\u0399\u03a0\u03a1\u0391\u03a3","size":"small","name":"basic-graph"},{"Tweet":"\u0394\u03b5\u03af\u03c4\u03b5 \u03c4\u03b7\u03bd \u03bf\u03bc\u03b9\u03bb\u03af\u03b1 \u03a4\u03c3\u03af\u03c0\u03c1\u03b1 \u03c3\u03c4\u03bf\u03bd \u03a3\u0395\u0392: \u0398\u03b1 \u03c0\u03c1\u03bf\u03c7\u03c9\u03c1\u03ae\u03c3\u03bf\u03c5\u03bc\u03b5 \u03c3\u03b5 \u03c3\u03c5\u03bc\u03b2\u03b9\u03b2\u03b1\u03c3\u03bc\u03bf\u03cd\u03c2 \u03bc\u03b5 \u03c4\u03bf\u03c5\u03c2 \u03b5\u03c4\u03b1\u03af\u03c1\u03bf\u03c5\u03c2 \u03bc\u03b1\u03c2","UserName":"\u03a0\u03a1\u03a9\u03a4\u039f \u0398\u0395\u039c\u0391","Date":"Mon May 18 16:54:59 +0000 2015","icon":"http:\/\/pbs.twimg.com\/profile_images\/2178389502\/thema_normal.png","BelongsTo":"\u03a4\u03a3\u0399\u03a0\u03a1\u0391\u03a3","size":"small","name":"basic-graph"},{"Tweet":"\u03a4\u03c3\u03af\u03c0\u03c1\u03b1\u03c2: \u03a5\u03c0\u03ac\u03c1\u03c7\u03bf\u03c5\u03bd \u03ba\u03cd\u03ba\u03bb\u03bf\u03b9 \u03c0\u03bf\u03c5 \u03b4\u03b5\u03bd \u03b8\u03ad\u03bb\u03bf\u03c5\u03bd \u03c3\u03c5\u03bc\u03c6\u03c9\u03bd\u03af\u03b1 \u03b3\u03b9\u03b1 \u03c4\u03b7\u03bd \u0395\u03bb\u03bb\u03ac\u03b4\u03b1","UserName":"Euro2day.gr","Date":"Mon May 18 16:54:57 +0000 2015","icon":"http:\/\/pbs.twimg.com\/profile_images\/770209213\/euro2day-twiter-logo_normal.png","BelongsTo":"\u03a4\u03a3\u0399\u03a0\u03a1\u0391\u03a3","size":"small","name":"basic-graph"},{"Tweet":"Live: \u039f \u0391\u03bb\u03ad\u03be\u03b7\u03c2 \u03a4\u03c3\u03af\u03c0\u03c1\u03b1\u03c2 \u03c3\u03c4\u03b7 \u0393\u03b5\u03bd\u03b9\u03ba\u03ae \u03a3\u03c5\u03bd\u03ad\u03bb\u03b5\u03c5\u03c3\u03b7 \u03c4\u03bf\u03c5 \u03a3\u0395\u0392","UserName":"\u0395\u03b9\u03c1\u03ae\u03bd\u03b7 \u039d\u03b9\u03ba\u03bf\u03bb\u03bf\u03c0\u03bf\u03cd\u03bb\u03bf\u03c5","Date":"Mon May 18 16:54:04 +0000 2015","icon":"http:\/\/pbs.twimg.com\/profile_images\/834861379\/n744534237_974089_1659_normal.jpg","BelongsTo":"\u03a4\u03a3\u0399\u03a0\u03a1\u0391\u03a3","size":"small","name":"basic-graph"},{"Tweet":"\u03a4\u03c3\u03af\u03c0\u03c1\u03b1\u03c2: \u0388\u03c7\u03bf\u03c5\u03bc\u03b5 \u03ba\u03b1\u03c4\u03b1\u03b8\u03ad\u03c3\u03b5\u03b9 \u03b1\u03bd\u03b1\u03bb\u03c5\u03c4\u03b9\u03ba\u03ad\u03c2 \u03c0\u03c1\u03bf\u03c4\u03ac\u03c3\u03b5\u03b9\u03c2 \u03c3\u03c4\u03bf\u03c5\u03c2 \u03b8\u03b5\u03c3\u03bc\u03bf\u03cd\u03c2","UserName":"Euro2day.gr","Date":"Mon May 18 16:53:07 +0000 2015","icon":"http:\/\/pbs.twimg.com\/profile_images\/770209213\/euro2day-twiter-logo_normal.png","BelongsTo":"\u03a4\u03a3\u0399\u03a0\u03a1\u0391\u03a3","size":"small","name":"basic-graph"},{"Tweet":"\u03a4\u03c3\u03af\u03c0\u03c1\u03b1\u03c2: \u0398\u03b1 \u03c0\u03c1\u03bf\u03c7\u03c9\u03c1\u03ae\u03c3\u03bf\u03c5\u03bc\u03b5 \u03c3\u03b5 \u03c3\u03c5\u03bc\u03b2\u03b9\u03b2\u03b1\u03c3\u03bc\u03bf\u03cd\u03c2 \u03bc\u03b5 \u03c4\u03bf\u03c5\u03c2 \u03b5\u03c4\u03b1\u03af\u03c1\u03bf\u03c5\u03c2 \u03bc\u03b1\u03c2","UserName":"Takis Hadjigeorgiou","Date":"Mon May 18 16:52:29 +0000 2015","icon":"http:\/\/pbs.twimg.com\/profile_images\/2704870874\/1989ccc7e9427cc035aeeb142bf77c37_normal.jpeg","BelongsTo":"\u03a4\u03a3\u0399\u03a0\u03a1\u0391\u03a3","size":"small","name":"basic-graph"}],"links":[{"source":1,"target":0},{"source":2,"target":0},{"source":3,"target":0},{"source":4,"target":0},{"source":5,"target":0},{"source":6,"target":0},{"source":7,"target":0},{"source":8,"target":0},{"source":9,"target":0},{"source":10,"target":0},{"source":11,"target":0},{"source":12,"target":0},{"source":13,"target":0},{"source":14,"target":0},{"source":15,"target":0},{"source":16,"target":0}]}