{"nodes":[{"name":"main","size":"big","icon":"..\/backend\/assets\/center.png","Type":"M"},{"name":"\u0396\u03a9\u0397 \u039a\u03a9\u039d\u03a3\u03a4\u0391\u039d\u03a4\u039f\u03a0\u039f\u03a5\u039b\u039f\u03a5","size":"small","icon":"http:\/\/www.thetoc.gr\/images\/articles\/1\/article_35092\/pantreuetai-i-zwi-kwnstantopoulou.w_l.jpg","Type":"D"},{"name":"??????","size":"normal","icon":"\/PoliticalTweets\/backend\/assets\/","Type":"P"},{"name":"\u0391\u039d\u03a4\u03a9\u039d\u0399\u039f\u03a3 \u03a3\u0391\u039c\u0391\u03a1\u0391\u03a3","size":"small","icon":"http:\/\/upload.wikimedia.org\/wikipedia\/commons\/d\/d9\/Antonis_Samaras_October_2014.jpg","Type":"D"},{"name":"\u0391\u039b\u0395\u039e\u0399\u039f\u03a3 \u03a4\u03a3\u0399\u03a0\u03a1\u0391\u03a3","size":"small","icon":"http:\/\/asset.tovima.gr\/vimawebstatic\/\/4FD08321545B960CB4040B951F17DB40.jpg","Type":"D"},{"name":"\u0394\u0397\u039c\u0397\u03a4\u03a1\u0399\u039f\u03a3 \u039a\u03a9\u039d\u03a3\u03a4\u0391\u039d\u03a4\u039f\u03a0\u039f\u03a5\u039b\u039f\u03a3","size":"small","icon":"http:\/\/www.vouliwatch.gr\/wp-content\/uploads\/2015\/02\/KonstantopoulosDimitis.jpg","Type":"D"}],"links":[{"source":2,"target":1},{"source":0,"target":2},{"source":0,"target":2},{"source":2,"target":3},{"source":0,"target":2},{"source":2,"target":4},{"source":0,"target":2},{"source":2,"target":5}]}