{"nodes":[{"Tweet":"Deputy","UserName":"\u03a3\u0391\u039c\u0391\u03a1\u0391\u03a3","Date":"null","icon":"http:\/\/upload.wikimedia.org\/wikipedia\/commons\/d\/d9\/Antonis_Samaras_October_2014.jpg","BelongsTo":"null","size":"big","name":"basic-graph"},{"Tweet":"KKE : \u0391\u03bd\u03c4. \u03a3\u03b1\u03bc\u03b1\u03c1\u03ac\u03c2: \u0394\u03b5\u03bd \u03ba\u03bb\u03b5\u03af\u03bd\u03bf\u03c5\u03bc\u03b5 \u03c4\u03b7\u03bd \u03c0\u03cc\u03c1\u03c4\u03b1 \u03c4\u03b7\u03c2 \u03c3\u03c5\u03bd\u03b5\u03bd\u03bd\u03cc\u03b7\u03c3\u03b7\u03c2 \u03bc\u03b5 \u03c4\u03bf\u03bd \u0391\u03bb\u03ad\u03be\u03b7 \u03a4\u03c3\u03af\u03c0\u03c1\u03b1 via","UserName":"\u039c\u03b1\u03c1\u03af\u03b1","Date":"Mon May 18 15:59:11 +0000 2015","icon":"http:\/\/pbs.twimg.com\/profile_images\/1775193749\/avatar_713_normal.jpg","BelongsTo":"\u03a3\u0391\u039c\u0391\u03a1\u0391\u03a3","size":"small","name":"basic-graph"},{"Tweet":"\u0391\u039d\u0395\u039b: \u03a3\u03b5 \u03c1\u03cc\u03bb\u03bf \u039a\u03b1\u03c3\u03c3\u03ac\u03bd\u03b4\u03c1\u03b1\u03c2 o \u03ba. \u03a3\u03b1\u03bc\u03b1\u03c1\u03ac\u03c2-\u039d\u0394: \u039b\u03af\u03b3\u03bf\u03b9 \u03ba\u03b1\u03b9\u00a0\u03ba\u03b1\u03ba\u03bf\u03ae\u03b8\u03b5\u03b9\u03c2","UserName":"\u03b7 \u03b4\u03b7\u03bc\u03bf\u03ba\u03c1\u03b1\u03c4\u03b9\u03ba\u03ae ","Date":"Mon May 18 15:57:29 +0000 2015","icon":"http:\/\/pbs.twimg.com\/profile_images\/590042449885683712\/LmMcS-q__normal.png","BelongsTo":"\u03a3\u0391\u039c\u0391\u03a1\u0391\u03a3","size":"small","name":"basic-graph"},{"Tweet":"\u0394\u03b9\u03b1\u03c8\u03b5\u03cd\u03b4\u03b5\u03b9 \u03b7 \u039a\u03bf\u03bc\u03b9\u03c3\u03b9\u03cc\u03bd \u03c4\u03bf \u03a4\u03b1 \"\u03c4\u03c3\u03cc\u03bb\u03b9\u03b1\" \u03c4\u03b7\u03c2 \u03a3\u03c5\u03b3\u03b3\u03c1\u03bf\u03cd","UserName":"Paul Tomsen","Date":"Mon May 18 15:56:41 +0000 2015","icon":"http:\/\/pbs.twimg.com\/profile_images\/378800000796720310\/5883ab5e86ef201898a87a1e6956ce87_normal.jpeg","BelongsTo":"\u03a3\u0391\u039c\u0391\u03a1\u0391\u03a3","size":"small","name":"basic-graph"},{"Tweet":"\u03a3\u03b1\u03bc\u03b1\u03c1\u03ac\u03c2: \u00ab\u0394\u03b5\u03bd \u03b8\u03b1 \u03b4\u03b5\u03c3\u03bc\u03b5\u03c5\u03b8\u03bf\u03cd\u03bc\u03b5 \u03cc\u03c4\u03b9 \u03b8\u03b1 \u03c8\u03b7\u03c6\u03af\u03c3\u03bf\u03c5\u03bc\u03b5 \u03ba\u03ac\u03c4\u03b9 \u03c0\u03bf\u03c5 \u03b1\u03ba\u03cc\u03bc\u03b7 \u03b4\u03b5\u03bd \u03b5\u03af\u03b4\u03b1\u03bc\u03b5\u00bb via","UserName":"TA NEA","Date":"Mon May 18 15:54:10 +0000 2015","icon":"http:\/\/pbs.twimg.com\/profile_images\/3286964334\/39493cf350e7b69d594378384844e94d_normal.png","BelongsTo":"\u03a3\u0391\u039c\u0391\u03a1\u0391\u03a3","size":"small","name":"basic-graph"},{"Tweet":"\u03a3\u03b1\u03bc\u03b1\u03c1\u03ac\u03c2: \u00ab\u0394\u03b5\u03bd \u03b8\u03b1 \u03ba\u03bb\u03b5\u03af\u03c3\u03bf\u03c5\u03bc\u03b5 \u03c4\u03b7\u03bd \u03c0\u03cc\u03c1\u03c4\u03b1 \u03c3\u03c4\u03b7\u03bd \u03b1\u03bd\u03ac\u03b3\u03ba\u03b7 \u03b5\u03b8\u03bd\u03b9\u03ba\u03ae\u03c2 \u03c3\u03c5\u03bd\u03b5\u03bd\u03bd\u03cc\u03b7\u03c3\u03b7\u03c2\u00bb","UserName":"\u039d\u039f\u0394\u0395 \u0397\u03c1\u03b1\u03ba\u03bb\u03b5\u03af\u03bf\u03c5","Date":"Mon May 18 15:45:06 +0000 2015","icon":"http:\/\/pbs.twimg.com\/profile_images\/584383036722143232\/vJ6iUJoP_normal.jpg","BelongsTo":"\u03a3\u0391\u039c\u0391\u03a1\u0391\u03a3","size":"small","name":"basic-graph"},{"Tweet":"\u03a3\u03b1\u03bc\u03b1\u03c1\u03ac\u03c2 \u03b3\u03b9\u03b1 \u03c3\u03c5\u03bc\u03c6\u03c9\u03bd\u03af\u03b1: \u0394\u03b5\u03bd \u03b8\u03b1 \u03c8\u03b7\u03c6\u03af\u03c3\u03bf\u03c5\u03bc\u03b5 \u03ba\u03ac\u03c4\u03b9 \u03c0\u03bf\u03c5 \u03b1\u03ba\u03cc\u03bc\u03b1 \u03b4\u03b5\u03bd \u03b5\u03af\u03b4\u03b1\u03bc\u03b5","UserName":"TV \u03a7\u03c9\u03c1\u03af\u03c2 \u03a3\u03cd\u03bd\u03bf\u03c1\u03b1","Date":"Mon May 18 15:39:24 +0000 2015","icon":"http:\/\/pbs.twimg.com\/profile_images\/573121355123585024\/0FVzxYLU_normal.png","BelongsTo":"\u03a3\u0391\u039c\u0391\u03a1\u0391\u03a3","size":"small","name":"basic-graph"},{"Tweet":"\u0391\u03bb\u03bb\u03ac \u03bc\u03bf\u03c5 \u03b1\u03c1\u03ad\u03c3\u03b5\u03b9 Samaras \u03c0\u03b5\u03c1\u03b9\u03c3\u03c3\u03cc\u03c4\u03b5\u03c1\u03b1... \u03bb\u03b9\u03c0\u03b1\u03c1\u03ac \u03bc\u03b1\u03bb\u03bb\u03b9\u03ac \u03ba\u03b1\u03b9 \u03c4\u03b7\u03bd \u03b3\u03b5\u03bd\u03b5\u03b9\u03ac\u03b4\u03b1 \u03c4\u03bf\u03c5 \u03b5\u03af\u03bd\u03b1\u03b9 \u03c7\u03b1\u03c1\u03b9\u03c4\u03c9\u03bc\u03ad\u03bd\u03bf, soso \u03c0\u03b1\u03af\u03ba\u03c4\u03b7\u03c2","UserName":"joviAD73","Date":"Mon May 18 15:28:44 +0000 2015","icon":"http:\/\/pbs.twimg.com\/profile_images\/600319383664074753\/2qWjvfYm_normal.jpg","BelongsTo":"\u03a3\u0391\u039c\u0391\u03a1\u0391\u03a3","size":"small","name":"basic-graph"},{"Tweet":"\u0391\u03c0\u03af\u03c3\u03c4\u03b5\u03c5\u03c4\u03bf: \u03a3\u03b1\u03bc\u03b1\u03c1\u03ac\u03c2 \u03ba\u03b1\u03b9 \u0392\u03b5\u03bd\u03b9\u03b6\u03ad\u03bb\u03bf\u03c2 \u03ad\u03b4\u03b9\u03bd\u03b1\u03bd \u03bb\u03ac\u03b8\u03bf\u03c2 \u03c3\u03c4\u03bf\u03b9\u03c7\u03b5\u03af\u03b1 \u03c3\u03c4\u03bf \u0394\u039d\u03a4 \u03b3\u03b9\u03b1 \u03c4\u03bf \u03b1\u03c3\u03c6\u03b1\u03bb\u03b9\u03c3\u03c4\u03b9\u03ba\u03cc","UserName":"george stefanopoulos","Date":"Mon May 18 15:28:04 +0000 2015","icon":"http:\/\/pbs.twimg.com\/profile_images\/440156533741993985\/gnX6hJct_normal.jpeg","BelongsTo":"\u03a3\u0391\u039c\u0391\u03a1\u0391\u03a3","size":"small","name":"basic-graph"},{"Tweet":"\u03a3\u03b1\u03bc\u03b1\u03c1\u03ac\u03c2: \u0397 \u03c7\u03ce\u03c1\u03b1 \u03b2\u03c1\u03af\u03c3\u03ba\u03b5\u03c4\u03b1\u03b9 \u03c3\u03c4\u03b7\u03bd \u03c0\u03b9\u03bf \u03ba\u03c1\u03af\u03c3\u03b9\u03bc\u03b7 \u03b8\u03ad\u03c3\u03b7 - \u0388\u03c7\u03b5\u03b9 ... via","UserName":"\u039a\u03c9\u03c3\u03c4\u03b1\u03c2 \u03a0\u03b9\u03c6\u03ac\u03bd\u03b7\u03c2","Date":"Mon May 18 15:00:17 +0000 2015","icon":"http:\/\/pbs.twimg.com\/profile_images\/463677385867419650\/fnjUNimD_normal.jpeg","BelongsTo":"\u03a3\u0391\u039c\u0391\u03a1\u0391\u03a3","size":"small","name":"basic-graph"},{"Tweet":"\u03a3\u03b1\u03bc\u03b1\u03c1\u03ac\u03c2 \u03c3\u03c4\u03bf\u03bd \u03a3\u0395\u0392: \u0394\u03b5\u03bd \u03b8\u03b1 \u03b4\u03b5\u03c3\u03bc\u03b5\u03c5\u03b8\u03bf\u03cd\u03bc\u03b5 \u03cc\u03c4\u03b9 \u03b8\u03b1 \u03c8\u03b7\u03c6\u03af\u03c3\u03bf\u03c5\u03bc\u03b5 \u03ba\u03ac\u03c4\u03b9 \u03c0\u03bf\u03c5 \u03b1\u03ba\u03cc\u03bc\u03b7 \u03b4\u03b5\u03bd \u03b5\u03af\u03b4\u03b1\u03bc\u03b5","UserName":"\u0391\u03a0\u0395-\u039c\u03a0\u0395","Date":"Mon May 18 14:59:40 +0000 2015","icon":"http:\/\/pbs.twimg.com\/profile_images\/3474640049\/548e1382556a95f69793543f30a5e636_normal.jpeg","BelongsTo":"\u03a3\u0391\u039c\u0391\u03a1\u0391\u03a3","size":"small","name":"basic-graph"},{"Tweet":"\u0388\u03c7\u03b5\u03b9 \u03b4\u03af\u03ba\u03b9\u03bf \u03bf \u03a3\u03b1\u03bc\u03b1\u03c1\u03ac\u03c2\u2026","UserName":"Newsbomb Economy ","Date":"Mon May 18 14:49:16 +0000 2015","icon":"http:\/\/pbs.twimg.com\/profile_images\/568368129248464896\/7t8YQ1lh_normal.jpeg","BelongsTo":"\u03a3\u0391\u039c\u0391\u03a1\u0391\u03a3","size":"small","name":"basic-graph"},{"Tweet":"\u039a\u03b1\u03b9\u03c1\u03cc\u03c2 \u03ae\u03c4\u03b1\u03bd... \u039e\u03b5\u03ba\u03b1\u03b8\u03b1\u03c1\u03af\u03b6\u03b5\u03b9 \u03bf \u00ab\u038c\u03c7\u03b9\u00bb \u03c3\u03b5 \u03c3\u03c5\u03bc\u03c6\u03c9\u03bd\u03af\u03b1 \u03bc\u03b5 \u03b1\u03cd\u03be\u03b7\u03c3\u03b7 \u03c6\u03cc\u03c1\u03c9\u03bd ... \u0394\u03b5\u03bd \u03b4\u03ad\u03c7\u03b8\u03b7\u03ba\u03b1\u03bd \u03c4\u03bf \"mail\" \u03a7\u03b1\u03c1\u03b4\u03bf\u03cd\u03b2\u03b5\u03bb\u03b7 \u03c0\u03c9\u03c2 \u03bd\u2026","UserName":"olga","Date":"Mon May 18 14:44:45 +0000 2015","icon":"http:\/\/pbs.twimg.com\/profile_images\/570559172577763328\/9phLeBxQ_normal.jpeg","BelongsTo":"\u03a3\u0391\u039c\u0391\u03a1\u0391\u03a3","size":"small","name":"basic-graph"}],"links":[{"source":1,"target":0},{"source":2,"target":0},{"source":3,"target":0},{"source":4,"target":0},{"source":5,"target":0},{"source":6,"target":0},{"source":7,"target":0},{"source":8,"target":0},{"source":9,"target":0},{"source":10,"target":0},{"source":11,"target":0},{"source":12,"target":0}]}