{"nodes":[{"Tweet":"Deputy","UserName":"\u03a4\u03a3\u0399\u03a0\u03a1\u0391\u03a3","Date":"null","icon":"http:\/\/asset.tovima.gr\/vimawebstatic\/\/4FD08321545B960CB4040B951F17DB40.jpg","BelongsTo":"null","size":"big","name":"basic-graph"},{"Tweet":"\u03a4\u03c3\u03af\u03c0\u03c1\u03b1\u03c2: \u03a4\u03b7 \u0394\u03b5\u03c5\u03c4\u03ad\u03c1\u03b1 \u03b1\u03bd\u03bf\u03af\u03b3\u03b5\u03b9 \u03b7 \u0395\u03a1\u03a4\u00a0[photo]","UserName":"Giapraki Kozani","Date":"Mon May 18 15:59:05 +0000 2015","icon":"http:\/\/abs.twimg.com\/sticky\/default_profile_images\/default_profile_5_normal.png","BelongsTo":"\u03a4\u03a3\u0399\u03a0\u03a1\u0391\u03a3","size":"small","name":"basic-graph"},{"Tweet":"\u0397 Frankfurter Allgemeine Zeitung -\u03bb\u03ad\u03b3\u03b5 \u03bc\u03b5 \u03bc\u03ad\u03c3\u03b1 \u03c3\u03c4\u03b7\u03bd \u03b1\u03b9\u03c3\u03b9\u03bf\u03b4\u03bf\u03be\u03af\u03b1: \"\u039d\u03b1 \u03b1\u03c0\u03bf\u03c7\u03c9\u03c1\u03ae\u03c3\u03b5\u03b9 \u03bf \u03a4\u03c3\u03af\u03c0\u03c1\u03b1\u03c2 \u03c0\u03c1\u03b9\u03bd \u03c4\u03b7\u03bd \u03ba\u03b1\u03c4\u03ac\u03c1\u03c1\u03b5\u03c5\u03c3\u03b7\".","UserName":"The TOC","Date":"Mon May 18 15:55:28 +0000 2015","icon":"http:\/\/pbs.twimg.com\/profile_images\/430757483401850880\/RDLm9u70_normal.jpeg","BelongsTo":"\u03a4\u03a3\u0399\u03a0\u03a1\u0391\u03a3","size":"small","name":"basic-graph"},{"Tweet":"\u03a4\u03c3\u03af\u03c0\u03c1\u03b1\u03c2: \u03a4\u03b7 \u0394\u03b5\u03c5\u03c4\u03ad\u03c1\u03b1 \u03b1\u03bd\u03bf\u03af\u03b3\u03b5\u03b9 \u03b7 \u0395\u03a1\u03a4 [photo] -","UserName":"Lentulus Batiatus","Date":"Mon May 18 15:55:25 +0000 2015","icon":"http:\/\/pbs.twimg.com\/profile_images\/496696777664262145\/oLgEnyV__normal.jpeg","BelongsTo":"\u03a4\u03a3\u0399\u03a0\u03a1\u0391\u03a3","size":"small","name":"basic-graph"},{"Tweet":"\u0393\u03b5\u03c1\u03bc\u03b1\u03bd\u03bf\u03af \u03b6\u03b7\u03c4\u03ac\u03bd\u03b5 \u03bd\u03b1 \u03c0\u03b1\u03c1\u03b1\u03b9\u03c4\u03b7\u03b8\u03b5\u03af \u03bf \u03a4\u03c3\u03af\u03c0\u03c1\u03b1\u03c2 \u2013 \u03a3\u03ac\u03bb\u03bf\u03c2 \u03bc\u03b5 \u03b4\u03b7\u03bc\u03bf\u03c3\u03af\u03b5\u03c5\u03bc\u03b1! via","UserName":"George Man","Date":"Mon May 18 15:44:58 +0000 2015","icon":"http:\/\/pbs.twimg.com\/profile_images\/516642377457348608\/WD4UzfE__normal.jpeg","BelongsTo":"\u03a4\u03a3\u0399\u03a0\u03a1\u0391\u03a3","size":"small","name":"basic-graph"},{"Tweet":"\u038c\u03c0\u03c9\u03c2 \u03ba\u03b1\u03b9 \u03bd\u03b1 \u03c7\u03b5\u03b9 \u03c0\u03ac\u03bd\u03c4\u03c9\u03c2 \u03ad\u03c7\u03bf\u03c5\u03bc\u03b5 \u03bc\u03ac\u03c7\u03b7!","UserName":"Underdog","Date":"Mon May 18 15:41:43 +0000 2015","icon":"http:\/\/pbs.twimg.com\/profile_images\/586592398018490369\/6d-dzBq7_normal.jpg","BelongsTo":"\u03a4\u03a3\u0399\u03a0\u03a1\u0391\u03a3","size":"small","name":"basic-graph"},{"Tweet":"\u039f\u03bb\u03b1 \u03c4\u03b1 \u03b5\u03b9\u03c7\u03b5 \u03b7 \u039c\u03b1\u03c1\u03b9\u03c9\u03c1\u03ae, \u03bf \u03c6\u03b5\u03c1\u03b5\u03c4\u03b6\u03ad\u03c2 \u03c4\u03b7\u03c2 \u03ad\u03bb\u03b5\u03b9\u03c0\u03b5 ... \u0386\u03c3\u03b5 \u03bc\u03b1\u03c2 \u03c1\u03b5","UserName":"Dim_Zaharakis","Date":"Mon May 18 15:39:33 +0000 2015","icon":"http:\/\/pbs.twimg.com\/profile_images\/599940368906526721\/A62-oTC6_normal.jpg","BelongsTo":"\u03a4\u03a3\u0399\u03a0\u03a1\u0391\u03a3","size":"small","name":"basic-graph"},{"Tweet":"\u0394\u03b5\u03bd \u03ad\u03c7\u03b5\u03b9 \u03bb\u03b5\u03c6\u03c4\u03ac \u03b3\u03b9\u03b1 \u03bc\u03b9\u03c3\u03b8\u03bf\u03cd\u03c2,\u03c3\u03c5\u03bd\u03c4\u03ac\u03be\u03b5\u03b9\u03c2, \u03b4\u03cc\u03c3\u03b7 &amp; \u03b8\u03b1 \u03bc\u03c0\u03b5\u03b9 \u03bc\u03ad\u03c4\u03bf\u03c7\u03bf\u03c2 \u03bc\u03b5 2 \u03b4\u03b9\u03c2. \u20ac \u03c3\u03c4\u03b7\u03bd \u03c4\u03c1\u03ac\u03c0\u03b5\u03b6\u03b1 ht\u2026","UserName":"\u03c0\u03b7\u03b3\u03ae \u03c7\u03b1\u03c1\u03ac\u03c2","Date":"Mon May 18 15:37:59 +0000 2015","icon":"http:\/\/pbs.twimg.com\/profile_images\/594131411038248960\/VTinlmuz_normal.jpg","BelongsTo":"\u03a4\u03a3\u0399\u03a0\u03a1\u0391\u03a3","size":"small","name":"basic-graph"},{"Tweet":"\u0393\u03b5\u03c1\u03bc\u03b1\u03bd\u03bf\u03af \u03b6\u03b7\u03c4\u03ac\u03bd\u03b5 \u03bd\u03b1 \u03c0\u03b1\u03c1\u03b1\u03b9\u03c4\u03b7\u03b8\u03b5\u03af \u03bf \u03a4\u03c3\u03af\u03c0\u03c1\u03b1\u03c2 \u2013 \u03a3\u03ac\u03bb\u03bf\u03c2 \u03bc\u03b5 \u03b4\u03b7\u03bc\u03bf\u03c3\u03af\u03b5\u03c5\u03bc\u03b1!","UserName":"tribune","Date":"Mon May 18 15:37:23 +0000 2015","icon":"http:\/\/pbs.twimg.com\/profile_images\/423569587414634496\/RbN3zYU9_normal.jpeg","BelongsTo":"\u03a4\u03a3\u0399\u03a0\u03a1\u0391\u03a3","size":"small","name":"basic-graph"},{"Tweet":"\u0391\u03c0\u03cc \u03c4\u03bf\u03c5\u03c2 \u03c0\u03b9\u03bf \u03c3\u03ad\u03be\u03b9 \u03b7\u03b3\u03ad\u03c4\u03b5\u03c2 \u03c4\u03bf\u03c5 \u03ba\u03cc\u03c3\u03bc\u03bf\u03c5 \u03bf \u0391\u03bb\u03ad\u03be\u03b7\u03c2 \u03a4\u03c3\u03af\u03c0\u03c1\u03b1\u03c2 via","UserName":"Antenna News","Date":"Mon May 18 15:34:57 +0000 2015","icon":"http:\/\/pbs.twimg.com\/profile_images\/522717332980776962\/Ad9VZLaz_normal.jpeg","BelongsTo":"\u03a4\u03a3\u0399\u03a0\u03a1\u0391\u03a3","size":"small","name":"basic-graph"}],"links":[{"source":1,"target":0},{"source":2,"target":0},{"source":3,"target":0},{"source":4,"target":0},{"source":5,"target":0},{"source":6,"target":0},{"source":7,"target":0},{"source":8,"target":0},{"source":9,"target":0}]}