{"nodes":[{"Tweet":"Deputy","UserName":"\u039c\u0397\u03a4\u03a1\u039f\u03a0\u039f\u03a5\u039b\u039f\u03a3","Date":"null","icon":"http:\/\/www.eklogika.gr\/uploads\/files\/vouleutes-new\/mitropoulos.jpg","BelongsTo":"null","size":"big","name":"basic-graph"},{"Tweet":"\u039c\u03b7\u03c4\u03c1\u03cc\u03c0\u03bf\u03c5\u03bb\u03bf\u03c2: \u0395\u03af\u03c7\u03b1\u03bc\u03b5 \u03c5\u03c0\u03b5\u03c1\u03b2\u03ac\u03bb\u03b5\u03b9 \u03c3\u03c4\u03b7\u03bd \u03c0\u03c1\u03bf\u03b5\u03ba\u03bb\u03bf\u03b3\u03b9\u03ba\u03ae \u03c0\u03b5\u03c1\u03af\u03bf\u03b4\u03bf: \u00ab\u0398\u03b1 \u03ba\u03ac\u03bd\u03c9 \u03cc,\u03c4\u03b9 \u03c0\u03b5\u03c1\u03bd\u03ac\u03b5\u03b9 \u03b1\u03c0\u03cc \u03c4\u03bf \u03c7\u03ad\u03c1\u03b9 \u03bc\u03bf\u03c5 \u03b3\u03b9\u03b1 \u03bd\u03b1 \u03c0\u03b5\u03af\u03c3\u03c9 \u03c4\u03bf\u03bd...","UserName":"TA NEA online","Date":"Thu May 14 05:54:47 +0000 2015","icon":"http:\/\/pbs.twimg.com\/profile_images\/485400295988400129\/ollRCYGf_normal.png","BelongsTo":"\u039c\u0397\u03a4\u03a1\u039f\u03a0\u039f\u03a5\u039b\u039f\u03a3","size":"small","name":"basic-graph"},{"Tweet":"\u03a5\u03c0\u03b5\u03c1\u03b2\u03ac\u03bb\u03b1\u03bc\u03b5 \u03c0\u03c1\u03bf\u03b5\u03ba\u03bb\u03bf\u03b3\u03b9\u03ba\u03ac \u03bb\u03ad\u03b5\u03b9 \u03c4\u03ce\u03c1\u03b1 \u03bf \u0391\u03bb\u03ad\u03be\u03b7\u03c2 \u039c\u03b7\u03c4\u03c1\u03cc\u03c0\u03bf\u03c5\u03bb\u03bf\u03c2, \u03b3\u03bd\u03c9\u03c3\u03c4\u03cc\u03c2 \u03ba\u03b1\u03b9 \u03c9\u03c2 \u00ab\u03c3\u03b5\u03b9\u03c3\u03ac\u03c7\u03b8\u03b5\u03b9\u03b1\u03c2\u00bb \u2014 KoolNews via \u2026","UserName":"Aliki Fotiou","Date":"Thu May 14 05:48:32 +0000 2015","icon":"http:\/\/pbs.twimg.com\/profile_images\/378800000125275586\/ba8d74c640e14620fe6be74941587697_normal.jpeg","BelongsTo":"\u039c\u0397\u03a4\u03a1\u039f\u03a0\u039f\u03a5\u039b\u039f\u03a3","size":"small","name":"basic-graph"},{"Tweet":"\u039c\u03b7\u03c4\u03c1\u03cc\u03c0\u03bf\u03c5\u03bb\u03bf\u03c2: \u0395\u03af\u03c7\u03b1\u03bc\u03b5 \u03c5\u03c0\u03b5\u03c1\u03b2\u03ac\u03bb\u03b5\u03b9 \u03c3\u03c4\u03b7\u03bd \u03c0\u03c1\u03bf\u03b5\u03ba\u03bb\u03bf\u03b3\u03b9\u03ba\u03ae \u03c0\u03b5\u03c1\u03af\u03bf\u03b4\u03bf via","UserName":"Kokomos","Date":"Thu May 14 05:44:28 +0000 2015","icon":"http:\/\/pbs.twimg.com\/profile_images\/592469787701219328\/OwtY81ti_normal.jpg","BelongsTo":"\u039c\u0397\u03a4\u03a1\u039f\u03a0\u039f\u03a5\u039b\u039f\u03a3","size":"small","name":"basic-graph"},{"Tweet":"\u03a5\u03c0\u03b5\u03c1\u03b2\u03ac\u03bb\u03b1\u03bc\u03b5 \u03c0\u03c1\u03bf\u03b5\u03ba\u03bb\u03bf\u03b3\u03b9\u03ba\u03ac \u03bb\u03ad\u03b5\u03b9 \u03c4\u03ce\u03c1\u03b1 \u03bf \u0391\u03bb\u03ad\u03be\u03b7\u03c2 \u039c\u03b7\u03c4\u03c1\u03cc\u03c0\u03bf\u03c5\u03bb\u03bf\u03c2, \u03b3\u03bd\u03c9\u03c3\u03c4\u03cc\u03c2 \u03ba\u03b1\u03b9 \u03c9\u03c2 \u00ab\u03c3\u03b5\u03b9\u03c3\u03ac\u03c7\u03b8\u03b5\u03b9\u03b1\u03c2\u00bb \u2014 KoolNews via","UserName":"Koolnews.gr","Date":"Thu May 14 05:42:37 +0000 2015","icon":"http:\/\/pbs.twimg.com\/profile_images\/2965248541\/64c2960ad6ddd5a31545717746885827_normal.png","BelongsTo":"\u039c\u0397\u03a4\u03a1\u039f\u03a0\u039f\u03a5\u039b\u039f\u03a3","size":"small","name":"basic-graph"},{"Tweet":"\u039c\u03b7\u03c4\u03c1\u03cc\u03c0\u03bf\u03c5\u03bb\u03bf\u03c2: \u0395\u03af\u03c7\u03b1\u03bc\u03b5 \u03c5\u03c0\u03b5\u03c1\u03b2\u03ac\u03bb\u03b5\u03b9 \u03c3\u03c4\u03b7\u03bd \u03c0\u03c1\u03bf\u03b5\u03ba\u03bb\u03bf\u03b3\u03b9\u03ba\u03ae \u03c0\u03b5\u03c1\u03af\u03bf\u03b4\u03bf","UserName":"TA NEA online","Date":"Thu May 14 05:41:26 +0000 2015","icon":"http:\/\/pbs.twimg.com\/profile_images\/485400295988400129\/ollRCYGf_normal.png","BelongsTo":"\u039c\u0397\u03a4\u03a1\u039f\u03a0\u039f\u03a5\u039b\u039f\u03a3","size":"small","name":"basic-graph"},{"Tweet":"\u039c\u03b7\u03c4\u03c1\u03cc\u03c0\u03bf\u03c5\u03bb\u03bf\u03c2: \u03a5\u03c0\u03b5\u03c1\u03b2\u03ac\u03bb\u03b1\u03bc\u03b5 \u03c0\u03c1\u03bf\u03b5\u03ba\u03bb\u03bf\u03b3\u03b9\u03ba\u03ac","UserName":"theodoros kitsos","Date":"Thu May 14 05:32:18 +0000 2015","icon":"http:\/\/abs.twimg.com\/sticky\/default_profile_images\/default_profile_0_normal.png","BelongsTo":"\u039c\u0397\u03a4\u03a1\u039f\u03a0\u039f\u03a5\u039b\u039f\u03a3","size":"small","name":"basic-graph"},{"Tweet":"\u039c\u03b7\u03c4\u03c1\u03cc\u03c0\u03bf\u03c5\u03bb\u03bf\u03c2: \u00ab\u039f \u03b8\u03b5\u03cc\u03c2 \u03bd\u03b1 \u03bc\u03bf\u03c5 \u03b4\u03ce\u03c3\u03b5\u03b9 \u03b4\u03cd\u03bd\u03b1\u03bc\u03b7 \u03bd\u03b1 \u03bc\u03b7\u03bd \u03b4\u03b5\u03b9\u03bb\u03b9\u03ac\u03c3\u03c9...\u00bb","UserName":"karfitsa.gr","Date":"Thu May 14 05:26:07 +0000 2015","icon":"http:\/\/pbs.twimg.com\/profile_images\/378800000339753613\/75c4f77ba3a7120f9f08c8c02e421620_normal.png","BelongsTo":"\u039c\u0397\u03a4\u03a1\u039f\u03a0\u039f\u03a5\u039b\u039f\u03a3","size":"small","name":"basic-graph"},{"Tweet":"\u039c\u03b7\u03c4\u03c1\u03cc\u03c0\u03bf\u03c5\u03bb\u03bf\u03c2: \u03a5\u03c0\u03b5\u03c1\u03b2\u03ac\u03bb\u03b1\u03bc\u03b5 \u03c0\u03c1\u03bf\u03b5\u03ba\u03bb\u03bf\u03b3\u03b9\u03ba\u03ac - ekorinthos.gr","UserName":"eKorinthos","Date":"Thu May 14 05:23:13 +0000 2015","icon":"http:\/\/pbs.twimg.com\/profile_images\/1162523084\/sugkentrotika-nomou-gia-sundiasmo-1_normal.png","BelongsTo":"\u039c\u0397\u03a4\u03a1\u039f\u03a0\u039f\u03a5\u039b\u039f\u03a3","size":"small","name":"basic-graph"},{"Tweet":"\u0391\u03bb\u03ad\u03be\u03b7\u03c2 \u039c\u03b7\u03c4\u03c1\u03cc\u03c0\u03bf\u03c5\u03bb\u03bf\u03c2: \u0395\u03c6\u03b1\u03c1\u03bc\u03cc\u03b6\u03bf\u03c5\u03bc\u03b5 \u03bc\u03bd\u03b7\u03bc\u03cc\u03bd\u03b9\u03bf, \u03ba\u03b9\u03bd\u03b4\u03c5\u03bd\u03b5\u03cd\u03bf\u03c5\u03bc\u03b5 \u03bc\u03b5 \u03bd\u03ad\u03bf:...","UserName":"\u03b5\u03c6\u03b7\u03bc\u03b5\u03c1\u03af\u03b4\u03b1 \u03b4\u03b7\u03bc\u03bf\u03ba\u03c1\u03b1\u03c4\u03af\u03b1","Date":"Wed May 13 14:41:43 +0000 2015","icon":"http:\/\/pbs.twimg.com\/profile_images\/2158837848\/Capture_normal.JPG","BelongsTo":"\u039c\u0397\u03a4\u03a1\u039f\u03a0\u039f\u03a5\u039b\u039f\u03a3","size":"small","name":"basic-graph"},{"Tweet":"\u039c\u03b7\u03c4\u03c1\u03cc\u03c0\u03bf\u03c5\u03bb\u03bf\u03c2: \u0394\u03b5\u03bd \u03b5\u03af\u03bc\u03b1\u03b9 \u03b1\u03b9\u03c3\u03b9\u03cc\u03b4\u03bf\u03be\u03bf\u03c2 \u03b3\u03b9\u03b1 \u03ad\u03bd\u03c4\u03b9\u03bc\u03bf \u03c3\u03c5\u03bc\u03b2\u03b9\u03b2\u03b1\u03c3\u03bc\u03cc","UserName":"Giannis Ress","Date":"Wed May 13 10:48:26 +0000 2015","icon":"http:\/\/pbs.twimg.com\/profile_images\/494804729264758788\/hB6dmwTP_normal.jpeg","BelongsTo":"\u039c\u0397\u03a4\u03a1\u039f\u03a0\u039f\u03a5\u039b\u039f\u03a3","size":"small","name":"basic-graph"},{"Tweet":"\u039c\u03b7\u03c4\u03c1\u03cc\u03c0\u03bf\u03c5\u03bb\u03bf\u03c2: \u039d\u03b1 \u03b3\u03af\u03bd\u03b5\u03b9 \u03ac\u03bc\u03b5\u03c3\u03b1 \u03ae \u03c3\u03c5\u03bc\u03c6\u03c9\u03bd\u03af\u03b1 \u03ae \u03b4\u03b7\u03bc\u03bf\u03c8\u03ae\u03c6\u03b9\u03c3\u03bc\u03b1 | iefimerida.gr -","UserName":"iefimerida","Date":"Tue May 12 11:57:00 +0000 2015","icon":"http:\/\/pbs.twimg.com\/profile_images\/532185642864623616\/AK8fkG3f_normal.png","BelongsTo":"\u039c\u0397\u03a4\u03a1\u039f\u03a0\u039f\u03a5\u039b\u039f\u03a3","size":"small","name":"basic-graph"},{"Tweet":"\u039c\u03b7\u03c4\u03c1\u03cc\u03c0\u03bf\u03c5\u03bb\u03bf\u03c2: \u03a3\u03c5\u03bc\u03c6\u03c9\u03bd\u03af\u03b1 \u03ae \u03b4\u03b7\u03bc\u03bf\u03c8\u03ae\u03c6\u03b9\u03c3\u03bc\u03b1, \u03ac\u03bc\u03b5\u03c3\u03b1","UserName":"Antenna News","Date":"Tue May 12 11:56:42 +0000 2015","icon":"http:\/\/pbs.twimg.com\/profile_images\/522717332980776962\/Ad9VZLaz_normal.jpeg","BelongsTo":"\u039c\u0397\u03a4\u03a1\u039f\u03a0\u039f\u03a5\u039b\u039f\u03a3","size":"small","name":"basic-graph"}],"links":[{"source":1,"target":0},{"source":2,"target":0},{"source":3,"target":0},{"source":4,"target":0},{"source":5,"target":0},{"source":6,"target":0},{"source":7,"target":0},{"source":8,"target":0},{"source":9,"target":0},{"source":10,"target":0},{"source":11,"target":0},{"source":12,"target":0}]}