{"nodes":[{"Tweet":"Deputy","UserName":"\u0392\u0395\u039d\u0399\u0396\u0395\u039b\u039f\u03a3","Date":"null","icon":"http:\/\/s.enet.gr\/resources\/2009-10\/1venizelos-thumb-large.jpg","BelongsTo":"null","size":"big","name":"basic-graph"},{"Tweet":"\u00ab\u039a\u03ac\u03c1\u03c6\u03c9\u03c3\u03b5\u00bb \u03c4\u03bf\u03bd \u0391\u03ba\u03b7 \u03bf \u03a3\u03b7\u03bc\u03af\u03c4\u03b7\u03c2: \u00ab\u039b\u03c5\u03c0\u03ac\u03bc\u03b1\u03b9 \u03b3\u03b9\u03b1 \u03c4\u03b9\u03c2 \u03b1\u03b8\u03bb\u03b9\u03cc\u03c4\u03b7\u03c4\u03b5\u03c2 \u03c0\u03bf\u03c5 \u03ad\u03b3\u03b9\u03bd\u03b1\u03bd \u03b5\u03c0\u03af \u03c0\u03c1\u03c9\u03b8\u03c5\u03c0\u03bf\u03c5\u03c1\u03b3\u03af\u03b1\u03c2 \u03bc\u03bf\u03c5\u00bb via","UserName":"\u039a\u0391\u039c\u03a0\u0395\u039b\u0397 \u0391\u039b\u0395\u039e\u0391\u039d\u0394\u03a1\u0391","Date":"Thu May 14 05:33:37 +0000 2015","icon":"http:\/\/pbs.twimg.com\/profile_images\/572106891392606208\/4-f0fPWc_normal.png","BelongsTo":"\u0392\u0395\u039d\u0399\u0396\u0395\u039b\u039f\u03a3","size":"small","name":"basic-graph"},{"Tweet":"\u03a3\u03b7\u03bc\u03af\u03c4\u03b7\u03c2-\u0392\u03b5\u03bd\u03b9\u03b6\u03ad\u03bb\u03bf\u03c2 \u00ab\u03ad\u03ba\u03b1\u03c8\u03b1\u03bd\u00bb \u03c4\u03bf\u03bd \u03a4\u03c3\u03bf\u03c7\u03b1\u03c4\u03b6\u03cc\u03c0\u03bf\u03c5\u03bb\u03bf \u03b3\u03b9\u03b1 \u03c4\u03b1 \u03b5\u03be\u03bf\u03c0\u03bb\u03b9\u03c3\u03c4\u03b9\u03ba\u03ac","UserName":"\u03a3\u03b1\u03ba\u03b7\u03c2 \u039a\u03b1\u03ba\u03b1\u03b6\u03b1\u03bd\u03b7\u03c2","Date":"Thu May 14 05:04:16 +0000 2015","icon":"http:\/\/pbs.twimg.com\/profile_images\/575592168410083328\/0RPoPb2Y_normal.jpeg","BelongsTo":"\u0392\u0395\u039d\u0399\u0396\u0395\u039b\u039f\u03a3","size":"small","name":"basic-graph"},{"Tweet":"\u03a3\u03b7\u03bc\u03af\u03c4\u03b7\u03c2-\u0392\u03b5\u03bd\u03b9\u03b6\u03ad\u03bb\u03bf\u03c2 \u00ab\u03ad\u03ba\u03b1\u03c8\u03b1\u03bd\u00bb \u03c4\u03bf\u03bd \u03a4\u03c3\u03bf\u03c7\u03b1\u03c4\u03b6\u03cc\u03c0\u03bf\u03c5\u03bb\u03bf \u03b3\u03b9\u03b1 \u03c4\u03b1 \u03b5\u03be\u03bf\u03c0\u03bb\u03b9\u03c3\u03c4\u03b9\u03ba\u03ac - ekorinthos.gr","UserName":"eKorinthos","Date":"Thu May 14 04:45:17 +0000 2015","icon":"http:\/\/pbs.twimg.com\/profile_images\/1162523084\/sugkentrotika-nomou-gia-sundiasmo-1_normal.png","BelongsTo":"\u0392\u0395\u039d\u0399\u0396\u0395\u039b\u039f\u03a3","size":"small","name":"basic-graph"},{"Tweet":"\u0394\u03b5\u03c2: \u0392\u03b5\u03bd\u03b9\u03b6\u03ad\u03bb\u03bf\u03c2: \u03a4\u03b5\u03c1\u03ac\u03c3\u03c4\u03b9\u03b1 \u03b6\u03b7\u03bc\u03b9\u03ac \u03b3\u03b9\u03b1 \u03c4\u03bf \u03a0\u0391\u03a3\u039f\u039a \u03b7 \u03c5\u03c0\u03cc\u03b8\u03b5\u03c3\u03b7 \u03a4\u03c3\u03bf\u03c7\u03b1\u03c4\u03b6\u03cc\u03c0\u03bf\u03c5\u03bb\u03bf\u03c5","UserName":"EOE.gr","Date":"Wed May 13 22:04:09 +0000 2015","icon":"http:\/\/pbs.twimg.com\/profile_images\/1673814999\/logo_normal.png","BelongsTo":"\u0392\u0395\u039d\u0399\u0396\u0395\u039b\u039f\u03a3","size":"small","name":"basic-graph"},{"Tweet":"\u0392\u03b5\u03bd\u03b9\u03b6\u03ad\u03bb\u03bf\u03c2: \u039f \u03a4\u03c3\u03bf\u03c7\u03b1\u03c4\u03b6\u03cc\u03c0\u03bf\u03c5\u03bb\u03bf\u03c2 \u03c3\u03c5\u03c1\u03c1\u03af\u03ba\u03bd\u03c9\u03c3\u03b5 \u03c4\u03bf \u03a0\u0391\u03a3\u039f\u039a via Honey, I shrunk the kid!","UserName":"Dimitrios Kanoutos","Date":"Wed May 13 20:02:12 +0000 2015","icon":"http:\/\/pbs.twimg.com\/profile_images\/2029235817\/_______normal.jpg","BelongsTo":"\u0392\u0395\u039d\u0399\u0396\u0395\u039b\u039f\u03a3","size":"small","name":"basic-graph"},{"Tweet":"\u0392\u03b5\u03bd\u03b9\u03b6\u03ad\u03bb\u03bf\u03c2: \u0394\u03c9\u03c1\u03bf\u03b4\u03bf\u03ba\u03af\u03b1 \u03bc\u03c0\u03bf\u03c1\u03b5\u03af \u03bd\u03b1 \u03b3\u03af\u03bd\u03b5\u03b9 \u03ba\u03b1\u03b9 \u03c3\u03b5 \u03c0\u03c1\u03bf\u03bc\u03ae\u03b8\u03b5\u03b9\u03b1 \u03ba\u03b9\u03bc\u03c9\u03bb\u03b9\u03ce\u03bd\u2026 via","UserName":"Anastasia Filiopoulo","Date":"Wed May 13 19:53:00 +0000 2015","icon":"http:\/\/abs.twimg.com\/sticky\/default_profile_images\/default_profile_0_normal.png","BelongsTo":"\u0392\u0395\u039d\u0399\u0396\u0395\u039b\u039f\u03a3","size":"small","name":"basic-graph"},{"Tweet":"\u0398\u03cd\u03b5\u03bb\u03bb\u03b1 \u03c3\u03c4\u03b7 \u03b4\u03af\u03ba\u03b7 \u03a4\u03c3\u03bf\u03c7\u03b1\u03c4\u03b6\u03cc\u03c0\u03bf\u03c5\u03bb\u03bf\u03c5 - \u0392\u03b5\u03bd\u03b9\u03b6\u03ad\u03bb\u03bf\u03c2: \u0394\u03b5\u03bd \u03b1\u03b9\u03c6\u03bd\u03b9\u03b4\u03b9\u03ac\u03c3\u03c4\u03b7\u03ba\u03b1 \u03bc\u03b5 \u03c4\u03b7 \u03c3\u03cd\u03bb\u03bb\u03b7\u03c8\u03b7, \u03bb\u03c5\u03c0\u03ac\u03bc\u03b1\u03b9 \u03b3\u03b9\u03b1 \u03c4\u03bf\u03bd \u0386\u03ba\u03b7","UserName":"NewsIt ","Date":"Wed May 13 19:06:29 +0000 2015","icon":"http:\/\/pbs.twimg.com\/profile_images\/516858838\/bookit_normal.jpeg","BelongsTo":"\u0392\u0395\u039d\u0399\u0396\u0395\u039b\u039f\u03a3","size":"small","name":"basic-graph"},{"Tweet":"\u0392\u03b5\u03bd\u03b9\u03b6\u03ad\u03bb\u03bf\u03c2: \u039f \u03a4\u03c3\u03bf\u03c7\u03b1\u03c4\u03b6\u03cc\u03c0\u03bf\u03c5\u03bb\u03bf\u03c2 \u03c3\u03c5\u03c1\u03c1\u03af\u03ba\u03bd\u03c9\u03c3\u03b5 \u03c4\u03bf \u03a0\u0391\u03a3\u039f\u039a -","UserName":"Dimitra ","Date":"Wed May 13 19:05:44 +0000 2015","icon":"http:\/\/pbs.twimg.com\/profile_images\/512197011928395777\/LXaL5H3B_normal.jpeg","BelongsTo":"\u0392\u0395\u039d\u0399\u0396\u0395\u039b\u039f\u03a3","size":"small","name":"basic-graph"},{"Tweet":"\u0392\u03b5\u03bd\u03b9\u03b6\u03ad\u03bb\u03bf\u03c2: \u00ab\u0391\u03ba\u03cc\u03bc\u03b7 \u03ba\u03b1\u03b9 \u03b3\u03b9\u03b1 \u03ba\u03b9\u03bc\u03c9\u03bb\u03af\u03b5\u03c2 \u03bc\u03c0\u03bf\u03c1\u03b5\u03af \u03bd\u03b1 \u03b3\u03af\u03bd\u03b5\u03b9 \u03b4\u03c9\u03c1\u03bf\u03b4\u03bf\u03ba\u03af\u03b1\u00bb \u03a6\u03b1\u03bd\u03c4\u03ac\u03c3\u03bf\u03c5 \u03ba\u03b1\u03b9 \u03b1\u03c0\u03cc \u03b5\u03ba\u03b5\u03af \u03bc\u03af\u03b6\u03b5\u03c2 \u03ad\u03c7\u03b5\u03b9 \u03c0\u03ac\u03c1\u03b5\u03b9 \u03bf \u0392\u03b5\u03bd\u03b9\u03b6\u03ad\u03bb\u03bf\u03c2.","UserName":"ConstantinosMorfakis","Date":"Wed May 13 18:23:04 +0000 2015","icon":"http:\/\/pbs.twimg.com\/profile_images\/378800000682633557\/1138bbc9338ee14e38249de59d3cebd3_normal.jpeg","BelongsTo":"\u0392\u0395\u039d\u0399\u0396\u0395\u039b\u039f\u03a3","size":"small","name":"basic-graph"},{"Tweet":"\u0392\u03b5\u03bd\u03b9\u03b6\u03ad\u03bb\u03bf\u03c2: \u0397 \u03c5\u03c0\u03cc\u03b8\u03b5\u03c3\u03b7 \u03a4\u03c3\u03bf\u03c7\u03b1\u03c4\u03b6\u03cc\u03c0\u03bf\u03c5\u03bb\u03bf\u03c5 \u03ad\u03ba\u03b1\u03bd\u03b5 \u03b6\u03b7\u03bc\u03b9\u03ac \u03c3\u03c4\u03bf \u03a0\u0391\u03a3\u039f\u039a","UserName":"\u0393\u03a5\u039d\u0391\u0399\u039a\u0395\u03a3  \u03a0\u0391\u03a3\u039f\u039a","Date":"Wed May 13 16:28:39 +0000 2015","icon":"http:\/\/pbs.twimg.com\/profile_images\/1900727825\/4318a_normal.JPG","BelongsTo":"\u0392\u0395\u039d\u0399\u0396\u0395\u039b\u039f\u03a3","size":"small","name":"basic-graph"},{"Tweet":"\u0392\u03b5\u03bd\u03b9\u03b6\u03ad\u03bb\u03bf\u03c2: \u039f \u03a4\u03c3\u03bf\u03c7\u03b1\u03c4\u03b6\u03cc\u03c0\u03bf\u03c5\u03bb\u03bf\u03c2 \u03c3\u03c5\u03c1\u03c1\u03af\u03ba\u03bd\u03c9\u03c3\u03b5 \u03c4\u03bf \u03a0\u0391\u03a3\u039f\u039a","UserName":"LENA","Date":"Wed May 13 15:34:52 +0000 2015","icon":"http:\/\/pbs.twimg.com\/profile_images\/2136743022\/_______093_normal.jpg","BelongsTo":"\u0392\u0395\u039d\u0399\u0396\u0395\u039b\u039f\u03a3","size":"small","name":"basic-graph"},{"Tweet":"ThePressProject: \u0392\u03b5\u03bd\u03b9\u03b6\u03ad\u03bb\u03bf\u03c2 \u03ba\u03b1\u03c4\u03ac \u03a4\u03c3\u03bf\u03c7\u03b1\u03c4\u03b6\u03cc\u03c0\u03bf\u03c5\u03bb\u03bf\u03c5: \u00ab\u0388\u03c7\u03c9 \u03c5\u03c0\u03bf\u03c3\u03c4\u03b5\u03af \u03c4\u03b7\u03bd \u03c0\u03bf\u03bb\u03b9\u03c4\u03b9\u03ba\u03ae \u03c6\u03b8\u03bf\u03c1\u03ac \u03c4\u03b7\u03c2 \u03c5\u03c0\u03cc\u03b8\u03b5\u03c3\u03b7\u03c2 \u03ba\u03b1\u03b9 \u03b5...","UserName":"atypos.com","Date":"Wed May 13 15:26:18 +0000 2015","icon":"http:\/\/pbs.twimg.com\/profile_images\/2973789794\/bd9adf8c2f9a6466e42be0635ab40674_normal.png","BelongsTo":"\u0392\u0395\u039d\u0399\u0396\u0395\u039b\u039f\u03a3","size":"small","name":"basic-graph"},{"Tweet":"\u039d\u0395\u039f\u039b\u0395\u03a1\u0391","UserName":"neolera","Date":"Wed May 13 15:18:47 +0000 2015","icon":"http:\/\/pbs.twimg.com\/profile_images\/1445846065\/avatar_normal.jpg","BelongsTo":"\u0392\u0395\u039d\u0399\u0396\u0395\u039b\u039f\u03a3","size":"small","name":"basic-graph"},{"Tweet":"The Press Project : \u0392\u03b5\u03bd\u03b9\u03b6\u03ad\u03bb\u03bf\u03c2 \u03ba\u03b1\u03c4\u03ac \u03a4\u03c3\u03bf\u03c7\u03b1\u03c4\u03b6\u03cc\u03c0\u03bf\u03c5\u03bb\u03bf\u03c5: \u00ab\u0388\u03c7\u03c9 \u03c5\u03c0\u03bf\u03c3\u03c4\u03b5\u03af \u03c4\u03b7\u03bd \u03c0\u03bf\u03bb\u03b9\u03c4\u03b9\u03ba\u03ae \u03c6\u03b8\u03bf\u03c1\u03ac \u03c4\u03b7\u03c2 \u03c5\u03c0\u03cc\u03b8\u03b5\u03c3\u03b7\u03c2 \u03ba\u03b1\u03b9 ...","UserName":"\u039d\u0395\u03a1\u0399\u03a4 \u03ba\u03b1\u03b9 \u039d\u0391\u0396\u0399 ","Date":"Wed May 13 15:09:39 +0000 2015","icon":"http:\/\/pbs.twimg.com\/profile_images\/413589030933000192\/Crn8W73T_normal.png","BelongsTo":"\u0392\u0395\u039d\u0399\u0396\u0395\u039b\u039f\u03a3","size":"small","name":"basic-graph"}],"links":[{"source":1,"target":0},{"source":2,"target":0},{"source":3,"target":0},{"source":4,"target":0},{"source":5,"target":0},{"source":6,"target":0},{"source":7,"target":0},{"source":8,"target":0},{"source":9,"target":0},{"source":10,"target":0},{"source":11,"target":0},{"source":12,"target":0},{"source":13,"target":0},{"source":14,"target":0}]}