{"nodes":[{"Tweet":"Deputy","UserName":"\u03a3\u03a4\u03a1\u0391\u03a4\u039f\u03a5\u039b\u0397\u03a3","Date":"null","icon":"http:\/\/www.tribune.gr\/wp-content\/uploads\/2015\/02\/stratoulis1.jpg","BelongsTo":"null","size":"big","name":"basic-graph"},{"Tweet":"\u0395\u03c0\u03af \u03c4\u03ad\u03bb\u03bf\u03c5\u03c2 \u03b2\u03c1\u03ad\u03b8\u03b7\u03ba\u03b5 \u03bb\u03cd\u03c3\u03b7 \u03c3\u03c4\u03bf \u03bf\u03b9\u03ba\u03bf\u03bd\u03bf\u03bc\u03b9\u03ba\u03cc \u03c0\u03c1\u03cc\u03b2\u03bb\u03b7\u03bc\u03b1 \u03c4\u03b7\u03c2 \u0395\u03bb\u03bb\u03ac\u03b4\u03b1\u03c2.","UserName":"Nick Zygouris","Date":"Thu May 14 05:35:07 +0000 2015","icon":"http:\/\/pbs.twimg.com\/profile_images\/566876929853108225\/8YMWlLXC_normal.jpeg","BelongsTo":"\u03a3\u03a4\u03a1\u0391\u03a4\u039f\u03a5\u039b\u0397\u03a3","size":"small","name":"basic-graph"},{"Tweet":"\u0394\u03c5\u03c3\u03c4\u03c5\u03c7\u03ce\u03c2, \u03bf \u03ba. \u0392\u03c1\u03bf\u03cd\u03c4\u03c3\u03b7\u03c2: \u2022 \u039e\u03b5\u03c7\u03bd\u03ac, \u03cc\u03c4\u03b9 \u03b5\u03c0\u03af \u03c5\u03c0\u03bf\u03c5\u03c1\u03b3\u03af\u03b1\u03c2 \u03c4\u03bf\u03c5 \u03c0\u03ae\u03c1\u03b5 150 \u03b5\u03ba\u03b1\u03c4. \u03b5\u03c5\u03c1\u03ce \u03ba\u03b1\u03b9 50 \u03b5\u03ba\u03b1\u03c4. \u03b5\u03c5\u03c1\u03ce \u03b3\u03b9\u03b1 \u03c4\u03b7\u03bd...","UserName":"LENA","Date":"Thu May 14 04:34:11 +0000 2015","icon":"http:\/\/pbs.twimg.com\/profile_images\/2136743022\/_______093_normal.jpg","BelongsTo":"\u03a3\u03a4\u03a1\u0391\u03a4\u039f\u03a5\u039b\u0397\u03a3","size":"small","name":"basic-graph"},{"Tweet":"\u0394. \u03a3\u03c4\u03c1\u03b1\u03c4\u03bf\u03cd\u03bb\u03b7\u03c2 \u03b3\u03b9\u03b1 \u03ad\u03ba\u03b8\u03b5\u03c3\u03b7 \u039a\u03bf\u03bc\u03b9\u03c3\u03b9\u03cc\u03bd: \u0397 \u03bb\u03cd\u03c3\u03b7 \u03b4\u03b5\u03bd \u03b5\u03af\u03bd\u03b1\u03b9 \u03bd\u03b1 \u03bc\u03b5\u03b9\u03ce\u03bd\u03bf\u03c5\u03bc\u03b5 \u03c3\u03c5\u03bd\u03b5\u03c7\u03ce\u03c2 \u03c4\u03b9\u03c2 \u03b4\u03b1\u03c0\u03ac\u03bd\u03b5\u03c2 \u03b3\u03b9\u03b1 \u03c4\u03bf \u03b1\u03c3\u03c6\u03b1\u03bb\u03b9\u03c3\u03c4\u03b9\u03ba\u03cc","UserName":"Panagiotis Kolelis","Date":"Wed May 13 21:13:39 +0000 2015","icon":"http:\/\/pbs.twimg.com\/profile_images\/572081253554204672\/pdNYyNqT_normal.jpeg","BelongsTo":"\u03a3\u03a4\u03a1\u0391\u03a4\u039f\u03a5\u039b\u0397\u03a3","size":"small","name":"basic-graph"},{"Tweet":"\u03a3\u03c4\u03c1\u03b1\u03c4\u03bf\u03cd\u03bb\u03b7\u03c2 \u03c0\u03c1\u03bf\u03c2 \u0392\u03c1\u03bf\u03cd\u03c4\u03c3\u03b7: \u03a3\u03c4\u03bf \u03c3\u03c0\u03af\u03c4\u03b9 \u03c4\u03bf\u03c5 \u03ba\u03c1\u03b5\u03bc\u03b1\u03c3\u03bc\u03ad\u03bd\u03bf\u03c5 \u03b4\u03b5\u03bd \u03bc\u03b9\u03bb\u03ac\u03bd\u03b5 \u03b3\u03b9\u03b1 \u03c3\u03c7\u03bf\u03b9\u03bd\u03af via","UserName":"vaios mesdanitis","Date":"Wed May 13 20:52:12 +0000 2015","icon":"http:\/\/pbs.twimg.com\/profile_images\/537191953943650305\/27rcwpwq_normal.jpeg","BelongsTo":"\u03a3\u03a4\u03a1\u0391\u03a4\u039f\u03a5\u039b\u0397\u03a3","size":"small","name":"basic-graph"},{"Tweet":"\u03a3\u03c4\u03c1\u03b1\u03c4\u03bf\u03cd\u03bb\u03b7\u03c2: \u039d\u03b1 \u03c0\u03ac\u03bc\u03b5 \u03c3\u03c4\u03bf\u03c5\u03c2 BRICS \u03bd\u03b1 \u03c0\u03ac\u03c1\u03bf\u03c5\u03bc\u03b5 \u03c7\u03c1\u03ae\u03bc\u03b1\u03c4\u03b1 \u03c7\u03c9\u03c1\u03af\u03c2 \u03bc\u03bd\u03b7\u03bc\u03cc\u03bd\u03b9\u03b1 | iefimerida.gr -","UserName":"ein Steppenwolf","Date":"Wed May 13 20:49:29 +0000 2015","icon":"http:\/\/pbs.twimg.com\/profile_images\/2159017240\/steppenwolf_normal.jpeg","BelongsTo":"\u03a3\u03a4\u03a1\u0391\u03a4\u039f\u03a5\u039b\u0397\u03a3","size":"small","name":"basic-graph"},{"Tweet":"\u03a0\u03c1\u03ad\u03c0\u03b5\u03b9 \u03bd\u03b1 \u03b2\u03ac\u03bb\u03b5\u03b9\u03c2 \u03ba\u03ac\u03c0\u03bf\u03b9\u03b1 \u03b4\u03b9\u03c3. \u03b3\u03b9\u03b1 \u03bd\u03b1 \u03bc\u03c0\u03b5\u03b9\u03c2 \u03c3\u03c4\u03bf \u03bd\u03ad\u03bf \u0394\u039d\u03a4 \u03b1\u03bd\/\u03cc\u03c4\u03b1\u03bd \u03b3\u03af\u03bd\u03b5\u03b9. \u03a4\u03b1 \u03ad\u03c7\u03b5\u03b9\u03c2 \u03ba. \u03a3\u03c4\u03c1\u03b1\u03c4\u03bf\u03cd\u03bb\u03b7; | \"\u039d\u03b1 \u03c0\u03ac\u03bc\u03b5 \u03c3\u03c4\u03bf\u03c5\u03c2 BRICS\"","UserName":"kostakis","Date":"Wed May 13 19:52:05 +0000 2015","icon":"http:\/\/pbs.twimg.com\/profile_images\/487033213211406337\/AwxiDppt_normal.jpeg","BelongsTo":"\u03a3\u03a4\u03a1\u0391\u03a4\u039f\u03a5\u039b\u0397\u03a3","size":"small","name":"basic-graph"},{"Tweet":"\u03a3\u03c4\u03c1\u03b1\u03c4\u03bf\u03cd\u03bb\u03b7\u03c2: \u00ab\u039a\u03cd\u03c1\u03b9\u03b5 \u0392\u03c1\u03bf\u03cd\u03c4\u03c3\u03b7, \u03c3\u03c4\u03bf \u03c3\u03c0\u03af\u03c4\u03b9 \u03c4\u03bf\u03c5 \u03ba\u03c1\u03b5\u03bc\u03b1\u03c3\u03bc\u03ad\u03bd\u03bf\u03c5 \u03b4\u03b5\u03bd \u03bc\u03b9\u03bb\u03ac\u03bd\u03b5 \u03b3\u03b9\u03b1 \u03c3\u03c7\u03bf\u03b9\u03bd\u03af\u00bb","UserName":"60gr","Date":"Wed May 13 19:14:40 +0000 2015","icon":"http:\/\/pbs.twimg.com\/profile_images\/496592533749637120\/8tcxHKJK_normal.jpeg","BelongsTo":"\u03a3\u03a4\u03a1\u0391\u03a4\u039f\u03a5\u039b\u0397\u03a3","size":"small","name":"basic-graph"},{"Tweet":"\u0397 \u03c4\u03b5\u03c1\u03ac\u03c3\u03c4\u03b9\u03b1 \u03b4\u03b9\u03b1\u03c6\u03bf\u03c1\u03ac \u03c4\u03c9\u03bd \u03b3\u03c1\u03b1\u03c6\u03b9\u03ba\u03ce\u03bd \u03bc\u03b5 \u03b5\u03bc\u03ac\u03c2. \u03a4\u03bf\u03cd\u03c4\u03bf\u03b9 \u03bf\u03b9 \u03b1\u03c0\u03af\u03b8\u03b1\u03bd\u03bf\u03b9 \u03bd\u03bf\u03bc\u03af\u03b6\u03bf\u03c5\u03bd \u03cc\u03c4\u03b9 \u03c4\u03bf \u03c0\u03c1\u03cc\u03b2\u03bb\u03b7\u03bc\u03b1 \u03b5\u03af\u03bd\u03b1\u03b9 \u03bd\u03b1 \u03b2\u03c1\u03bf\u03cd\u03bc\u03b5 \u03bb\u03b5\u03c6\u03c4\u03ac. \u0391\u03ba\u03cc\u03bc\u03b1...","UserName":"Yorgo Kontorouhas","Date":"Wed May 13 18:11:10 +0000 2015","icon":"http:\/\/pbs.twimg.com\/profile_images\/2385850230\/v0v3mtx0f1gmzvmzvbj9_normal.jpeg","BelongsTo":"\u03a3\u03a4\u03a1\u0391\u03a4\u039f\u03a5\u039b\u0397\u03a3","size":"small","name":"basic-graph"},{"Tweet":"\u0397 \u03a1\u03c9\u03c3\u03af\u03b1 \u03c0\u03c1\u03bf\u03c3\u03ba\u03b1\u03bb\u03b5\u03af \u03c4\u03b7\u03bd \u0395\u03bb\u03bb\u03ac\u03b4\u03b1 \u03bd\u03b1 \u03c3\u03c5\u03bc\u03bc\u03b5\u03c4\u03ac\u03c3\u03c7\u03b5\u03b9, \u03c0\u03bf\u03c5 \u03c3\u03b7\u03bc\u03b1\u03af\u03bd\u03b5\u03b9 \u03ba\u03b1\u03c4\u2019 \u03b1\u03c1\u03c7\u03ae\u03bd \u03bd\u03b1 \u0392\u0391\u039b\u0395\u0399 \u039b\u0395\u03a6\u03a4\u0391, \u03c3\u03c4\u03b7\u03bd \u03c5\u03c0\u03cc \u03b4\u03b7\u03bc\u03b9\u03bf\u03c5\u03c1\u03b3\u03af\u03b1 \u2013\u03b6\u03ae\u03c3\u03b5...","UserName":"\u03a4\u03ad\u03bb\u03b7\u03c2 \u03a3\u03b1\u03bc\u03b1\u03bd\u03c4\u03ac\u03c2","Date":"Wed May 13 17:57:07 +0000 2015","icon":"http:\/\/abs.twimg.com\/sticky\/default_profile_images\/default_profile_2_normal.png","BelongsTo":"\u03a3\u03a4\u03a1\u0391\u03a4\u039f\u03a5\u039b\u0397\u03a3","size":"small","name":"basic-graph"},{"Tweet":"\u038c\u03c4\u03b1\u03bd \u03bf \u03a3\u03c4\u03c1\u03b1\u03c4\u03bf\u03cd\u03bb\u03b7\u03c2 \u03ad\u03c3\u03ba\u03b9\u03b6\u03b5 \u03c4\u03b1 \u03bc\u03bd\u03b7\u03bc\u03cc\u03bd\u03b9\u03b1 \u03c3\u03c4\u03b7\u03bd \u03b1\u03c5\u03bb\u03ae \u03c4\u03b7\u03c2 \u0392\u03bf\u03c5\u03bb\u03ae\u03c2, \u03bf \u039c\u03c0\u03b1\u03bb\u03ac\u03c6\u03b1\u03c2 \u03c0\u03bf\u03c5 \u03ae\u03c4\u03b1\u03bd; - epikairo.gr via","UserName":"andreas georgantas","Date":"Wed May 13 17:50:00 +0000 2015","icon":"http:\/\/pbs.twimg.com\/profile_images\/460191054990299139\/fapx7wpr_normal.jpeg","BelongsTo":"\u03a3\u03a4\u03a1\u0391\u03a4\u039f\u03a5\u039b\u0397\u03a3","size":"small","name":"basic-graph"},{"Tweet":"\u038c\u03c4\u03b1\u03bd \u03bf \u03a3\u03c4\u03c1\u03b1\u03c4\u03bf\u03cd\u03bb\u03b7\u03c2 \u03ad\u03c3\u03ba\u03b9\u03b6\u03b5 \u03c4\u03b1 \u03bc\u03bd\u03b7\u03bc\u03cc\u03bd\u03b9\u03b1 \u03c3\u03c4\u03b7\u03bd \u03b1\u03c5\u03bb\u03ae \u03c4\u03b7\u03c2 \u0392\u03bf\u03c5\u03bb\u03ae\u03c2, \u03bf \u039c\u03c0\u03b1\u03bb\u03ac\u03c6\u03b1\u03c2 \u03c0\u03bf\u03c5 \u03ae\u03c4\u03b1\u03bd; - epikairo.gr","UserName":"\u039d\u03af\u03ba\u03bf\u03c2 \u039c\u03b7\u03bb\u03b9\u03ce\u03bd\u03b7\u03c2","Date":"Wed May 13 17:49:52 +0000 2015","icon":"http:\/\/pbs.twimg.com\/profile_images\/575877989461663744\/1PLzJzEv_normal.jpeg","BelongsTo":"\u03a3\u03a4\u03a1\u0391\u03a4\u039f\u03a5\u039b\u0397\u03a3","size":"small","name":"basic-graph"},{"Tweet":"\u03a3\u03c4\u03c1\u03b1\u03c4\u03bf\u03cd\u03bb\u03b7\u03c2: \u0393\u03b9\u03b1\u03c4\u03af \u03bd\u03b1 \u03b1\u03c0\u03bf\u03ba\u03bb\u03b5\u03af\u03c3\u03bf\u03c5\u03bc\u03b5 \u03c7\u03c1\u03b7\u03bc\u03b1\u03c4\u03bf\u03b4\u03cc\u03c4\u03b7\u03c3\u03b7 \u03b1\u03c0\u03cc \u03c4\u03bf\u03c5\u03c2 BRICS; via","UserName":"Antenna News","Date":"Wed May 13 17:27:54 +0000 2015","icon":"http:\/\/pbs.twimg.com\/profile_images\/522717332980776962\/Ad9VZLaz_normal.jpeg","BelongsTo":"\u03a3\u03a4\u03a1\u0391\u03a4\u039f\u03a5\u039b\u0397\u03a3","size":"small","name":"basic-graph"},{"Tweet":"\u03a3\u03c4\u03c1\u03b1\u03c4\u03bf\u03cd\u03bb\u03b7\u03c2 \u03c0\u03c1\u03bf\u03c2 \u0392\u03c1\u03bf\u03cd\u03c4\u03c3\u03b7: \u03a3\u03c4\u03bf \u03c3\u03c0\u03af\u03c4\u03b9 \u03c4\u03bf\u03c5 \u03ba\u03c1\u03b5\u03bc\u03b1\u03c3\u03bc\u03ad\u03bd\u03bf\u03c5 \u03b4\u03b5\u03bd \u03bc\u03b9\u03bb\u03ac\u03bd\u03b5 \u03b3\u03b9\u03b1 \u03c3\u03c7\u03bf\u03b9\u03bd\u03af","UserName":"Stavros Vassilakis","Date":"Wed May 13 17:26:17 +0000 2015","icon":"http:\/\/pbs.twimg.com\/profile_images\/214778135\/P7260069_normal.JPG","BelongsTo":"\u03a3\u03a4\u03a1\u0391\u03a4\u039f\u03a5\u039b\u0397\u03a3","size":"small","name":"basic-graph"},{"Tweet":"\u03a4\u03bf \u03a7\u03a9\u039d\u0399 - \u0398\u03b5\u03c4\u03b9\u03ba\u03cc\u03c2 \u03bf \u03a3\u03c4\u03c1\u03b1\u03c4\u03bf\u03cd\u03bb\u03b7\u03c2 \u03b3\u03b9\u03b1 \u03c4\u03b7\u03bd \u03c4\u03c1\u03ac\u03c0\u03b5\u03b6\u03b1 \u03c4\u03c9\u03bd BRICS- \u00ab\u039d\u03b1 \u03c0\u03ac\u03c1\u03bf\u03c5\u03bc\u03b5 \u03c7\u03c1\u03ae\u03bc\u03b1\u03c4\u03b1 \u03c7\u03c9\u03c1\u03af\u03c2 \u03bc\u03bd\u03b7\u03bc\u03cc\u03bd\u03b9\u03b1\u00bb","UserName":"Zacharias Pelekis","Date":"Wed May 13 17:04:08 +0000 2015","icon":"http:\/\/abs.twimg.com\/sticky\/default_profile_images\/default_profile_0_normal.png","BelongsTo":"\u03a3\u03a4\u03a1\u0391\u03a4\u039f\u03a5\u039b\u0397\u03a3","size":"small","name":"basic-graph"},{"Tweet":"\u03a3\u03c4\u03c1\u03b1\u03c4\u03bf\u03cd\u03bb\u03b7\u03c2: \u03a5\u03c0\u03ac\u03c1\u03c7\u03bf\u03c5\u03bd \u03c0\u03bf\u03bb\u03bb\u03ad\u03c2 \u03b5\u03bd\u03b1\u03bb\u03bb\u03b1\u03ba\u03c4\u03b9\u03ba\u03ad\u03c2 \u03b4\u03c5\u03bd\u03b1\u03c4\u03cc\u03c4\u03b7\u03c4\u03b5\u03c2 \u03c7\u03c1\u03b7\u03bc\u03b1\u03c4\u03bf\u03b4\u03cc\u03c4\u03b7\u03c3\u03b7\u03c2","UserName":"Zacharias Pelekis","Date":"Wed May 13 17:01:23 +0000 2015","icon":"http:\/\/abs.twimg.com\/sticky\/default_profile_images\/default_profile_0_normal.png","BelongsTo":"\u03a3\u03a4\u03a1\u0391\u03a4\u039f\u03a5\u039b\u0397\u03a3","size":"small","name":"basic-graph"},{"Tweet":"\u0391\u03c3\u03b5 \u03c0\u03bf\u03c5 \u03b5\u03af\u03c0\u03b5 \u03c3\u03c4\u03b7 \u0392\u03bf\u03c5\u03bb\u03ae \u03cc\u03c4\u03b9 \u03b7 \u03c0\u03b5\u03c1\u03b9\u03ba\u03bf\u03c0\u03ad\u03c2 \u03c3\u03c4\u03b9\u03c2 \u03c3\u03c5\u03bd\u03c4\u03ac\u03be\u03b5\u03b9\u03c2 \u03c0\u03bf\u03c5 \u03b5\u03af\u03c7\u03b1\u03bd \u03ad\u03c4\u03bf\u03b9\u03bc\u03b5\u03c2 \u03bd\u03b1 \u03ba\u03ac\u03bd\u03bf\u03c5\u03bd \u03ae\u03c4\u03b1\u03bd \u03b3\u03b9\u03b1 \u03bd\u03b1 \u03c3\u03c9\u03b8\u03bf\u03cd\u03bd \u03c4\u03b1 \u03c4\u03b1\u03bc\u03b5\u03af\u03b1 !!!","UserName":"Dimitrios Spetsiotis","Date":"Wed May 13 16:55:29 +0000 2015","icon":"http:\/\/abs.twimg.com\/sticky\/default_profile_images\/default_profile_0_normal.png","BelongsTo":"\u03a3\u03a4\u03a1\u0391\u03a4\u039f\u03a5\u039b\u0397\u03a3","size":"small","name":"basic-graph"}],"links":[{"source":1,"target":0},{"source":2,"target":0},{"source":3,"target":0},{"source":4,"target":0},{"source":5,"target":0},{"source":6,"target":0},{"source":7,"target":0},{"source":8,"target":0},{"source":9,"target":0},{"source":10,"target":0},{"source":11,"target":0},{"source":12,"target":0},{"source":13,"target":0},{"source":14,"target":0},{"source":15,"target":0},{"source":16,"target":0}]}