{"nodes":[{"Tweet":"Deputy","UserName":"\u0398\u0395\u039f\u0394\u03a9\u03a1\u0391\u039a\u0397\u03a3","Date":"null","icon":"http:\/\/www.iefimerida.gr\/sites\/default\/files\/theodorakis_6.jpg","BelongsTo":"null","size":"big","name":"basic-graph"},{"Tweet":"\u039f\u03b9 \u039c\u03ad\u03bb\u03b9\u03c3\u03c3\u03b5\u03c2 \u03c4\u03c1\u03b1\u03b3\u03bf\u03c5\u03b4\u03bf\u03cd\u03bd \u039c\u03af\u03ba\u03b7 \u0398\u03b5\u03bf\u03b4\u03c9\u03c1\u03ac\u03ba\u03b7! | GetGreekMusic","UserName":"Fantasia Live","Date":"Sun May 17 14:00:40 +0000 2015","icon":"http:\/\/pbs.twimg.com\/profile_images\/378800000730060921\/84976332f92bbcd2473281afee7831d9_normal.jpeg","BelongsTo":"\u0398\u0395\u039f\u0394\u03a9\u03a1\u0391\u039a\u0397\u03a3","size":"small","name":"basic-graph"},{"Tweet":"\u03a3\u03c4. \u0398\u03b5\u03bf\u03b4\u03c9\u03c1\u03ac\u03ba\u03b7\u03c2: \u0398\u03b1 \u03c3\u03c4\u03b7\u03c1\u03af\u03b6\u03b1\u03bc\u03b5 \u03bc\u03af\u03b1 \u03c9\u03c6\u03ad\u03bb\u03b9\u03bc\u03b7 \u03b3\u03b9\u03b1 \u03c4\u03bf \u03bb\u03b1\u03cc \u03c3\u03c5\u03bc\u03c6\u03c9\u03bd\u03af\u03b1","UserName":"George Zevgolis","Date":"Sun May 17 13:54:10 +0000 2015","icon":"http:\/\/pbs.twimg.com\/profile_images\/428411465783992320\/YadxmXVH_normal.jpeg","BelongsTo":"\u0398\u0395\u039f\u0394\u03a9\u03a1\u0391\u039a\u0397\u03a3","size":"small","name":"basic-graph"},{"Tweet":"\u0398\u03b5\u03bf\u03b4\u03c9\u03c1\u03ac\u03ba\u03b7\u03c2: \u03a3\u03c4\u03b7\u03c1\u03af\u03b6\u03bf\u03c5\u03bc\u03b5 \u03c3\u03c5\u03bc\u03c6\u03c9\u03bd\u03af\u03b1 \u03bc\u03b5 \u03c4\u03bf\u03c5\u03c2 \u03b5\u03c4\u03b1\u03af\u03c1\u03bf\u03c5\u03c2, \u03b1\u03bd \u03b5\u03af\u03bd\u03b1\u03b9 \u03c9\u03c6\u03ad\u03bb\u03b9\u03bc\u03b7 \u03b3\u03b9\u03b1 \u03c4\u03bf \u03bb\u03b1\u03cc","UserName":"SKAI.gr","Date":"Sun May 17 13:50:03 +0000 2015","icon":"http:\/\/pbs.twimg.com\/profile_images\/557841949768437760\/eEHCo896_normal.jpeg","BelongsTo":"\u0398\u0395\u039f\u0394\u03a9\u03a1\u0391\u039a\u0397\u03a3","size":"small","name":"basic-graph"},{"Tweet":"\u0398\u03b5\u03bf\u03b4\u03c9\u03c1\u03ac\u03ba\u03b7\u03c2: \u03a3\u03c4\u03b7\u03c1\u03af\u03b6\u03bf\u03c5\u03bc\u03b5 \u03c3\u03c5\u03bc\u03c6\u03c9\u03bd\u03af\u03b1 \u03bc\u03b5 \u03c4\u03bf\u03c5\u03c2 \u03b5\u03c4\u03b1\u03af\u03c1\u03bf\u03c5\u03c2, \u03b1\u03bd \u03b5\u03af\u03bd\u03b1\u03b9 \u03c9\u03c6\u03ad\u03bb\u03b9\u03bc\u03b7 \u03b3\u03b9\u03b1 \u03c4\u03bf \u03bb\u03b1\u03cc: \u039f \u03b5\u03c0\u03b9\u03ba\u03b5...","UserName":"Breaking News","Date":"Sun May 17 13:45:03 +0000 2015","icon":"http:\/\/pbs.twimg.com\/profile_images\/570707873\/news7_bigger_normal.gif","BelongsTo":"\u0398\u0395\u039f\u0394\u03a9\u03a1\u0391\u039a\u0397\u03a3","size":"small","name":"basic-graph"},{"Tweet":"\u039a\u03b5\u03bd\u03c4\u03c1\u03ce\u03bf \u03ba\u03c5\u03b2\u03b5\u03c1\u03bd\u03b7\u03c4\u03b9\u03ba\u03cc \u03c3\u03c7\u03ae\u03bc\u03b1 \u03b8\u03b1 \u03c3\u03c4\u03ae\u03c1\u03b9\u03b6\u03b5 \u03bf \u03a3\u03c4. \u0398\u03b5\u03bf\u03b4\u03c9\u03c1\u03ac\u03ba\u03b7\u03c2","UserName":"alter thess","Date":"Sun May 17 13:34:34 +0000 2015","icon":"http:\/\/pbs.twimg.com\/profile_images\/1134337648\/logo_normal.png","BelongsTo":"\u0398\u0395\u039f\u0394\u03a9\u03a1\u0391\u039a\u0397\u03a3","size":"small","name":"basic-graph"},{"Tweet":"\u0398\u03b5\u03bf\u03b4\u03c9\u03c1\u03ac\u03ba\u03b7\u03c2: \u0395\u03bb\u03c0\u03af\u03b6\u03c9 \u03cc\u03c4\u03b9 \u03b4\u03b5\u03bd \u03b8\u03b1 \u03ba\u03ac\u03bd\u03bf\u03c5\u03bd \u03c4\u03bf \u03bb\u03ac\u03b8\u03bf\u03c2 \u03bd\u03b1 \u03bc\u03b7\u03bd \u03c0\u03bb\u03b7\u03c1\u03ce\u03c3\u03bf\u03c5\u03bd \u03c4\u03bf \u0394\u039d\u03a4 -","UserName":"ASTERIX","Date":"Sun May 17 13:31:31 +0000 2015","icon":"http:\/\/pbs.twimg.com\/profile_images\/564159199534264322\/zk4mix9M_normal.jpeg","BelongsTo":"\u0398\u0395\u039f\u0394\u03a9\u03a1\u0391\u039a\u0397\u03a3","size":"small","name":"basic-graph"},{"Tweet":"\u03a3\u03a4. \u0398\u0395\u039f\u0394\u03a9\u03a1\u0391\u039a\u0397\u03a3: \u0398\u03b1 \u03c3\u03c4\u03b7\u03c1\u03af\u03be\u03bf\u03c5\u03bc\u03b5 \u03bc\u03b9\u03b1 \u03c3\u03c5\u03bc\u03c6\u03c9\u03bd\u03af\u03b1 \u03b1\u03bd \u03b5\u03af\u03bd\u03b1\u03b9 \u03c9\u03c6\u03ad\u03bb\u03b9\u03bc\u03b7 \u03b3\u03b9\u03b1 \u03c4\u03bf\u03bd\u00a0\u03bb\u03b1\u03cc","UserName":"news.makedonias.gr","Date":"Sun May 17 13:18:36 +0000 2015","icon":"http:\/\/pbs.twimg.com\/profile_images\/508943239882108928\/_w5vKqke_normal.jpeg","BelongsTo":"\u0398\u0395\u039f\u0394\u03a9\u03a1\u0391\u039a\u0397\u03a3","size":"small","name":"basic-graph"},{"Tweet":"\u0398\u03b5\u03bf\u03b4\u03c9\u03c1\u03ac\u03ba\u03b7\u03c2: \u0398\u03b1 \u03c3\u03c4\u03b7\u03c1\u03af\u03be\u03bf\u03c5\u03bc\u03b5 \u03bc\u03b9\u03b1 \u03c9\u03c6\u03ad\u03bb\u03b9\u03bc\u03b7 \u03b3\u03b9\u03b1 \u03c4\u03bf\u03bd \u03bb\u03b1\u03cc \u03c3\u03c5\u03bc\u03c6\u03c9\u03bd\u03af\u03b1 via","UserName":"Antenna News","Date":"Sun May 17 13:04:49 +0000 2015","icon":"http:\/\/pbs.twimg.com\/profile_images\/522717332980776962\/Ad9VZLaz_normal.jpeg","BelongsTo":"\u0398\u0395\u039f\u0394\u03a9\u03a1\u0391\u039a\u0397\u03a3","size":"small","name":"basic-graph"},{"Tweet":"\u03a3\u03c4. \u0398\u03b5\u03bf\u03b4\u03c9\u03c1\u03ac\u03ba\u03b7\u03c2: \"\u0391\u03bd \u03bc\u03b9\u03b1 \u03c3\u03c5\u03bc\u03c6\u03c9\u03bd\u03af\u03b1 \u03b5\u03af\u03bd\u03b1\u03b9 \u03c9\u03c6\u03ad\u03bb\u03b9\u03bc\u03b7 \u03b3\u03b9\u03b1 \u03c4\u03bf\u03bd \u03b5\u03bb\u03bb\u03b7\u03bd\u03b9\u03ba\u03cc \u03bb\u03b1\u03cc, \u03b8\u03b1 \u03c4\u03b7 \u03c3\u03c4\u03b7\u03c1\u03af\u03be\u03bf\u03c5\u03bc\u03b5 \u03c7\u03c9\u03c1\u03af\u03c2 \u03ba\u03b1\u03bd\u03ad\u03bd\u03b1 \u03b1\u03bd\u03c4\u03ac\u03bb\u03bb\u03b1\u03b3\u03bc\u03b1\"","UserName":"FOCUSFM 103.6","Date":"Sun May 17 12:50:02 +0000 2015","icon":"http:\/\/pbs.twimg.com\/profile_images\/488750823883567104\/fdl-_kkH_normal.jpeg","BelongsTo":"\u0398\u0395\u039f\u0394\u03a9\u03a1\u0391\u039a\u0397\u03a3","size":"small","name":"basic-graph"},{"Tweet":"\u03a3\u03c4\u03b1\u03cd\u03c1\u03bf\u03c2 \u0398\u03b5\u03bf\u03b4\u03c9\u03c1\u03ac\u03ba\u03b7\u03c2: \u0398\u03b1 \u03c3\u03c4\u03ae\u03c1\u03b9\u03b6\u03b1 \u03ba\u03c5\u03b2\u03ad\u03c1\u03bd\u03b7\u03c3\u03b7 \u03a3\u03a5\u03a1\u0399\u0396\u0391 \u03b1\u03bd\u2026","UserName":"Fortune Greece","Date":"Sun May 17 12:49:32 +0000 2015","icon":"http:\/\/pbs.twimg.com\/profile_images\/525636991556128769\/amnaVD62_normal.jpeg","BelongsTo":"\u0398\u0395\u039f\u0394\u03a9\u03a1\u0391\u039a\u0397\u03a3","size":"small","name":"basic-graph"},{"Tweet":"\u039a\u03b5\u03bd\u03c4\u03c1\u03ce\u03bf \u03ba\u03c5\u03b2\u03b5\u03c1\u03bd\u03b7\u03c4\u03b9\u03ba\u03cc \u03c3\u03c7\u03ae\u03bc\u03b1 \u03bf\u03bd\u03b5\u03b9\u03c1\u03b5\u03cd\u03b5\u03c4\u03b1\u03b9 \u03bf \u03a3\u03c4. \u0398\u03b5\u03bf\u03b4\u03c9\u03c1\u03ac\u03ba\u03b7\u03c2 :: left.gr","UserName":"Annita Triantafillou","Date":"Sun May 17 12:31:21 +0000 2015","icon":"http:\/\/pbs.twimg.com\/profile_images\/594134276255457280\/DchaASbG_normal.jpg","BelongsTo":"\u0398\u0395\u039f\u0394\u03a9\u03a1\u0391\u039a\u0397\u03a3","size":"small","name":"basic-graph"},{"Tweet":"\u0398\u03b5\u03bf\u03b4\u03c9\u03c1\u03ac\u03ba\u03b7\u03c2: \u0394\u03b5\u03bd \u03c5\u03c0\u03ac\u03c1\u03c7\u03bf\u03c5\u03bd \u03c4\u03b1 \u03c0\u03b5\u03c1\u03b9\u03b8\u03ce\u03c1\u03b9\u03b1 \u03b3\u03b9\u03b1 \u03bc\u03b9\u03b1 \u03ba\u03b1\u03bb\u03ae ...","UserName":"Top7news","Date":"Sun May 17 12:24:42 +0000 2015","icon":"http:\/\/pbs.twimg.com\/profile_images\/3334681280\/16d7833bc7f8b0cf0fe2c21c6cdf9f9a_normal.png","BelongsTo":"\u0398\u0395\u039f\u0394\u03a9\u03a1\u0391\u039a\u0397\u03a3","size":"small","name":"basic-graph"},{"Tweet":"\u03a3. \u0398\u03b5\u03bf\u03b4\u03c9\u03c1\u03ac\u03ba\u03b7\u03c2: \u0398\u03b1 \u03c3\u03c4\u03b7\u03c1\u03af\u03be\u03bf\u03c5\u03bc\u03b5 \u03bc\u03b9\u03b1 \u03c9\u03c6\u03ad\u03bb\u03b9\u03bc\u03b7 \u03b3\u03b9\u03b1 \u03c4\u03bf\u03bd \u03bb\u03b1\u03cc\u00a0\u03c3\u03c5\u03bc\u03c6\u03c9\u03bd\u03af\u03b1","UserName":"matrix24GR","Date":"Sun May 17 12:23:23 +0000 2015","icon":"http:\/\/pbs.twimg.com\/profile_images\/511900291554217984\/433NvVrk_normal.jpeg","BelongsTo":"\u0398\u0395\u039f\u0394\u03a9\u03a1\u0391\u039a\u0397\u03a3","size":"small","name":"basic-graph"},{"Tweet":"\u0398\u03b5\u03bf\u03b4\u03c9\u03c1\u03ac\u03ba\u03b7\u03c2: \u03a3\u03c4\u03ae\u03c1\u03b9\u03be\u03b7 \u03bc\u03b9\u03b1\u03c2 \u03c9\u03c6\u03ad\u03bb\u03b9\u03bc\u03b7\u03c2 \u03b3\u03b9\u03b1 \u03c4\u03bf\u03bd \u03bb\u03b1\u03cc \u03c3\u03c5\u03bc\u03c6\u03c9\u03bd\u03af\u03b1\u03c2","UserName":"the paper","Date":"Sun May 17 11:56:08 +0000 2015","icon":"http:\/\/pbs.twimg.com\/profile_images\/378800000479607515\/03fe14d0cf9106b30aea762c14aab1d3_normal.png","BelongsTo":"\u0398\u0395\u039f\u0394\u03a9\u03a1\u0391\u039a\u0397\u03a3","size":"small","name":"basic-graph"},{"Tweet":"\u03a3\u03c4. \u0398\u03b5\u03bf\u03b4\u03c9\u03c1\u03ac\u03ba\u03b7\u03c2: \u0398\u03b1 \u03c3\u03c4\u03b7\u03c1\u03af\u03be\u03bf\u03c5\u03bc\u03b5 \u03bc\u03b9\u03b1 \u03c3\u03c5\u03bc\u03c6\u03c9\u03bd\u03af\u03b1 \u03b1\u03bd \u03b5\u03af\u03bd\u03b1\u03b9 \u03c9\u03c6\u03ad\u03bb\u03b9\u03bc\u03b7 \u03b3\u03b9\u03b1 \u03c4\u03bf\u03bd \u03bb\u03b1\u03cc","UserName":"\u0391\u03a0\u0395-\u039c\u03a0\u0395","Date":"Sun May 17 11:45:19 +0000 2015","icon":"http:\/\/pbs.twimg.com\/profile_images\/3474640049\/548e1382556a95f69793543f30a5e636_normal.jpeg","BelongsTo":"\u0398\u0395\u039f\u0394\u03a9\u03a1\u0391\u039a\u0397\u03a3","size":"small","name":"basic-graph"}],"links":[{"source":1,"target":0},{"source":2,"target":0},{"source":3,"target":0},{"source":4,"target":0},{"source":5,"target":0},{"source":6,"target":0},{"source":7,"target":0},{"source":8,"target":0},{"source":9,"target":0},{"source":10,"target":0},{"source":11,"target":0},{"source":12,"target":0},{"source":13,"target":0},{"source":14,"target":0},{"source":15,"target":0}]}