{"nodes":[{"Tweet":"Deputy","UserName":"\u03a1\u0399\u0396\u039f\u03a3","Date":"null","icon":"http:\/\/content-mcdn.imerisia.gr\/filesystem\/images\/20130114\/low\/2008110304108_120804528.jpg","BelongsTo":"null","size":"big","name":"basic-graph"},{"Tweet":"- \u03ba\u03cc\u03c1\u03b7 \u03ba\u03b1\u03c1\u03b1\u03b2\u03bf\u03ba\u03cd\u03c1\u03b7! - \u03c0\u03b1\u03c1\u03b1\u03ba\u03b1\u03bb\u03ce! - \u03b3\u03b9\u03b1\u03c4\u03af \u03b4\u03b5 \u03bc\u03b5 \u03b8\u03b5\u03c2 \u03ba\u03c5\u03c1\u03ac \u03bc\u03bf\u03c5, \u03b5\u03c0\u03b5\u03b9\u03b4\u03ae \u03b5\u03af\u03bc\u03b1\u03b9 \u03c8\u03b1\u03c1\u03ac\u03c2? - \u03cc\u03c7\u03b9, \u03b5\u03c0\u03b5\u03b9\u03b4\u03ae \u03b4\u03b5\u03bd \u03be\u03ad\u03c1\u03b5\u03b9\u03c2 \u03bf\u03bb\u03cc\u03ba\u03bb\u03b7\u03c1\u03bf \u03ad\u03bd\u03b1 \u03c4\u03c1\u03b1\u03b3\u03bf\u03cd\u03b4\u03b9!","UserName":"Polly Rizos","Date":"Fri May 15 17:02:01 +0000 2015","icon":"http:\/\/pbs.twimg.com\/profile_images\/428493912626311168\/rWlVuPkZ_normal.jpeg","BelongsTo":"\u03a1\u0399\u0396\u039f\u03a3","size":"small","name":"basic-graph"},{"Tweet":"\u0394\u03b5\u03bd \u03bc\u03c0\u03bf\u03c1\u03b5\u03af\u03c2 \u03bd\u03b1 \u03ba\u03c1\u03cd\u03c8\u03b5\u03b9\u03c2 \u03c4\u03b7\u03bd \u03b1\u03bd\u03b9\u03ba\u03b1\u03bd\u03cc\u03c4\u03b7\u03c4\u03b1 \u03c3\u03bf\u03c5 \u03bc\u03b5\u03b9\u03ce\u03bd\u03bf\u03bd\u03c4\u03b1\u03c2 \u03c4\u03b9\u03c2 \u03b9\u03ba\u03b1\u03bd\u03cc\u03c4\u03b7\u03c4\u03b5\u03c2 \u03c4\u03c9\u03bd \u03ac\u03bb\u03bb\u03c9\u03bd!","UserName":"Polly Rizos","Date":"Fri May 15 17:00:28 +0000 2015","icon":"http:\/\/pbs.twimg.com\/profile_images\/428493912626311168\/rWlVuPkZ_normal.jpeg","BelongsTo":"\u03a1\u0399\u0396\u039f\u03a3","size":"small","name":"basic-graph"},{"Tweet":"Facebook: \u03a8\u03ad\u03bc\u03b1 \u03c3\u03c4\u03bf\u03c5\u03c2 \u03b3\u03bd\u03c9\u03c3\u03c4\u03bf\u03cd\u03c2. Twitter: \u0391\u03bb\u03ae\u03b8\u03b5\u03b9\u03b1 \u03c3\u03c4\u03bf\u03c5\u03c2 \u03b1\u03b3\u03bd\u03ce\u03c3\u03c4\u03bf\u03c5\u03c2.","UserName":"Polly Rizos","Date":"Thu May 14 19:53:39 +0000 2015","icon":"http:\/\/pbs.twimg.com\/profile_images\/428493912626311168\/rWlVuPkZ_normal.jpeg","BelongsTo":"\u03a1\u0399\u0396\u039f\u03a3","size":"small","name":"basic-graph"},{"Tweet":"\u039a\u03b1\u03c4\u03b1\u03c0\u03b9\u03b1\u03bd\u03cc\u03bc\u03b1\u03c3\u03c4\u03b5 \u03bc\u03b5 \u03c4\u03bf \u03c4\u03af\u03c0\u03bf\u03c4\u03b1 \u03ba\u00b4\u03b1\u03c6\u03b7\u03bd\u03bf\u03c5\u03bc\u03b5 \u03c4\u03bf \u03ba\u03ac\u03c4\u03b9 \u03bd\u03b1 \u03c0\u03b5\u03b8\u03ac\u03bd\u03b5\u03b9.","UserName":"Polly Rizos","Date":"Thu May 14 18:45:45 +0000 2015","icon":"http:\/\/pbs.twimg.com\/profile_images\/428493912626311168\/rWlVuPkZ_normal.jpeg","BelongsTo":"\u03a1\u0399\u0396\u039f\u03a3","size":"small","name":"basic-graph"},{"Tweet":"\u039c\u03c0\u03bf\u03c1\u03b5\u03af\u03c2 \u03bd\u03b1 \u03c0\u03c1\u03bf\u03c3\u03c0\u03bf\u03b9\u03b7\u03b8\u03b5\u03af\u03c2 \u03c0\u03c9\u03c2 \u03b5\u03af\u03c3\u03b1\u03b9 \u03c3\u03bf\u03b2\u03b1\u03c1\u03cc\u03c2 \u03b1\u03bb\u03bb\u03ac \u03b4\u03b5 \u03bc\u03c0\u03bf\u03c1\u03b5\u03af\u03c2 \u03bd\u03b1 \u03c0\u03c1\u03bf\u03c3\u03c0\u03bf\u03b9\u03b7\u03b8\u03b5\u03af\u03c2 \u03c0\u03c9\u03c2 \u03b5\u03af\u03c3\u03b1\u03b9 \u03b1\u03c3\u03c4\u03b5\u03af\u03bf\u03c2.","UserName":"Polly Rizos","Date":"Wed May 13 21:41:37 +0000 2015","icon":"http:\/\/pbs.twimg.com\/profile_images\/428493912626311168\/rWlVuPkZ_normal.jpeg","BelongsTo":"\u03a1\u0399\u0396\u039f\u03a3","size":"small","name":"basic-graph"},{"Tweet":"\u03a4\u03bf \u03b5\u03ba\u03c0\u03bb\u03b7\u03ba\u03c4\u03b9\u03ba\u03cc \"\u03c6\u03bf\u03b2\u03ac\u03bc\u03b1\u03b9 \u03bf\u03bb\u03b1 \u03b1\u03c5\u03c4\u03ac \u03c0\u03bf\u03c5 \u03b8\u03b1 \u03b3\u03af\u03bd\u03bf\u03c5\u03bd \u03b3\u03b9\u03b1 \u03bc\u03ad\u03bd\u03b1 \u03c7\u03c9\u03c1\u03b9\u03c2 \u03b5\u03bc\u03ad\u03bd\u03b1 \", \u03b1\u03bd\u03b5\u03c0\u03b9\u03c3\u03c4\u03c1\u03b5\u03c0\u03c4\u03af \u03b5;;;","UserName":"Polly Rizos","Date":"Wed May 13 21:34:12 +0000 2015","icon":"http:\/\/pbs.twimg.com\/profile_images\/428493912626311168\/rWlVuPkZ_normal.jpeg","BelongsTo":"\u03a1\u0399\u0396\u039f\u03a3","size":"small","name":"basic-graph"},{"Tweet":"\u03a1\u03af\u03b6\u03bf\u03c2 \u039c\u03b1\u03c1\u03bf\u03cd\u03b4\u03b1\u03c2_\u0391\u03bd\u03c4\u03b9\u03b4\u03c1\u03bf\u03cd\u03bd \u03c3\u03c4\u03b7 \u03b2\u03b1\u03c1\u03b9\u03ac \u03c6\u03bf\u03c1\u03bf\u03bb\u03cc\u03b3\u03b7\u03c3\u03b7 \u03bf\u03b9 \u03b1\u03b3\u03c1\u03cc\u03c4\u03b5\u03c2_\u0394\u03b5\u03bb\u03c4\u03af\u03bf 12 05 2015 | thessaliatv.gr |...","UserName":"\u0398\u03b5\u03c3\u03c3\u03b1\u03bb\u03af\u03b1 \u03a4\u03b7\u03bb\u03b5\u03cc\u03c1\u03b1\u03c3\u03b7","Date":"Tue May 12 19:27:50 +0000 2015","icon":"http:\/\/pbs.twimg.com\/profile_images\/455961476855894016\/psL82aic_normal.jpeg","BelongsTo":"\u03a1\u0399\u0396\u039f\u03a3","size":"small","name":"basic-graph"},{"Tweet":"\u03a1\u0399\u0396\u039f\u03a3. \u0395\u039e\u039f\u03a0\u039b\u0399\u03a3\u039c\u039f\u03a3 \u039a\u0391\u03a4\u0391\u03a3\u03a4\u0397\u039c\u0391\u03a4\u03a9\u039d (\u03ba\u03b1\u03b9 \u03cc\u03c7\u03b9 \u03bc\u03cc\u03bd\u03bf) \u03a3\u03a4\u0391 \u03a4\u03a1\u0399\u039a\u0391\u039b\u0391","UserName":"Trikalavoice","Date":"Tue May 12 05:00:17 +0000 2015","icon":"http:\/\/pbs.twimg.com\/profile_images\/490495000048701440\/4VSjNAa7_normal.jpeg","BelongsTo":"\u03a1\u0399\u0396\u039f\u03a3","size":"small","name":"basic-graph"},{"Tweet":"Dimitrios G. Rizos \u03c0\u03bf\u03c5 \u03b5\u03af\u03bd\u03b1\u03b9 \u03c4\u03bf \u03bc\u03b1\u03cd\u03c1\u03bf \u03b3\u03b1\u03c4\u03ac\u03ba\u03b9;","UserName":"Ilias Tselios","Date":"Sun May 10 12:18:40 +0000 2015","icon":"http:\/\/pbs.twimg.com\/profile_images\/1428840677\/a_normal.jpg","BelongsTo":"\u03a1\u0399\u0396\u039f\u03a3","size":"small","name":"basic-graph"}],"links":[{"source":1,"target":0},{"source":2,"target":0},{"source":3,"target":0},{"source":4,"target":0},{"source":5,"target":0},{"source":6,"target":0},{"source":7,"target":0},{"source":8,"target":0},{"source":9,"target":0}]}