{"nodes":[{"Tweet":"Deputy","UserName":"\u039a\u0391\u039c\u039c\u0395\u039d\u039f\u03a3","Date":"null","icon":"http:\/\/www.vouliwatch.gr\/wp-content\/uploads\/2015\/02\/KammenosDimitris.jpg","BelongsTo":"null","size":"big","name":"basic-graph"},{"Tweet":"\u039a\u03b1\u03bc\u03bc\u03ad\u03bd\u03bf\u03c2: \"\u0391\u03c5\u03c4\u03ae \u03b7 \u03ba\u03c5\u03b2\u03ad\u03c1\u03bd\u03b7\u03c3\u03b7 \u03b4\u03b5\u03bd \u03c0\u03c1\u03cc\u03ba\u03b5\u03b9\u03c4\u03b1\u03b9 \u03bd\u03b1 \u03c5\u03c0\u03bf\u03b3\u03c1\u03ac\u03c8\u03b5\u03b9 \u03bc\u03bd\u03b7\u03bc\u03cc\u03bd\u03b9\u03b1\"","UserName":"E WEB TV","Date":"Thu May 14 10:10:13 +0000 2015","icon":"http:\/\/pbs.twimg.com\/profile_images\/1514425688\/ewebtvlogo75x75_normal.jpg","BelongsTo":"\u039a\u0391\u039c\u039c\u0395\u039d\u039f\u03a3","size":"small","name":"basic-graph"},{"Tweet":"\u039a\u03b1\u03bc\u03bc\u03ad\u03bd\u03bf\u03c2: \u0391\u03c5\u03c4\u03ae \u03b7 \u03ba\u03c5\u03b2\u03ad\u03c1\u03bd\u03b7\u03c3\u03b7 \u03b4\u03b5\u03bd \u03b8\u03b1 \u03c5\u03c0\u03bf\u03b3\u03c1\u03ac\u03c8\u03b5\u03b9 \u03bc\u03bd\u03b7\u03bc\u03cc\u03bd\u03b9\u03b1","UserName":"nocomments.gr","Date":"Thu May 14 10:08:36 +0000 2015","icon":"http:\/\/pbs.twimg.com\/profile_images\/2762496993\/6f579a562bf1ab0b59569b416aa9561b_normal.png","BelongsTo":"\u039a\u0391\u039c\u039c\u0395\u039d\u039f\u03a3","size":"small","name":"basic-graph"},{"Tweet":"\u039a\u03b1\u03bc\u03bc\u03ad\u03bd\u03bf\u03c2: \u0391\u03c5\u03c4\u03ae \u03b7 \u03ba\u03c5\u03b2\u03ad\u03c1\u03bd\u03b7\u03c3\u03b7 \u03b4\u03b5\u03bd \u03b8\u03b1 \u03c5\u03c0\u03bf\u03b3\u03c1\u03ac\u03c8\u03b5\u03b9\u00a0\u03bc\u03bd\u03b7\u03bc\u03cc\u03bd\u03b9\u03b1","UserName":"\u03a0\u03b9\u03ba\u03bf\u03c2 \u0391\u03c0\u03b9\u03ba\u03bf\u03c2","Date":"Thu May 14 10:00:45 +0000 2015","icon":"http:\/\/pbs.twimg.com\/profile_images\/585179876338049024\/DmwxzsNb_normal.jpg","BelongsTo":"\u039a\u0391\u039c\u039c\u0395\u039d\u039f\u03a3","size":"small","name":"basic-graph"},{"Tweet":"\u039a\u03b1\u03bc\u03bc\u03ad\u03bd\u03bf\u03c2: \u0397 \u03ba\u03c5\u03b2\u03ad\u03c1\u03bd\u03b7\u03c3\u03b7 \u03b4\u03b5\u03bd \u03c0\u03c1\u03cc\u03ba\u03b5\u03b9\u03c4\u03b1\u03b9 \u03bd\u03b1 \u03c5\u03c0\u03bf\u03b3\u03c1\u03ac\u03c8\u03b5\u03b9 \u03bc\u03bd\u03b7\u03bc\u03cc\u03bd\u03b9\u03b1","UserName":"dikaiologitika","Date":"Thu May 14 09:48:40 +0000 2015","icon":"http:\/\/pbs.twimg.com\/profile_images\/452058414634385408\/KkePAQ44_normal.jpeg","BelongsTo":"\u039a\u0391\u039c\u039c\u0395\u039d\u039f\u03a3","size":"small","name":"basic-graph"},{"Tweet":"\u039a\u03b1\u03bc\u03bc\u03ad\u03bd\u03bf\u03c2: \"\u0391\u03c5\u03c4\u03ae \u03b7 \u03ba\u03c5\u03b2\u03ad\u03c1\u03bd\u03b7\u03c3\u03b7 \u03b4\u03b5\u03bd \u03c0\u03c1\u03cc\u03ba\u03b5\u03b9\u03c4\u03b1\u03b9 \u03bd\u03b1 \u03c5\u03c0\u03bf\u03b3\u03c1\u03ac\u03c8\u03b5\u03b9 \u03bc\u03bd\u03b7\u03bc\u03cc\u03bd\u03b9\u03b1\": \u00ab\u039f\u03b9 \u0391\u03bd\u03b5\u03be\u03ac\u03c1\u03c4\u03b7\u03c4\u03bf\u03b9 \u0388\u03bb\u03bb\u03b7\u03bd\u03b5\u03c2\u2026","UserName":"\u0395\u039b\u0395\u03a5\u0398\u0395\u03a1\u0399\u0391 \u039a\u0391\u039b\u0391\u039c\u0391\u03a4\u0391","Date":"Thu May 14 09:43:14 +0000 2015","icon":"http:\/\/pbs.twimg.com\/profile_images\/2899314768\/8e759d1fe7a27e750cf7f33aa7525591_normal.png","BelongsTo":"\u039a\u0391\u039c\u039c\u0395\u039d\u039f\u03a3","size":"small","name":"basic-graph"},{"Tweet":"\u0395\u03c0\u03b9\u03bc\u03ad\u03bd\u03b5\u03b9 \u03bf \u039a\u03b1\u03bc\u03bc\u03ad\u03bd\u03bf\u03c2: \u00ab\u0391\u03c5\u03c4\u03ae \u03b7 \u03ba\u03c5\u03b2\u03ad\u03c1\u03bd\u03b7\u03c3\u03b7 \u03b4\u03b5\u03bd \u03c0\u03c1\u03cc\u03ba\u03b5\u03b9\u03c4\u03b1\u03b9 \u03bd\u03b1 \u03c5\u03c0\u03bf\u03b3\u03c1\u03ac\u03c8\u03b5\u03b9 \u03bc\u03bd\u03b7\u03bc\u03cc\u03bd\u03b9\u03b1\u00bb","UserName":"\u0395\u03bb\u03b5\u03cd\u03b8\u03b5\u03c1\u03bf\u03c2 \u03a4\u03cd\u03c0\u03bf\u03c2","Date":"Thu May 14 09:40:15 +0000 2015","icon":"http:\/\/pbs.twimg.com\/profile_images\/522796160570769408\/hn0fxTni_normal.png","BelongsTo":"\u039a\u0391\u039c\u039c\u0395\u039d\u039f\u03a3","size":"small","name":"basic-graph"},{"Tweet":"\u039f \u03a0\u03ac\u03bd\u03bf\u03c2 \u039a\u03b1\u03bc\u03bc\u03ad\u03bd\u03bf\u03c2 \u03b5\u03b3\u03ba\u03b1\u03b9\u03bd\u03af\u03b1\u03c3\u03b5 \u03c4\u03b7\u03bd \u03c0\u03c1\u03ce\u03c4\u03b7 \u039c\u039f\u039c\u0391","UserName":"Voice News","Date":"Thu May 14 09:39:42 +0000 2015","icon":"http:\/\/pbs.twimg.com\/profile_images\/552675695042625536\/62lXie0__normal.jpeg","BelongsTo":"\u039a\u0391\u039c\u039c\u0395\u039d\u039f\u03a3","size":"small","name":"basic-graph"},{"Tweet":"\u039a\u03b1\u03bc\u03bc\u03ad\u03bd\u03bf\u03c2: \u00ab\u0391\u03c5\u03c4\u03ae \u03b7 \u03ba\u03c5\u03b2\u03ad\u03c1\u03bd\u03b7\u03c3\u03b7 \u03b4\u03b5\u03bd \u03c0\u03c1\u03cc\u03ba\u03b5\u03b9\u03c4\u03b1\u03b9 \u03bd\u03b1 \u03c5\u03c0\u03bf\u03b3\u03c1\u03ac\u03c8\u03b5\u03b9 \u03bc\u03bd\u03b7\u03bc\u03cc\u03bd\u03b9\u03b1\u00bb","UserName":"HellasChannel","Date":"Thu May 14 09:31:57 +0000 2015","icon":"http:\/\/pbs.twimg.com\/profile_images\/1607431027\/HC_normal.jpg","BelongsTo":"\u039a\u0391\u039c\u039c\u0395\u039d\u039f\u03a3","size":"small","name":"basic-graph"},{"Tweet":"\u039a\u03b1\u03bc\u03bc\u03ad\u03bd\u03bf\u03c2: \u039a\u03ac\u03c0\u03bf\u03b9\u03b1 \u03c3\u03c5\u03bc\u03c6\u03ad\u03c1\u03bf\u03bd\u03c4\u03b1 \u03ad\u03c7\u03b1\u03c3\u03b1\u03bd \u03bb\u03b5\u03c6\u03c4\u03ac \u03bc\u03b5 \u03c4\u03b7\u03bd \u03b1\u03c0\u03cc\u03c6\u03b1\u03c3\u03b7 \u03bc\u03b1\u03c2 \u03b3\u03b9\u03b1 \u03c4\u03b1 \u03b1\u03b5\u03c1\u03bf\u03c3\u03ba\u03ac\u03c6\u03b7 \u03c4\u03bf\u03c5 \u03a0\u039d -","UserName":"Freska Nea","Date":"Thu May 14 09:27:58 +0000 2015","icon":"http:\/\/pbs.twimg.com\/profile_images\/553908409704009728\/9kqtXNVN_normal.jpeg","BelongsTo":"\u039a\u0391\u039c\u039c\u0395\u039d\u039f\u03a3","size":"small","name":"basic-graph"},{"Tweet":"\u03a0. \u039a\u03b1\u03bc\u03bc\u03ad\u03bd\u03bf\u03c2: \u0391\u03c5\u03c4\u03ae \u03b7 \u03ba\u03c5\u03b2\u03ad\u03c1\u03bd\u03b7\u03c3\u03b7 \u03b4\u03b5\u03bd \u03b8\u03b1 \u03b3\u03bf\u03bd\u03b1\u03c4\u03af\u03c3\u03b5\u03b9, \u03b4\u03b5\u03bd \u03b8\u03b1 \u03c5\u03c0\u03bf\u03b3\u03c1\u03ac\u03c8\u03b5\u03b9 \u03bc\u03bd\u03b7\u03bc\u03cc\u03bd\u03b9\u03bf via","UserName":"Marty Deeks-Charlie","Date":"Thu May 14 09:24:00 +0000 2015","icon":"http:\/\/pbs.twimg.com\/profile_images\/528201868225572864\/twpCEzKZ_normal.jpeg","BelongsTo":"\u039a\u0391\u039c\u039c\u0395\u039d\u039f\u03a3","size":"small","name":"basic-graph"},{"Tweet":": \u0391\u03c5\u03c4\u03ae \u03b7 \u03ba\u03c5\u03b2\u03ad\u03c1\u03bd\u03b7\u03c3\u03b7 \u03b4\u03b5\u03bd \u03b8\u03b1 \u03c5\u03c0\u03bf\u03b3\u03c1\u03ac\u03c8\u03b5\u03b9 \u03bc\u03bd\u03b7\u03bc\u03cc\u03bd\u03b9\u03b1","UserName":"Antenna News","Date":"Thu May 14 09:19:49 +0000 2015","icon":"http:\/\/pbs.twimg.com\/profile_images\/522717332980776962\/Ad9VZLaz_normal.jpeg","BelongsTo":"\u039a\u0391\u039c\u039c\u0395\u039d\u039f\u03a3","size":"small","name":"basic-graph"},{"Tweet":"\u039a\u03b1\u03bc\u03bc\u03ad\u03bd\u03bf\u03c2: \u0394\u03b5\u03bd \u03c0\u03c1\u03cc\u03ba\u03b5\u03b9\u03c4\u03b1\u03b9 \u03bd\u03b1 \u03c5\u03c0\u03bf\u03b3\u03c1\u03ac\u03c8\u03bf\u03c5\u03bc\u03b5 \u039c\u03bd\u03b7\u03bc\u03cc\u03bd\u03b9\u03b1","UserName":"Paris Hatzievagelou","Date":"Thu May 14 09:08:05 +0000 2015","icon":"http:\/\/pbs.twimg.com\/profile_images\/557473320635887617\/zTZTQoxj_normal.jpeg","BelongsTo":"\u039a\u0391\u039c\u039c\u0395\u039d\u039f\u03a3","size":"small","name":"basic-graph"},{"Tweet":"\u03a0\u03ac\u03bd\u03bf\u03c2 \u039a\u03b1\u03bc\u03bc\u03ad\u03bd\u03bf\u03c2: \u00ab\u0394\u03b5\u03bd \u03c0\u03c1\u03cc\u03ba\u03b5\u03b9\u03c4\u03b1\u03b9 \u03bd\u03b1 \u03c8\u03b7\u03c6\u03af\u03c3\u03bf\u03c5\u03bc\u03b5 \u03bd\u03ad\u03bf \u03bc\u03bd\u03b7\u03bc\u03cc\u03bd\u03b9\u03bf\u00bb","UserName":"The TOC","Date":"Thu May 14 09:03:11 +0000 2015","icon":"http:\/\/pbs.twimg.com\/profile_images\/430757483401850880\/RDLm9u70_normal.jpeg","BelongsTo":"\u039a\u0391\u039c\u039c\u0395\u039d\u039f\u03a3","size":"small","name":"basic-graph"},{"Tweet":"\u03a0\u0391\u039d\u039f\u03a3 \u039a\u0391\u039c\u039c\u0395\u039d\u039f\u03a3: \u0391\u03c5\u03c4\u03ae \u03b7 \u03ba\u03c5\u03b2\u03ad\u03c1\u03bd\u03b7\u03c3\u03b7 \u03b4\u03b5\u03bd \u03c0\u03c1\u03cc\u03ba\u03b5\u03b9\u03c4\u03b1\u03b9 \u03bd\u03b1 \u03c5\u03c0\u03bf\u03b3\u03c1\u03ac\u03c8\u03b5\u03b9 \u03bc\u03bd\u03b7\u03bc\u03cc\u03bd\u03b9\u03bf","UserName":"\u039a\u0391\u03a4\u0399\u0391 \u039d\u03a4\u0391\u0392\u03a1\u0391\u039d\u0397","Date":"Thu May 14 09:01:15 +0000 2015","icon":"http:\/\/pbs.twimg.com\/profile_images\/589718313195986944\/bAL4hfnS_normal.jpg","BelongsTo":"\u039a\u0391\u039c\u039c\u0395\u039d\u039f\u03a3","size":"small","name":"basic-graph"}],"links":[{"source":1,"target":0},{"source":2,"target":0},{"source":3,"target":0},{"source":4,"target":0},{"source":5,"target":0},{"source":6,"target":0},{"source":7,"target":0},{"source":8,"target":0},{"source":9,"target":0},{"source":10,"target":0},{"source":11,"target":0},{"source":12,"target":0},{"source":13,"target":0},{"source":14,"target":0}]}