{"nodes":[{"Tweet":"Deputy","UserName":"\u03a4\u03a3\u0399\u03a0\u03a1\u0391\u03a3","Date":"null","icon":"http:\/\/asset.tovima.gr\/vimawebstatic\/\/4FD08321545B960CB4040B951F17DB40.jpg","BelongsTo":"null","size":"big","name":"basic-graph"},{"Tweet":"\u039d\u03c4\u03af\u03be\u03bf\u03bd (Reuters): Grexit \u03b1\u03bd \u03bf \u03a4\u03c3\u03af\u03c0\u03c1\u03b1\u03c2 \u03b4\u03b9\u03ce\u03be\u03b5\u03b9 \u03c4\u03bf\u03bd \u03a3\u03c4\u03bf\u03c5\u03c1\u03bd\u03ac\u03c1\u03b1","UserName":"Kouti Pandoras","Date":"Thu May 14 10:15:51 +0000 2015","icon":"http:\/\/pbs.twimg.com\/profile_images\/378800000824568080\/5ca14d82b94975c1e05eb9c3c9c3dc17_normal.jpeg","BelongsTo":"\u03a4\u03a3\u0399\u03a0\u03a1\u0391\u03a3","size":"small","name":"basic-graph"},{"Tweet":"\u0392\u03b1\u03c3\u03b9\u03ba\u03ad\u03c2 \u03c0\u03bf\u03bb\u03b9\u03c4\u03b9\u03ba\u03ad\u03c2 \u03c0\u03b1\u03b3\u03af\u03b4\u03b5\u03c2: Grexit, Brexit \u03ba\u03b1\u03b9 \u03b7 \u03b1\u03c3\u03c4\u03ac\u03b8\u03b5\u03b9\u03b1 \u03c3\u03c4\u03b7 \u039c\u03b5\u03c3\u03cc\u03b3\u03b5\u03b9\u03bf","UserName":"LaSTofTRoiKaNS","Date":"Thu May 14 10:15:31 +0000 2015","icon":"http:\/\/pbs.twimg.com\/profile_images\/551495231158243328\/vxAjdo6-_normal.jpeg","BelongsTo":"\u03a4\u03a3\u0399\u03a0\u03a1\u0391\u03a3","size":"small","name":"basic-graph"},{"Tweet":"\u039d\u03c4\u03af\u03be\u03bf\u03bd(Reuters): \u0391\u03bd \u03bf \u03a4\u03c3\u03af\u03c0\u03c1\u03b1\u03c2 \u03b1\u03c0\u03bf\u03bb\u03cd\u03c3\u03b5\u03b9 \u03c4\u03bf\u03bd \u03a3\u03c4\u03bf\u03c5\u03c1\u03bd\u03ac\u03c1\u03b1, \u03c3\u03b7\u03bc\u03b1\u03af\u03bd\u03b5\u03b9 \u03cc\u03c4\u03b9 \u03b8\u03ad\u03bb\u03b5\u03b9 Grexit","UserName":"THIVAHELLAS","Date":"Thu May 14 10:10:07 +0000 2015","icon":"http:\/\/pbs.twimg.com\/profile_images\/562348519197908992\/6EGz0L2c_normal.jpeg","BelongsTo":"\u03a4\u03a3\u0399\u03a0\u03a1\u0391\u03a3","size":"small","name":"basic-graph"},{"Tweet":"\u03a4\u03c3\u03af\u03c0\u03c1\u03b1\u03c2: \u03a3\u03b7\u03bc\u03b1\u03bd\u03c4\u03b9\u03ba\u03ae \u03b7 \u03c3\u03c4\u03ae\u03c1\u03b9\u03be\u03b7 \u03c4\u03b7\u03c2 \u03bf\u03bc\u03bf\u03b3\u03ad\u03bd\u03b5\u03b9\u03b1\u03c2","UserName":"karfitsa.gr","Date":"Thu May 14 10:08:08 +0000 2015","icon":"http:\/\/pbs.twimg.com\/profile_images\/378800000339753613\/75c4f77ba3a7120f9f08c8c02e421620_normal.png","BelongsTo":"\u03a4\u03a3\u0399\u03a0\u03a1\u0391\u03a3","size":"small","name":"basic-graph"},{"Tweet":"Reuters: \u0391\u03bd \u03bf \u03a4\u03c3\u03af\u03c0\u03c1\u03b1\u03c2 \u03b1\u03c0\u03bf\u03bb\u03cd\u03c3\u03b5\u03b9 \u03c4\u03bf\u03bd \u03a3\u03c4\u03bf\u03c5\u03c1\u03bd\u03ac\u03c1\u03b1 \u03c3\u03b7\u03bc\u03b1\u03af\u03bd\u03b5\u03b9 \u03cc\u03c4\u03b9 \u03b8\u03ad\u03bb\u03b5\u03b9 Grexit ...\u03a0\u03bf\u03c3\u03bf \u03c4\u03c1\u03b5\u03bc\u03bf\u03c5\u03bd \u03b3\u03b9\u03b1 \u03c4\u03bf \u03b3\u03b9\u03bf\u03c5\u03c3\u03bf\u03c5\u03c6\u03b1\u03ba\u03b9 \u03c4\u03bf\u03c5\u03c2;","UserName":"Marios Petridis","Date":"Thu May 14 10:03:45 +0000 2015","icon":"http:\/\/pbs.twimg.com\/profile_images\/540534398324441088\/2KScnoV1_normal.jpeg","BelongsTo":"\u03a4\u03a3\u0399\u03a0\u03a1\u0391\u03a3","size":"small","name":"basic-graph"},{"Tweet":"\u039c\u0395\u0393\u0391\u03a1\u039f \u039c\u0391\u039e\u0399\u039c\u039f\u03a5: \u039f \u0391\u03bb. \u03a4\u03c3\u03af\u03c0\u03c1\u03b1\u03c2 \u03bc\u03b5 \u03b1\u03bd\u03c4\u03b9\u03c0\u03c1\u03bf\u03c3\u03c9\u03c0\u03b5\u03af\u03b1 \u03c4\u03c9\u03bd \u0391\u03a7\u0395\u03a0\u0391","UserName":"\u0397\u03bb\u03af\u03b1\u03c2 \u03a0\u03b1\u03bd\u03b1\u03b3\u03b9\u03c9\u03c4\u03af\u03b4\u03b7\u03c2","Date":"Thu May 14 10:02:35 +0000 2015","icon":"http:\/\/pbs.twimg.com\/profile_images\/455297395459252224\/wZvOewyb_normal.jpeg","BelongsTo":"\u03a4\u03a3\u0399\u03a0\u03a1\u0391\u03a3","size":"small","name":"basic-graph"},{"Tweet":"\u0393\u03b9\u03b1 \u00ab\u03b1\u03bc\u03bf\u03b9\u03b2\u03b1\u03af\u03b1 \u03b5\u03c0\u03c9\u03c6\u03b5\u03bb\u03ae \u03c3\u03c5\u03bc\u03c6\u03c9\u03bd\u03af\u03b1\u00bb: \u03a3\u03c5\u03bd\u03b5\u03c7\u03af\u03b6\u03b5\u03c4\u03b1\u03b9 \u03b7 \u03b4\u03b9\u03b1\u03c0\u03c1\u03b1\u03b3\u03bc\u03ac\u03c4\u03b5\u03c5\u03c3\u03b7 \u03c3\u03c4\u03bf Brussels Group (\u03b5\u03bd\u03b7\u03bc\u03ad\u03c1\u03c9\u03c3\u03b7)","UserName":"Teo Grousalis","Date":"Thu May 14 10:01:43 +0000 2015","icon":"http:\/\/pbs.twimg.com\/profile_images\/568011159198912512\/qD1PiTyp_normal.jpeg","BelongsTo":"\u03a4\u03a3\u0399\u03a0\u03a1\u0391\u03a3","size":"small","name":"basic-graph"},{"Tweet":"\u03a4\u03b7 \u03c3\u03c4\u03ae\u03c1\u03b9\u03be\u03b7 \u03c4\u03b7\u03c2 \u03bf\u03bc\u03bf\u03b3\u03ad\u03bd\u03b5\u03b9\u03b1\u03c2 \u03b6\u03ae\u03c4\u03b7\u03c3\u03b5 \u03bf \u03a4\u03c3\u03af\u03c0\u03c1\u03b1\u03c2 -","UserName":"Cretapost.gr","Date":"Thu May 14 10:00:59 +0000 2015","icon":"http:\/\/pbs.twimg.com\/profile_images\/559701218709098496\/iiVosymg_normal.png","BelongsTo":"\u03a4\u03a3\u0399\u03a0\u03a1\u0391\u03a3","size":"small","name":"basic-graph"},{"Tweet":"\u03a3\u03c4\u03ae\u03c1\u03b9\u03be\u03b7 \u03b1\u03c0\u03cc \u03c4\u03b7\u03bd \u03bf\u03bc\u03bf\u03b3\u03ad\u03bd\u03b5\u03b9\u03b1 \u03b6\u03ae\u03c4\u03b7\u03c3\u03b5 \u03bf \u0391\u03bb. \u03a4\u03c3\u03af\u03c0\u03c1\u03b1\u03c2","UserName":"\u03a3\u03b1\u03c1\u03b4\u03ad\u03bb\u03b1!","Date":"Thu May 14 09:59:23 +0000 2015","icon":"http:\/\/pbs.twimg.com\/profile_images\/564900914062831616\/MqsK5Hcq_normal.jpeg","BelongsTo":"\u03a4\u03a3\u0399\u03a0\u03a1\u0391\u03a3","size":"small","name":"basic-graph"}],"links":[{"source":1,"target":0},{"source":2,"target":0},{"source":3,"target":0},{"source":4,"target":0},{"source":5,"target":0},{"source":6,"target":0},{"source":7,"target":0},{"source":8,"target":0},{"source":9,"target":0}]}