{"nodes":[{"Tweet":"Deputy","UserName":"\u039a\u039f\u03a5\u03a4\u03a3\u039f\u03a5\u039c\u03a0\u0391\u03a3","Date":"null","icon":"http:\/\/www.sofokleousin.gr\/files\/koutsoumpas_dimitris_144368301.jpg","BelongsTo":"null","size":"big","name":"basic-graph"},{"Tweet":"\u0394\u0399\u0391\u039b\u0395\u039e\u03a4\u0395 \u0398\u0391 \u03a3\u03a5\u039c\u03a6\u03a9\u039d\u0397\u03a3\u039f\u03a5\u039c\u0395\u0389 \u039f\u03a7\u0399? \u03a4\u0397\u039d \u039c\u0399\u0391 \u039c\u0391\u03a3 \u039b\u0395\u03a4\u0395 \u0395\u03a4\u03a3\u0399 \u039a\u0391\u0399 \u03a4\u0397\u039d \u0391\u039b\u039b\u0397 \u0391\u039b\u039b\u0399\u03a9\u03a3!","UserName":"LENA","Date":"Sun May 17 21:11:01 +0000 2015","icon":"http:\/\/pbs.twimg.com\/profile_images\/2136743022\/_______093_normal.jpg","BelongsTo":"\u039a\u039f\u03a5\u03a4\u03a3\u039f\u03a5\u039c\u03a0\u0391\u03a3","size":"small","name":"basic-graph"},{"Tweet":"\u0395\u03a6\u03a3\u03a5\u039d : \u039a\u03bf\u03c5\u03c4\u03c3\u03bf\u03cd\u03bc\u03c0\u03b1\u03c2: \u0393\u03b9\u03b1 \u03c4\u03bf \u039d\u0391\u03a4\u039f \u03ad\u03c7\u03bf\u03c5\u03bd \u03c7\u03c1\u03cc\u03bd\u03bf, \u03b3\u03b9\u03b1 \u03c4\u03bf\u03bd \u03bb\u03b1\u03cc \u03cc\u03c7\u03b9","UserName":"atypos.com","Date":"Sun May 17 18:42:45 +0000 2015","icon":"http:\/\/pbs.twimg.com\/profile_images\/2973789794\/bd9adf8c2f9a6466e42be0635ab40674_normal.png","BelongsTo":"\u039a\u039f\u03a5\u03a4\u03a3\u039f\u03a5\u039c\u03a0\u0391\u03a3","size":"small","name":"basic-graph"},{"Tweet":"\u039a\u03bf\u03c5\u03c4\u03c3\u03bf\u03cd\u03bc\u03c0\u03b1\u03c2: \u0393\u03b9\u03b1 \u03c4\u03bf \u039d\u0391\u03a4\u039f \u03ad\u03c7\u03bf\u03c5\u03bd \u03c7\u03c1\u03cc\u03bd\u03bf, \u03b3\u03b9\u03b1 \u03c4\u03bf\u03bd \u03bb\u03b1\u03cc \u03cc\u03c7\u03b9","UserName":"EFSYN","Date":"Sun May 17 18:19:09 +0000 2015","icon":"http:\/\/pbs.twimg.com\/profile_images\/529774765536313344\/RV6LIPXK_normal.png","BelongsTo":"\u039a\u039f\u03a5\u03a4\u03a3\u039f\u03a5\u039c\u03a0\u0391\u03a3","size":"small","name":"basic-graph"},{"Tweet":"\u039a\u03bf\u03c5\u03c4\u03c3\u03bf\u03cd\u03bc\u03c0\u03b1\u03c2: \u00ab\u0395\u03c4\u03bf\u03b9\u03bc\u03ac\u03b6\u03bf\u03c5\u03bd \u03bd\u03ad\u03b1 \u03c3\u03c5\u03bc\u03c6\u03c9\u03bd\u03af\u03b1, \u03b5\u03c0\u03b1\u03af\u03c3\u03c7\u03c5\u03bd\u03c4\u03b7, \u03bc\u03b5 \u03bd\u03ad\u03b1 \u03b1\u03bd\u03c4\u03b9\u03bb\u03b1\u03ca\u03ba\u03ac \u03bc\u03ad\u03c4\u03c1\u03b1\u00bb","UserName":"newpost.gr","Date":"Sun May 17 16:57:07 +0000 2015","icon":"http:\/\/pbs.twimg.com\/profile_images\/3762561521\/bcfc1f203263c3ec867db15aad599d9e_normal.png","BelongsTo":"\u039a\u039f\u03a5\u03a4\u03a3\u039f\u03a5\u039c\u03a0\u0391\u03a3","size":"small","name":"basic-graph"},{"Tweet":"\u039a\u03bf\u03c5\u03c4\u03c3\u03bf\u03cd\u03bc\u03c0\u03b1\u03c2: \u0397 \u03ba\u03c5\u03b2\u03ad\u03c1\u03bd\u03b7\u03c3\u03b7 \u03b5\u03c4\u03bf\u03b9\u03bc\u03ac\u03b6\u03b5\u03b9 \u03b5\u03c0\u03b1\u03af\u03c3\u03c7\u03c5\u03bd\u03c4\u03b7 \u03c3\u03c5\u03bc\u03c6\u03c9\u03bd\u03af\u03b1 \u03ba\u03b1\u03b9 \u03b5\u03ba\u03b2\u03b9\u03ac\u03b6\u03b5\u03b9 \u03c4\u03bf \u03bb\u03b1\u03cc:...","UserName":"\u03b5\u03c6\u03b7\u03bc\u03b5\u03c1\u03af\u03b4\u03b1 \u03b4\u03b7\u03bc\u03bf\u03ba\u03c1\u03b1\u03c4\u03af\u03b1","Date":"Sun May 17 16:51:37 +0000 2015","icon":"http:\/\/pbs.twimg.com\/profile_images\/2158837848\/Capture_normal.JPG","BelongsTo":"\u039a\u039f\u03a5\u03a4\u03a3\u039f\u03a5\u039c\u03a0\u0391\u03a3","size":"small","name":"basic-graph"},{"Tweet":"\u039a\u03bf\u03c5\u03c4\u03c3\u03bf\u03cd\u03bc\u03c0\u03b1\u03c2: \u0397 \u03ba\u03c5\u03b2\u03ad\u03c1\u03bd\u03b7\u03c3\u03b7 \u03b5\u03c4\u03bf\u03b9\u03bc\u03ac\u03b6\u03b5\u03b9 \u03bd\u03ad\u03b1 \u03b5\u03c0\u03b1\u03af\u03c3\u03c7\u03c5\u03bd\u03c4\u03b7 \u03c3\u03c5\u03bc\u03c6\u03c9\u03bd\u03af\u03b1","UserName":"Newsbomb Economy ","Date":"Sun May 17 16:31:33 +0000 2015","icon":"http:\/\/pbs.twimg.com\/profile_images\/568368129248464896\/7t8YQ1lh_normal.jpeg","BelongsTo":"\u039a\u039f\u03a5\u03a4\u03a3\u039f\u03a5\u039c\u03a0\u0391\u03a3","size":"small","name":"basic-graph"},{"Tweet":"\u039a\u03bf\u03c5\u03c4\u03c3\u03bf\u03cd\u03bc\u03c0\u03b1\u03c2: \u0395\u03c4\u03bf\u03b9\u03bc\u03ac\u03b6\u03bf\u03c5\u03bd \u03bd\u03ad\u03b1 \u03b1\u03bd\u03c4\u03b9\u03bb\u03b1\u03ca\u03ba\u03ac \u03bc\u03ad\u03c4\u03c1\u03b1","UserName":"kathimerini.gr","Date":"Sun May 17 16:13:07 +0000 2015","icon":"http:\/\/pbs.twimg.com\/profile_images\/2304630090\/q81d6d6e8anxsj6fu4z1_normal.jpeg","BelongsTo":"\u039a\u039f\u03a5\u03a4\u03a3\u039f\u03a5\u039c\u03a0\u0391\u03a3","size":"small","name":"basic-graph"},{"Tweet":"\u039a\u03bf\u03c5\u03c4\u03c3\u03bf\u03cd\u03bc\u03c0\u03b1\u03c2: \u0395\u03c4\u03bf\u03b9\u03bc\u03ac\u03b6\u03bf\u03c5\u03bd \u03bd\u03ad\u03b1 \u03b5\u03c0\u03b1\u03af\u03c3\u03c7\u03c5\u03bd\u03c4\u03b7 \u03b1\u03bd\u03c4\u03b9\u03bb\u03b1\u03ca\u03ba\u03ae \u03c3\u03c5\u03bc\u03c6\u03c9\u03bd\u03af\u03b1","UserName":"\u03a4\u039f \u03a0\u039f\u039d\u03a4\u0399\u039a\u0399","Date":"Sun May 17 16:08:46 +0000 2015","icon":"http:\/\/pbs.twimg.com\/profile_images\/811634028\/pontikaki_normal.jpg","BelongsTo":"\u039a\u039f\u03a5\u03a4\u03a3\u039f\u03a5\u039c\u03a0\u0391\u03a3","size":"small","name":"basic-graph"},{"Tweet":"\u039a\u03bf\u03c5\u03c4\u03c3\u03bf\u03cd\u03bc\u03c0\u03b1\u03c2: \u0395\u03c4\u03bf\u03b9\u03bc\u03ac\u03b6\u03bf\u03c5\u03bd \u03bd\u03ad\u03b1 \u03c3\u03c5\u03bc\u03c6\u03c9\u03bd\u03af\u03b1, \u03b5\u03c0\u03b1\u03af\u03c3\u03c7\u03c5\u03bd\u03c4\u03b7, \u03bc\u03b5 \u03bd\u03ad\u03b1 \u03b1\u03bd\u03c4\u03b9\u03bb\u03b1\u03ca\u03ba\u03ac \u03bc\u03ad\u03c4\u03c1\u03b1 -","UserName":"Giulia Galani","Date":"Sun May 17 15:59:08 +0000 2015","icon":"http:\/\/pbs.twimg.com\/profile_images\/554986642197315585\/f3dndQjy_normal.jpeg","BelongsTo":"\u039a\u039f\u03a5\u03a4\u03a3\u039f\u03a5\u039c\u03a0\u0391\u03a3","size":"small","name":"basic-graph"},{"Tweet":"\u0394\u03b7\u03bc. \u039a\u03bf\u03c5\u03c4\u03c3\u03bf\u03cd\u03bc\u03c0\u03b1\u03c2: \u0395\u03af\u03bd\u03b1\u03b9 \u03c3\u03c4\u03b1 \u03c3\u03ba\u03b1\u03c1\u03b9\u03ac \u03ad\u03bd\u03b1 \u03bd\u03ad\u03bf \u03bc\u03bd\u03b7\u03bc\u03cc\u03bd\u03b9\u03bf","UserName":"vassilis nedos","Date":"Sat May 16 07:51:41 +0000 2015","icon":"http:\/\/pbs.twimg.com\/profile_images\/477873715741753346\/Y5iWx4PO_normal.jpeg","BelongsTo":"\u039a\u039f\u03a5\u03a4\u03a3\u039f\u03a5\u039c\u03a0\u0391\u03a3","size":"small","name":"basic-graph"},{"Tweet":"\u039a\u03bf\u03c5\u03c4\u03c3\u03bf\u03cd\u03bc\u03c0\u03b1\u03c2: \u039a\u03ac\u03bb\u03c0\u03b9\u03ba\u03bf \u03c4\u03bf \u03b4\u03af\u03bb\u03b7\u03bc\u03bc\u03b1 \u03c3\u03c5\u03bc\u03c6\u03c9\u03bd\u03af\u03b1 \u03ae \u03c7\u03c1\u03b5\u03bf\u03ba\u03bf\u03c0\u03af\u03b1","UserName":"alter thess","Date":"Sat May 16 07:24:06 +0000 2015","icon":"http:\/\/pbs.twimg.com\/profile_images\/1134337648\/logo_normal.png","BelongsTo":"\u039a\u039f\u03a5\u03a4\u03a3\u039f\u03a5\u039c\u03a0\u0391\u03a3","size":"small","name":"basic-graph"},{"Tweet":"\u039a\u03bf\u03c5\u03c4\u03c3\u03bf\u03cd\u03bc\u03c0\u03b1\u03c2: \u039a\u03ac\u03bb\u03c0\u03b9\u03ba\u03bf \u03c4\u03bf \u03b4\u03af\u03bb\u03b7\u03bc\u03bc\u03b1 \u00ab\u03c3\u03c5\u03bc\u03c6\u03c9\u03bd\u03af\u03b1 \u03ae \u03c7\u03c1\u03b5\u03bf\u03ba\u03bf\u03c0\u03af\u03b1\u00bb","UserName":"LENA","Date":"Fri May 15 19:59:10 +0000 2015","icon":"http:\/\/pbs.twimg.com\/profile_images\/2136743022\/_______093_normal.jpg","BelongsTo":"\u039a\u039f\u03a5\u03a4\u03a3\u039f\u03a5\u039c\u03a0\u0391\u03a3","size":"small","name":"basic-graph"},{"Tweet":"\u039a\u03bf\u03c5\u03c4\u03c3\u03bf\u03cd\u03bc\u03c0\u03b1\u03c2: \u039a\u03ac\u03bb\u03c0\u03b9\u03ba\u03bf \u03c4\u03bf \u03b4\u03af\u03bb\u03b7\u03bc\u03bc\u03b1 \u00ab\u03c3\u03c5\u03bc\u03c6\u03c9\u03bd\u03af\u03b1 \u03ae \u03c7\u03c1\u03b5\u03bf\u03ba\u03bf\u03c0\u03af\u03b1\u00bb:...","UserName":"\u03b5\u03c6\u03b7\u03bc\u03b5\u03c1\u03af\u03b4\u03b1 \u03b4\u03b7\u03bc\u03bf\u03ba\u03c1\u03b1\u03c4\u03af\u03b1","Date":"Fri May 15 19:33:47 +0000 2015","icon":"http:\/\/pbs.twimg.com\/profile_images\/2158837848\/Capture_normal.JPG","BelongsTo":"\u039a\u039f\u03a5\u03a4\u03a3\u039f\u03a5\u039c\u03a0\u0391\u03a3","size":"small","name":"basic-graph"},{"Tweet":"\u039a\u03bf\u03c5\u03c4\u03c3\u03bf\u03cd\u03bc\u03c0\u03b1\u03c2: \u039a\u03b1\u03bd\u03b5\u03af\u03c2 \u03b4\u03b5\u03bd \u03bc\u03c0\u03bf\u03c1\u03b5\u03af \u03bd\u03b1 \u03b1\u03bd\u03c4\u03b9\u03bc\u03b5\u03c4\u03c9\u03c0\u03af\u03c3\u03b5\u03b9 \u03bc\u03cc\u03bd\u03bf\u03c2 \u03c4\u03b7\u03bd \u03ba\u03b1\u03c4\u03ac\u03c3\u03c4\u03b1\u03c3\u03b7","UserName":"\u30b1\u30c4\u30ed\u30bc\u30c3\u30bf","Date":"Fri May 15 19:23:48 +0000 2015","icon":"http:\/\/pbs.twimg.com\/profile_images\/423173076847579136\/p-p-oiEj_normal.jpeg","BelongsTo":"\u039a\u039f\u03a5\u03a4\u03a3\u039f\u03a5\u039c\u03a0\u0391\u03a3","size":"small","name":"basic-graph"}],"links":[{"source":1,"target":0},{"source":2,"target":0},{"source":3,"target":0},{"source":4,"target":0},{"source":5,"target":0},{"source":6,"target":0},{"source":7,"target":0},{"source":8,"target":0},{"source":9,"target":0},{"source":10,"target":0},{"source":11,"target":0},{"source":12,"target":0},{"source":13,"target":0},{"source":14,"target":0}]}