{"nodes":[{"Tweet":"Deputy","UserName":"\u039c\u03a0\u0391\u039a\u039f\u0393\u0399\u0391\u039d\u039d\u0397","Date":"null","icon":"http:\/\/www.iliatora.gr\/files\/news\/5740_ph1.jpg","BelongsTo":"null","size":"big","name":"basic-graph"},{"Tweet":"\u0391\u03bb\u03ae\u03b8\u03b5\u03b9\u03b1 \u03c4\u03cc\u03c3\u03bf\u03c5\u03c2 \u03bf\u03b4\u03b7\u03b3\u03ae\u03c3\u03b1\u03c4\u03b5 \u03c3\u03c4\u03b7\u03bd \u03b1\u03bd\u03b5\u03c1\u03b3\u03af\u03b1; \u0395\u03af\u03bd\u03b1\u03b9 \u03c0\u03bf\u03bb\u03cd \u03c3\u03b7\u03bc\u03b1\u03bd\u03c4\u03b9\u03ba\u03cc \u03bd\u03b1 \u03c4\u03bf \u03bf\u03bc\u03bf\u03bb\u03bf\u03b3\u03b5\u03af\u03c4\u03b5. 1 \u03b5\u03ba\u03b1\u03c4\u03bf\u03bc\u03bc\u03cd\u03c1\u03b9\u03bf \u03ac\u03bd\u03b5\u03c1\u03b3\u03bf\u03b9. 1...","UserName":"LENA","Date":"Sun May 17 21:06:18 +0000 2015","icon":"http:\/\/pbs.twimg.com\/profile_images\/2136743022\/_______093_normal.jpg","BelongsTo":"\u039c\u03a0\u0391\u039a\u039f\u0393\u0399\u0391\u039d\u039d\u0397","size":"small","name":"basic-graph"},{"Tweet":"\u0391\u03c0\u03b1\u03bb\u03bb\u03ac\u03c7\u03b8\u03b7\u03ba\u03b5 \u03bc\u03b5 \u03b2\u03bf\u03cd\u03bb\u03b5\u03c5\u03bc\u03b1 \u03b7 \u039c\u03c0\u03b1\u03ba\u03bf\u03b3\u03b9\u03ac\u03bd\u03bd\u03b7","UserName":"panos1964","Date":"Sun May 17 19:43:49 +0000 2015","icon":"http:\/\/pbs.twimg.com\/profile_images\/378800000603960464\/5afcc7daa6d5f2320d7470645ed1cfe2_normal.jpeg","BelongsTo":"\u039c\u03a0\u0391\u039a\u039f\u0393\u0399\u0391\u039d\u039d\u0397","size":"small","name":"basic-graph"},{"Tweet":"\u0397 \u03ba\u03c5\u03c1\u03af\u03b1 \u039c\u03c0\u03b1\u03ba\u03bf\u03b3\u03b9\u03ac\u03bd\u03bd\u03b7 \u03c6\u03b9\u03bb\u03bf\u03be\u03b5\u03bd\u03ae\u03b8\u03b7\u03ba\u03b5 \u03c3\u03c4\u03b7\u03bd \u03c4\u03b7\u03bb\u03b5\u03bf\u03c0\u03c4\u03b9\u03ba\u03ae \u03b5\u03ba\u03c0\u03bf\u03bc\u03c0\u03ae \u039a\u03b1\u03bb\u03b7\u03bc\u03ad\u03c1\u03b1 \u03c4\u03bf\u03c5 skai \u03ba\u03b1\u03b9 \u03b1\u03bd\u03b1\u03c6\u03b5\u03c1\u03cc\u03bc\u03b5\u03bd\u03b7 \u03c3\u03c4\u03b7\u03bd \u03b5\u03c0\u03b1\u03bd\u03b1\u03c0\u03c1\u03cc\u03c3\u03bb\u03b7\u03c8\u03b7 \u03c4\u03c9\u03bd...","UserName":"\u0391\u039d\u0394\u03a1\u0395\u0391\u03a3 \u03a4\u03a3\u0395 ","Date":"Sun May 17 19:34:13 +0000 2015","icon":"http:\/\/pbs.twimg.com\/profile_images\/529000655696838656\/35BeHgGX_normal.jpeg","BelongsTo":"\u039c\u03a0\u0391\u039a\u039f\u0393\u0399\u0391\u039d\u039d\u0397","size":"small","name":"basic-graph"},{"Tweet":"\u039c\u03c0\u03b1\u03ba\u03bf\u03b3\u03b9\u03ac\u03bd\u03bd\u03b7: \u039a\u03cc\u03ba\u03ba\u03b9\u03bd\u03b7 \u03b3\u03c1\u03b1\u03bc\u03bc\u03ae \u03cc\u03bb\u03c9\u03bd \u03bd\u03b1 \u03bc\u03b7\u03bd \u03c5\u03c0\u03ac\u03c1\u03be\u03b5\u03b9 \u03c7\u03c1\u03b5\u03bf\u03ba\u03bf\u03c0\u03af\u03b1","UserName":"Mimis Tsantos","Date":"Sun May 17 15:24:06 +0000 2015","icon":"http:\/\/pbs.twimg.com\/profile_images\/573424596004827136\/CvhdBGhT_normal.jpeg","BelongsTo":"\u039c\u03a0\u0391\u039a\u039f\u0393\u0399\u0391\u039d\u039d\u0397","size":"small","name":"basic-graph"},{"Tweet":"\u039c\u03c0\u03b1\u03ba\u03bf\u03b3\u03b9\u03ac\u03bd\u03bd\u03b7: \u0394\u03b5\u03bd \u03b8\u03b1 \u03b5\u03af\u03bd\u03b1\u03b9 \u03bf \u03a4\u03c3\u03af\u03c0\u03c1\u03b1\u03c2 \u03bf \u03c0\u03c1\u03c9\u03b8\u03c5\u03c0\u03bf\u03c5\u03c1\u03b3\u03cc\u03c2 \u03c4\u03b7\u03c2 \u03c7\u03c1\u03b5\u03bf\u03ba\u03bf\u03c0\u03af\u03b1\u03c2","UserName":"Newsbomb Economy ","Date":"Sun May 17 13:26:08 +0000 2015","icon":"http:\/\/pbs.twimg.com\/profile_images\/568368129248464896\/7t8YQ1lh_normal.jpeg","BelongsTo":"\u039c\u03a0\u0391\u039a\u039f\u0393\u0399\u0391\u039d\u039d\u0397","size":"small","name":"basic-graph"},{"Tweet":"\u039c\u03c0\u03b1\u03ba\u03bf\u03b3\u03b9\u03ac\u03bd\u03bd\u03b7: \u0392\u03b1\u03b8\u03b9\u03ac \u03bd\u03c5\u03c7\u03c4\u03c9\u03bc\u03ad\u03bd\u03b7 \u03b7 \u039a\u03c9\u03bd\u03c3\u03c4\u03b1\u03bd\u03c4\u03bf\u03c0\u03bf\u03cd\u03bb\u03bf\u03c5 \u03b1\u03bd \u03bd\u03bf\u03bc\u03af\u03b6\u03b5\u03b9 \u03cc\u03c4\u03b9 \u03bc\u03c0\u03bf\u03c1\u03b5\u03af \u03bd\u03b1 \u03b4\u03c5\u03c3\u03c6\u03b7\u03bc\u03b5\u03af \u03c4\u03bf\u03c5\u03c2 300","UserName":"thestival.gr","Date":"Sun May 17 11:47:05 +0000 2015","icon":"http:\/\/pbs.twimg.com\/profile_images\/523901374673600512\/Pi99XcqG_normal.jpeg","BelongsTo":"\u039c\u03a0\u0391\u039a\u039f\u0393\u0399\u0391\u039d\u039d\u0397","size":"small","name":"basic-graph"},{"Tweet":"\u039c\u03c0\u03b1\u03ba\u03bf\u03b3\u03b9\u03ac\u03bd\u03bd\u03b7: \u039a\u03cc\u03ba\u03ba\u03b9\u03bd\u03b7 \u03b3\u03c1\u03b1\u03bc\u03bc\u03ae \u03bd\u03b1 \u03bc\u03b7\u03bd \u03c5\u03c0\u03ac\u03c1\u03be\u03b5\u03b9 \u03c7\u03c1\u03b5\u03bf\u03ba\u03bf\u03c0\u03af\u03b1","UserName":"tsantiri","Date":"Sun May 17 10:08:36 +0000 2015","icon":"http:\/\/pbs.twimg.com\/profile_images\/1557583758\/logo3_normal.jpg","BelongsTo":"\u039c\u03a0\u0391\u039a\u039f\u0393\u0399\u0391\u039d\u039d\u0397","size":"small","name":"basic-graph"},{"Tweet":"\u039d\u03c4. \u039c\u03c0\u03b1\u03ba\u03bf\u03b3\u03b9\u03ac\u03bd\u03bd\u03b7: \u00ab\u039a\u03cc\u03ba\u03ba\u03b9\u03bd\u03b7 \u03b3\u03c1\u03b1\u03bc\u03bc\u03ae \u03cc\u03bb\u03c9\u03bd \u03bd\u03b1 \u03bc\u03b7\u03bd \u03c5\u03c0\u03ac\u03c1\u03be\u03b5\u03b9 \u03c7\u03c1\u03b5\u03bf\u03ba\u03bf\u03c0\u03af\u03b1\u00bb","UserName":"Kangouriki","Date":"Sun May 17 09:03:46 +0000 2015","icon":"http:\/\/pbs.twimg.com\/profile_images\/476307424165384192\/qjBH5WEg_normal.jpeg","BelongsTo":"\u039c\u03a0\u0391\u039a\u039f\u0393\u0399\u0391\u039d\u039d\u0397","size":"small","name":"basic-graph"},{"Tweet":"\u039d\u03c4\u03cc\u03c1\u03b1: \u0391\u03c0\u03b1\u03c1\u03ac\u03b4\u03b5\u03ba\u03c4\u03b7 \u03b7 \u0396\u03c9\u03ae \u03c0\u03bf\u03c5 \u03b4\u03b5\u03bd \u03ad\u03b4\u03c9\u03c3\u03b5 \u03c4\u03b1 \u03bb\u03b5\u03c6\u03c4\u03ac \u03c4\u03b7\u03c2 \u0392\u03bf\u03c5\u03bb\u03ae\u03c2","UserName":"koulouri nektaria ","Date":"Sun May 17 08:57:04 +0000 2015","icon":"http:\/\/pbs.twimg.com\/profile_images\/522623702865702912\/0ynI1cOE_normal.jpeg","BelongsTo":"\u039c\u03a0\u0391\u039a\u039f\u0393\u0399\u0391\u039d\u039d\u0397","size":"small","name":"basic-graph"},{"Tweet":"\u039c\u03c0\u03b1\u03ba\u03bf\u03b3\u03b9\u03ac\u03bd\u03bd\u03b7 \u03b5\u03bd\u03b1\u03bd\u03c4\u03af\u03bf\u03bd \u0396\u03c9\u03ae\u03c2: \u0392\u03b1\u03b8\u03b9\u03ac \u03bd\u03c5\u03c7\u03c4\u03c9\u03bc\u03ad\u03bd\u03b7 \u03b1\u03bd \u03bd\u03bf\u03bc\u03af\u03b6\u03b5\u03b9 \u03cc\u03c4\u03b9 \u03bc\u03c0\u03bf\u03c1\u03b5\u03af \u03bd\u03b1 \u03b5\u03ba\u03b8\u03ad\u03c4\u03b5\u03b9 \u03c4\u03bf\u03c5\u03c2 300 | \u03a4\u039f \u03a0\u039f\u039d\u03a4\u0399\u039a\u0399","UserName":"babis tokatlidis","Date":"Sun May 17 08:41:18 +0000 2015","icon":"http:\/\/pbs.twimg.com\/profile_images\/3479880064\/1bcb2b77babf0e959f2914f82d9f9d33_normal.jpeg","BelongsTo":"\u039c\u03a0\u0391\u039a\u039f\u0393\u0399\u0391\u039d\u039d\u0397","size":"small","name":"basic-graph"},{"Tweet":"\u039c\u03c0\u03b1\u03ba\u03bf\u03b3\u03b9\u03ac\u03bd\u03bd\u03b7 \u03ba\u03b1\u03c4\u03ac \u039a\u03c9\u03bd\u03c3\u03c4\u03b1\u03bd\u03c4\u03bf\u03c0\u03bf\u03cd\u03bb\u03bf\u03c5 \u03b3\u03b9\u03b1 \u03c4\u03b1 \u03c4\u03b1\u03bc\u03b5\u03b9\u03b1\u03ba\u03ac \u03b4\u03b9\u03b1\u03b8\u03ad\u03c3\u03b9\u03bc\u03b1 \u03c4\u03b7\u03c2 \u0392\u03bf\u03c5\u03bb\u03ae\u03c2: \u039c\u03b1\u03c2 \u03b4\u03c5\u03c3\u03c6\u03b7\u03bc\u03b5\u03af \u2014 KoolNews via \u2026","UserName":"Aliki Fotiou","Date":"Sun May 17 08:38:49 +0000 2015","icon":"http:\/\/pbs.twimg.com\/profile_images\/378800000125275586\/ba8d74c640e14620fe6be74941587697_normal.jpeg","BelongsTo":"\u039c\u03a0\u0391\u039a\u039f\u0393\u0399\u0391\u039d\u039d\u0397","size":"small","name":"basic-graph"},{"Tweet":"[\u03a0\u03b1\u03c1\u03b1\u03c3\u03ba\u03ae\u03bd\u03b9\u03bf]: \u039c\u03c0\u03b1\u03ba\u03bf\u03b3\u03b9\u03ac\u03bd\u03bd\u03b7: \u0394\u03b5\u03bd \u03c0\u03b9\u03c3\u03c4\u03b5\u03cd\u03c9 \u03c0\u03c9\u03c2 \u03bf \u03a4\u03c3\u03af\u03c0\u03c1\u03b1\u03c2 \u03b8\u03b1 \u03b5\u03af\u03bd\u03b1\u03b9 \u03bf \u03c0\u03c1\u03c9\u03b8\u03c5\u03c0\u03bf\u03c5\u03c1\u03b3\u03cc\u03c2 \u03c4\u03b7\u03c2 \u03c7\u03c1\u03b5\u03bf\u03ba\u03bf\u03c0\u03af\u03b1\u03c2 | multi-news.gr","UserName":"multi-news.gr","Date":"Sun May 17 08:36:21 +0000 2015","icon":"http:\/\/pbs.twimg.com\/profile_images\/470877180365250560\/fzTrBRGp_normal.jpeg","BelongsTo":"\u039c\u03a0\u0391\u039a\u039f\u0393\u0399\u0391\u039d\u039d\u0397","size":"small","name":"basic-graph"},{"Tweet":"\u039c\u03c0\u03b1\u03ba\u03bf\u03b3\u03b9\u03ac\u03bd\u03bd\u03b7 \u03ba\u03b1\u03c4\u03ac \u039a\u03c9\u03bd\u03c3\u03c4\u03b1\u03bd\u03c4\u03bf\u03c0\u03bf\u03cd\u03bb\u03bf\u03c5 \u03b3\u03b9\u03b1 \u03c4\u03b1 \u03c4\u03b1\u03bc\u03b5\u03b9\u03b1\u03ba\u03ac \u03b4\u03b9\u03b1\u03b8\u03ad\u03c3\u03b9\u03bc\u03b1 \u03c4\u03b7\u03c2 \u0392\u03bf\u03c5\u03bb\u03ae\u03c2: \u039c\u03b1\u03c2 \u03b4\u03c5\u03c3\u03c6\u03b7\u03bc\u03b5\u03af \u2014 KoolNews via","UserName":"Koolnews.gr","Date":"Sun May 17 08:33:53 +0000 2015","icon":"http:\/\/pbs.twimg.com\/profile_images\/2965248541\/64c2960ad6ddd5a31545717746885827_normal.png","BelongsTo":"\u039c\u03a0\u0391\u039a\u039f\u0393\u0399\u0391\u039d\u039d\u0397","size":"small","name":"basic-graph"},{"Tweet":"\u039c\u03c0\u03b1\u03ba\u03bf\u03b3\u03b9\u03ac\u03bd\u03bd\u03b7: \u0395\u03af\u03bd\u03b1\u03b9 \u03ce\u03c1\u03b1 \u03b5\u03c5\u03b8\u03cd\u03bd\u03b7\u03c2 \u03b3\u03b9\u03b1 \u03cc\u03bb\u03bf\u03c5\u03c2 - \u039d\u03b1 \u03c4\u03b5\u03c1\u03bc\u03b1\u03c4\u03b9\u03c3\u03c4\u03bf\u03cd\u03bd \u03bf\u03b9 \u03bb\u03b1\u03ca\u03ba\u03b9\u03c3\u03bc\u03bf\u03af:...","UserName":"\u03b5\u03c6\u03b7\u03bc\u03b5\u03c1\u03af\u03b4\u03b1 \u03b4\u03b7\u03bc\u03bf\u03ba\u03c1\u03b1\u03c4\u03af\u03b1","Date":"Sun May 17 08:33:51 +0000 2015","icon":"http:\/\/pbs.twimg.com\/profile_images\/2158837848\/Capture_normal.JPG","BelongsTo":"\u039c\u03a0\u0391\u039a\u039f\u0393\u0399\u0391\u039d\u039d\u0397","size":"small","name":"basic-graph"},{"Tweet":"\u039c\u03c0\u03b1\u03ba\u03bf\u03b3\u03b9\u03ac\u03bd\u03bd\u03b7 \u03b5\u03bd\u03b1\u03bd\u03c4\u03af\u03bf\u03bd \u0396\u03c9\u03ae\u03c2: \u0392\u03b1\u03b8\u03b9\u03ac \u03bd\u03c5\u03c7\u03c4\u03c9\u03bc\u03ad\u03bd\u03b7 \u03b1\u03bd \u03bd\u03bf\u03bc\u03af\u03b6\u03b5\u03b9 \u03cc\u03c4\u03b9 \u03bc\u03c0\u03bf\u03c1\u03b5\u03af \u03bd\u03b1 \u03b5\u03ba\u03b8\u03ad\u03c4\u03b5\u03b9 \u03c4\u03bf\u03c5\u03c2 300","UserName":"\u039d\u039f\u0394\u0395 \u0397\u03c1\u03b1\u03ba\u03bb\u03b5\u03af\u03bf\u03c5","Date":"Sun May 17 08:33:11 +0000 2015","icon":"http:\/\/pbs.twimg.com\/profile_images\/584383036722143232\/vJ6iUJoP_normal.jpg","BelongsTo":"\u039c\u03a0\u0391\u039a\u039f\u0393\u0399\u0391\u039d\u039d\u0397","size":"small","name":"basic-graph"},{"Tweet":"\u039c\u03c0\u03b1\u03ba\u03bf\u03b3\u03b9\u03ac\u03bd\u03bd\u03b7 \u03b5\u03bd\u03b1\u03bd\u03c4\u03af\u03bf\u03bd \u0396\u03c9\u03ae\u03c2: \u0392\u03b1\u03b8\u03b9\u03ac \u03bd\u03c5\u03c7\u03c4\u03c9\u03bc\u03ad\u03bd\u03b7 \u03b1\u03bd \u03bd\u03bf\u03bc\u03af\u03b6\u03b5\u03b9 \u03cc\u03c4\u03b9 \u03bc\u03c0\u03bf\u03c1\u03b5\u03af \u03bd\u03b1 \u03b5\u03ba\u03b8\u03ad\u03c4\u03b5\u03b9 \u03c4\u03bf\u03c5\u03c2 300 | iefimerida.gr -","UserName":"iefimerida","Date":"Sun May 17 07:47:52 +0000 2015","icon":"http:\/\/pbs.twimg.com\/profile_images\/532185642864623616\/AK8fkG3f_normal.png","BelongsTo":"\u039c\u03a0\u0391\u039a\u039f\u0393\u0399\u0391\u039d\u039d\u0397","size":"small","name":"basic-graph"}],"links":[{"source":1,"target":0},{"source":2,"target":0},{"source":3,"target":0},{"source":4,"target":0},{"source":5,"target":0},{"source":6,"target":0},{"source":7,"target":0},{"source":8,"target":0},{"source":9,"target":0},{"source":10,"target":0},{"source":11,"target":0},{"source":12,"target":0},{"source":13,"target":0},{"source":14,"target":0},{"source":15,"target":0},{"source":16,"target":0}]}