{"nodes":[{"name":"main","size":"big","icon":"..\/backend\/assets\/center.png","Type":"M"},{"name":"\u039d\u0399\u039a\u039f\u039b\u0391\u039f\u03a3 \u039e\u03a5\u0394\u0391\u039a\u0397\u03a3","size":"small","icon":"https:\/\/odikosmaskavafis.files.wordpress.com\/2014\/03\/ksidakis2.jpg","Type":"D"},{"name":"\u03a3\u03a5\u03a1\u0399\u0396\u0391\n","size":"normal","icon":"\/PoliticalTweets\/backend\/assets\/syriza.jpg","Type":"P"},{"name":"\u03a1\u0391\u03a7\u0397\u039b \u039c\u0391\u039a\u03a1\u0397","size":"small","icon":"http:\/\/www.eklogika.gr\/uploads\/files\/vouleutes-new\/makri_rachil.jpg","Type":"D"},{"name":"\u03a3\u03a4\u0391\u03a5\u03a1\u039f\u03a3 \u0398\u0395\u039f\u0394\u03a9\u03a1\u0391\u039a\u0397\u03a3","size":"small","icon":"http:\/\/www.iefimerida.gr\/sites\/default\/files\/theodorakis_6.jpg","Type":"D"},{"name":"\u03a4\u039f \u03a0\u039f\u03a4\u0391\u039c\u0399\n","size":"normal","icon":"\/PoliticalTweets\/backend\/assets\/topotami.jpeg","Type":"P"},{"name":"\u0394\u0397\u039c\u0397\u03a4\u03a1\u0399\u039f\u03a3 \u03a3\u03a4\u03a1\u0391\u03a4\u039f\u03a5\u039b\u0397\u03a3","size":"small","icon":"http:\/\/www.tribune.gr\/wp-content\/uploads\/2015\/02\/stratoulis1.jpg","Type":"D"},{"name":"\u0399\u03a9\u0391\u039d\u039d\u0397\u03a3 \u0392\u0391\u03a1\u039f\u03a5\u03a6\u0391\u039a\u0397\u03a3","size":"small","icon":"http:\/\/images32.inewsgr.com\/2040\/20403577\/1.jpg","Type":"D"}],"links":[{"source":2,"target":1},{"source":0,"target":2},{"source":0,"target":5},{"source":0,"target":2},{"source":2,"target":3},{"source":0,"target":5},{"source":0,"target":2},{"source":5,"target":4},{"source":0,"target":5},{"source":0,"target":2},{"source":0,"target":5},{"source":2,"target":6},{"source":0,"target":2},{"source":0,"target":5},{"source":2,"target":7}]}