{"nodes":[{"Tweet":"Deputy","UserName":"\u0398\u0395\u039f\u0394\u03a9\u03a1\u0391\u039a\u0397\u03a3","Date":"null","icon":"http:\/\/www.iefimerida.gr\/sites\/default\/files\/theodorakis_6.jpg","BelongsTo":"null","size":"big","name":"basic-graph"},{"Tweet":"\u0398\u03b5\u03bf\u03b4\u03c9\u03c1\u03ac\u03ba\u03b7\u03c2: \u0395\u03bb\u03c0\u03af\u03b6\u03c9 \u03cc\u03c4\u03b9 \u03b4\u03b5\u03bd \u03b8\u03b1 \u03ba\u03ac\u03bd\u03bf\u03c5\u03bd \u03c4\u03bf \u03bb\u03ac\u03b8\u03bf\u03c2 \u03bd\u03b1 \u03bc\u03b7\u03bd \u03c0\u03bb\u03b7\u03c1\u03ce\u03c3\u03bf\u03c5\u03bd \u03c4\u03bf \u0394\u039d\u03a4 -","UserName":"\u039c\u03c0\u03bf\u03bb\u03c3\u03b5\u03b2\u03b9\u03ba\u03bf\u03c2","Date":"Thu May 14 02:11:44 +0000 2015","icon":"http:\/\/pbs.twimg.com\/profile_images\/571381332794544128\/SN6hDdl0_normal.jpeg","BelongsTo":"\u0398\u0395\u039f\u0394\u03a9\u03a1\u0391\u039a\u0397\u03a3","size":"small","name":"basic-graph"},{"Tweet":"Voice News - \u0395\u03b9\u03b4\u03ae\u03c3\u03b5\u03b9\u03c2 - \u0398\u03b5\u03bf\u03b4\u03c9\u03c1\u03ac\u03ba\u03b7\u03c2: \u00ab\u0391\u03c2 \u03c0\u03ac\u03b5\u03b9 \u03c3\u03b5 \u03b5\u03ba\u03bb\u03bf\u03b3\u03ad\u03c2 \u03b7 \u03ba\u03c5\u03b2\u03ad\u03c1\u03bd\u03b7\u03c3\u03b7 \u03b1\u03bd \u03b4\u03b5\u03bd \u03ad\u03c7\u03b5\u03b9 \u03c0\u03c1\u03cc\u03b3\u03c1\u03b1\u03bc\u03bc\u03b1\u00bb","UserName":"Rodos Fm","Date":"Wed May 13 22:22:04 +0000 2015","icon":"http:\/\/pbs.twimg.com\/profile_images\/1612547429\/image_normal.jpg","BelongsTo":"\u0398\u0395\u039f\u0394\u03a9\u03a1\u0391\u039a\u0397\u03a3","size":"small","name":"basic-graph"},{"Tweet":"\u0398\u03b5\u03bf\u03b4\u03c9\u03c1\u03ac\u03ba\u03b7\u03c2: \u039a\u03ac\u03b8\u03b5 \u03bc\u03ad\u03c1\u03b1 \u03c0\u03bf\u03c5 \u03c0\u03b5\u03c1\u03bd\u03ac\u03b5\u03b9 \u03ba\u03ac\u03c0\u03bf\u03b9\u03bf\u03b9 \u03c5\u03c0\u03bf\u03c6\u03ad\u03c1\u03bf\u03c5\u03bd \u03ba\u03b1\u03b9 \u03bb\u03af\u03b3\u03bf \u03c0\u03b1\u03c1\u03b1\u03c0\u03ac\u03bd\u03c9","UserName":"Newsbomb Economy ","Date":"Wed May 13 21:56:09 +0000 2015","icon":"http:\/\/pbs.twimg.com\/profile_images\/568368129248464896\/7t8YQ1lh_normal.jpeg","BelongsTo":"\u0398\u0395\u039f\u0394\u03a9\u03a1\u0391\u039a\u0397\u03a3","size":"small","name":"basic-graph"},{"Tweet":"\u039c\u03af\u03ba\u03b7\u03c2 \u0398\u03b5\u03bf\u03b4\u03c9\u03c1\u03ac\u03ba\u03b7\u03c2: \u00ab\u039f \u03b5\u03bb\u03bb\u03b7\u03bd\u03b9\u03c3\u03bc\u03cc\u03c2 \u03b1\u03bd\u03c4\u03b1\u03c0\u03b5\u03be\u03ae\u03bb\u03b8\u03b5 \u03c3\u03b5 \u03c0\u03bf\u03bb\u03cd \u03b4\u03c5\u03c3\u03ba\u03bf\u03bb\u03cc\u03c4\u03b5\u03c1\u03b5\u03c2 \u03c3\u03c5\u03bd\u03b8\u03ae\u03ba\u03b5\u03c2\u00bb","UserName":"Bety Bety","Date":"Wed May 13 20:57:55 +0000 2015","icon":"http:\/\/pbs.twimg.com\/profile_images\/568134519363227648\/3hFp79z2_normal.jpeg","BelongsTo":"\u0398\u0395\u039f\u0394\u03a9\u03a1\u0391\u039a\u0397\u03a3","size":"small","name":"basic-graph"},{"Tweet":"\u0398\u03b5\u03bf\u03b4\u03c9\u03c1\u03ac\u03ba\u03b7\u03c2 \u03a0\u03ac\u03c4\u03c1\u03b1:\u00ab\u0395\u03af\u03bc\u03b1\u03b9 \u03b1\u03b9\u03c3\u03b9\u03cc\u03b4\u03bf\u03be\u03bf\u03c2 \u03b3\u03b9\u03b1 \u03c4\u03b7 \u03b4\u03cd\u03bd\u03b1\u03bc\u03b7 \u03c4\u03b7\u03c2 \u03c7\u03ce\u03c1\u03b1\u03c2, \u03b1\u03bb\u03bb\u03ac \u03ba\u03b1\u03b8\u03cc\u03bb\u03bf\u03c5 \u03b3\u03b9\u03b1 \u03c4\u03b7\u03bd \u03c4\u03b1\u03bb\u03b1\u03b9\u03c0\u03c9\u03c1\u03af\u03b1 \u03c4\u03bf\u03c5 \u0395\u03bb\u03bb\u03b7\u03bd\u03b9\u03ba\u03bf\u03cd \u03bb\u03b1\u03bf\u03cd\u00bb","UserName":"Apoixos.com","Date":"Wed May 13 19:53:50 +0000 2015","icon":"http:\/\/pbs.twimg.com\/profile_images\/463428093265195008\/KeSYUPNv_normal.png","BelongsTo":"\u0398\u0395\u039f\u0394\u03a9\u03a1\u0391\u039a\u0397\u03a3","size":"small","name":"basic-graph"},{"Tweet":"\u0398\u03b5\u03bf\u03b4\u03c9\u03c1\u03ac\u03ba\u03b7\u03c2: \u0397 \u03ba\u03c5\u03b2\u03ad\u03c1\u03bd\u03b7\u03c3\u03b7 \u03b4\u03b5\u03bd \u03b4\u03b9\u03b1\u03b8\u03ad\u03c4\u03b5\u03b9 \u03c3\u03c7\u03ad\u03b4\u03b9\u03bf \u03b3\u03b9\u03b1 \u03bc\u03b9\u03b1 \u03ba\u03b1\u03bb\u03ae \u03c3\u03c5\u03bc\u03c6\u03c9\u03bd\u03af\u03b1 -","UserName":"eNews24.gr","Date":"Wed May 13 19:13:26 +0000 2015","icon":"http:\/\/pbs.twimg.com\/profile_images\/556606626606481408\/JPfaPVAx_normal.jpeg","BelongsTo":"\u0398\u0395\u039f\u0394\u03a9\u03a1\u0391\u039a\u0397\u03a3","size":"small","name":"basic-graph"},{"Tweet":"\u0398\u03b5\u03bf\u03b4\u03c9\u03c1\u03ac\u03ba\u03b7\u03c2: \"\u0391\u03c5\u03c4\u03bf\u03af \u03c3\u03c4\u03b7\u03bd \u03b5\u03be\u03bf\u03c5\u03c3\u03af\u03b1 \u03bd\u03b1 \u03ba\u03b1\u03c4\u03b1\u03bb\u03ac\u03b2\u03bf\u03c5\u03bd \u03cc\u03c4\u03b9 \u03bf \u03ba\u03cc\u03c3\u03bc\u03bf\u03c2 \u03b8\u03ad\u03bb\u03b5\u03b9 \u03bc\u03b9\u03b1 \u03bb\u03cd\u03c3\u03b7\"","UserName":"\u0395\u03bb\u03b5\u03cd\u03b8\u03b5\u03c1\u03bf\u03c2 \u03a4\u03cd\u03c0\u03bf\u03c2","Date":"Wed May 13 18:03:33 +0000 2015","icon":"http:\/\/pbs.twimg.com\/profile_images\/522796160570769408\/hn0fxTni_normal.png","BelongsTo":"\u0398\u0395\u039f\u0394\u03a9\u03a1\u0391\u039a\u0397\u03a3","size":"small","name":"basic-graph"},{"Tweet":"\u03a4\u03ce\u03c1\u03b1 \u03bf \u0398\u03b5\u03bf\u03b4\u03c9\u03c1\u03ac\u03ba\u03b7\u03c2 \u03b6\u03b7\u03c4\u03ac\u03b5\u03b9 \u03b5\u03ba\u03bb\u03bf\u03b3\u03ad\u03c2!","UserName":"tribune","Date":"Wed May 13 17:54:03 +0000 2015","icon":"http:\/\/pbs.twimg.com\/profile_images\/423569587414634496\/RbN3zYU9_normal.jpeg","BelongsTo":"\u0398\u0395\u039f\u0394\u03a9\u03a1\u0391\u039a\u0397\u03a3","size":"small","name":"basic-graph"},{"Tweet":"\u0398\u03b5\u03bf\u03b4\u03c9\u03c1\u03ac\u03ba\u03b7\u03c2: \u0391\u03bd \u03b7 \u03ba\u03c5\u03b2\u03ad\u03c1\u03bd\u03b7\u03c3\u03b7 \u03c6\u03bf\u03b2\u03ac\u03c4\u03b1\u03b9, \u03b1\u03c2 \u03c0\u03ac\u03b5\u03b9 \u03c3\u03b5 \u03b5\u03ba\u03bb\u03bf\u03b3\u03ad\u03c2","UserName":"tsantiri","Date":"Wed May 13 17:53:23 +0000 2015","icon":"http:\/\/pbs.twimg.com\/profile_images\/1557583758\/logo3_normal.jpg","BelongsTo":"\u0398\u0395\u039f\u0394\u03a9\u03a1\u0391\u039a\u0397\u03a3","size":"small","name":"basic-graph"},{"Tweet":"\u0398\u03b5\u03bf\u03b4\u03c9\u03c1\u03ac\u03ba\u03b7\u03c2: \u00ab\u039f \u03bb\u03b1\u03cc\u03c2 \u03b4\u03b5\u03bd \u03b1\u03bd\u03c4\u03ad\u03c7\u03b5\u03b9 \u03ac\u03bb\u03bb\u03bf, \u03b5\u03bb\u03c0\u03af\u03b6\u03c9 \u03bd\u03b1 \u03ad\u03c7\u03bf\u03c5\u03bc\u03b5 \u03c3\u03cd\u03bd\u03c4\u03bf\u03bc\u03b1 \u03bb\u03cd\u03c3\u03b7\u00bb","UserName":"the paper","Date":"Wed May 13 17:41:08 +0000 2015","icon":"http:\/\/pbs.twimg.com\/profile_images\/378800000479607515\/03fe14d0cf9106b30aea762c14aab1d3_normal.png","BelongsTo":"\u0398\u0395\u039f\u0394\u03a9\u03a1\u0391\u039a\u0397\u03a3","size":"small","name":"basic-graph"},{"Tweet":"\u0398\u03b5\u03bf\u03b4\u03c9\u03c1\u03ac\u03ba\u03b7\u03c2: \u0391\u03bd \u03b7 \u03ba\u03c5\u03b2\u03ad\u03c1\u03bd\u03b7\u03c3\u03b7 \u03c6\u03bf\u03b2\u03ac\u03c4\u03b1\u03b9 \u03c4\u03b1 \u03c0\u03c1\u03bf\u03b2\u03bb\u03ae\u03bc\u03b1\u03c4\u03b1 \u03b1\u03c2 \u03c0\u03ac\u03b5\u03b9 \u03c3\u03b5 \u03b5\u03ba\u03bb\u03bf\u03b3\u03ad\u03c2","UserName":"\u039d\u03b9\u03ba\u03cc\u03bb\u03b1\u03c2 \u0393\u03b9\u03ac\u03bd\u03bd\u03bf\u03c5","Date":"Wed May 13 16:21:25 +0000 2015","icon":"http:\/\/pbs.twimg.com\/profile_images\/580093700744740864\/KDKIW1Bv_normal.jpg","BelongsTo":"\u0398\u0395\u039f\u0394\u03a9\u03a1\u0391\u039a\u0397\u03a3","size":"small","name":"basic-graph"},{"Tweet":"\u03a3\u03c4. \u0398\u03b5\u03bf\u03b4\u03c9\u03c1\u03ac\u03ba\u03b7\u03c2: \u0391\u03bd \u03b7 \u03ba\u03c5\u03b2\u03ad\u03c1\u03bd\u03b7\u03c3\u03b7 \u03c6\u03bf\u03b2\u03ac\u03c4\u03b1\u03b9 \u03c4\u03b1 \u03c0\u03c1\u03bf\u03b2\u03bb\u03ae\u03bc\u03b1\u03c4\u03b1 \u03b1\u03c2 \u03c0\u03b1\u03b5\u03b9 \u03c3\u03b5 \u03b5\u03ba\u03bb\u03bf\u03b3\u03ad\u03c2 | \u039b\u03b1\u03bc\u03b9\u03b1\u03ba\u03cc\u03c2 \u03a4\u03cd\u03c0\u03bf\u03c2","UserName":"\u039b\u03b1\u03bc\u03b9\u03b1\u03ba\u03cc\u03c2 \u03a4\u03cd\u03c0\u03bf\u03c2","Date":"Wed May 13 15:59:48 +0000 2015","icon":"http:\/\/pbs.twimg.com\/profile_images\/378800000514258970\/46315ebc18e271359e0912153f47de1e_normal.png","BelongsTo":"\u0398\u0395\u039f\u0394\u03a9\u03a1\u0391\u039a\u0397\u03a3","size":"small","name":"basic-graph"},{"Tweet":"\u0398\u03b5\u03bf\u03b4\u03c9\u03c1\u03ac\u03ba\u03b7\u03c2: \u00ab\u0391\u03c2 \u03c0\u03ac\u03b5\u03b9 \u03c3\u03b5 \u03b5\u03ba\u03bb\u03bf\u03b3\u03ad\u03c2 \u03b7 \u03ba\u03c5\u03b2\u03ad\u03c1\u03bd\u03b7\u03c3\u03b7 \u03b1\u03bd \u03b4\u03b5\u03bd \u03ad\u03c7\u03b5\u03b9 \u03c0\u03c1\u03cc\u03b3\u03c1\u03b1\u03bc\u03bc\u03b1\u00bb","UserName":"\u039a\u03c5\u03c1\u03b9\u03ac\u03ba\u03bf\u03c2 \u0392\u03b5\u03bb\u03cc\u03c0\u03bf\u03c5\u03bb\u03bf\u03c2","Date":"Wed May 13 15:32:24 +0000 2015","icon":"http:\/\/pbs.twimg.com\/profile_images\/573877036076437505\/6ZX-q3ns_normal.jpeg","BelongsTo":"\u0398\u0395\u039f\u0394\u03a9\u03a1\u0391\u039a\u0397\u03a3","size":"small","name":"basic-graph"},{"Tweet":"\u0398\u03b5\u03bf\u03b4\u03c9\u03c1\u03ac\u03ba\u03b7\u03c2: \u00a8\"\u0391\u03bd \u03b7 \u03ba\u03c5\u03b2\u03ad\u03c1\u03bd\u03b7\u03c3\u03b7 \u03c6\u03bf\u03b2\u03ac\u03c4\u03b1\u03b9, \u03b1\u03c2 \u03c0\u03ac\u03b5\u03b9 \u03c3\u03b5 \u03b5\u03ba\u03bb\u03bf\u03b3\u03ad\u03c2\"!","UserName":"Difernews","Date":"Wed May 13 14:13:08 +0000 2015","icon":"http:\/\/pbs.twimg.com\/profile_images\/1318255424\/difertwitterpng_normal.png","BelongsTo":"\u0398\u0395\u039f\u0394\u03a9\u03a1\u0391\u039a\u0397\u03a3","size":"small","name":"basic-graph"},{"Tweet":"\u03a3\u03c4. \u0398\u03b5\u03bf\u03b4\u03c9\u03c1\u03ac\u03ba\u03b7\u03c2: \u0391\u03bd \u03b7 \u03ba\u03c5\u03b2\u03ad\u03c1\u03bd\u03b7\u03c3\u03b7 \u03bd\u03b9\u03ce\u03b8\u03b5\u03b9 \u03b1\u03b4\u03cd\u03bd\u03b1\u03bc\u03b7 \u03bd\u03b1 \u03c0\u03ac\u03b5\u03b9 \u03c3\u03b5 \u03b5\u03ba\u03bb\u03bf\u03b3\u03ad\u03c2","UserName":"alter thess","Date":"Wed May 13 13:53:34 +0000 2015","icon":"http:\/\/pbs.twimg.com\/profile_images\/1134337648\/logo_normal.png","BelongsTo":"\u0398\u0395\u039f\u0394\u03a9\u03a1\u0391\u039a\u0397\u03a3","size":"small","name":"basic-graph"}],"links":[{"source":1,"target":0},{"source":2,"target":0},{"source":3,"target":0},{"source":4,"target":0},{"source":5,"target":0},{"source":6,"target":0},{"source":7,"target":0},{"source":8,"target":0},{"source":9,"target":0},{"source":10,"target":0},{"source":11,"target":0},{"source":12,"target":0},{"source":13,"target":0},{"source":14,"target":0},{"source":15,"target":0}]}