{"nodes":[{"Tweet":"Deputy","UserName":"\u039c\u0391\u039a\u03a1\u0397","Date":"null","icon":"http:\/\/www.eklogika.gr\/uploads\/files\/vouleutes-new\/makri_rachil.jpg","BelongsTo":"null","size":"big","name":"basic-graph"},{"Tweet":"\u0398\u03b5\u03c1\u03bc\u03cc \u03b5\u03c0\u03b5\u03b9\u03c3\u03cc\u03b4\u03b9\u03bf \u03bc\u03b5\u03c4\u03b1\u03be\u03cd \u03a1\u03b1\u03c7\u03ae\u03bb \u039c\u03b1\u03ba\u03c1\u03ae \u03ba\u03b1\u03b9 \u0386\u03bd\u03bd\u03b1\u03c2 \u039c\u03c0\u03bf\u03c5\u03c3\u03b4\u03bf\u03cd\u03ba\u03bf\u03c5 \u03c3\u03b5 \u03c0\u03c1\u03c9\u03ca\u03bd\u03ae \u03b5\u03ba\u03c0\u03bf\u03bc\u03c0\u03ae \u03c4\u03bf\u03c5\u00a0\u03a3\u039a\u0391\u0399","UserName":"Have2read","Date":"Thu May 14 02:11:20 +0000 2015","icon":"http:\/\/pbs.twimg.com\/profile_images\/598106571655217152\/j6yPIK36_normal.jpg","BelongsTo":"\u039c\u0391\u039a\u03a1\u0397","size":"small","name":"basic-graph"},{"Tweet":"\u03a3\u03ba\u03bb\u03b7\u03c1\u03ae \u03b1\u03bd\u03b1\u03ba\u03bf\u03af\u03bd\u03c9\u03c3\u03b7 \u03c4\u03b7\u03c2 \u0395\u03a3\u0397\u0395\u0391 \u03b3\u03b9\u03b1 \u03c4\u03b9\u03c2 \u03b4\u03b7\u03bb\u03ce\u03c3\u03b5\u03b9\u03c2 \u03c4\u03b7\u03c2 \u03a1\u03b1\u03c7\u03ae\u03bb \u039c\u03b1\u03ba\u03c1\u03ae","UserName":"VetoNews.gr","Date":"Wed May 13 22:33:19 +0000 2015","icon":"http:\/\/pbs.twimg.com\/profile_images\/1375324706\/veto_logo_normal.png","BelongsTo":"\u039c\u0391\u039a\u03a1\u0397","size":"small","name":"basic-graph"},{"Tweet":"\u0395\u03a3\u0397\u0395\u0391: \u039d\u03ad\u03b1 \u03b1\u03ae\u03b8\u03b7\u03c2 \u03b5\u03c0\u03af\u03b8\u03b5\u03c3\u03b7 \u03c4\u03b7\u03c2 \u03a1\u03b1\u03c7\u03ae\u03bb \u039c\u03b1\u03ba\u03c1\u03ae \u03ba\u03b1\u03c4\u03ac \u03c4\u03bf\u03c5 \u03b4\u03b7\u03bc\u03bf\u03c3\u03b9\u03bf\u03b3\u03c1\u03b1\u03c6\u03b9\u03ba\u03bf\u03cd \u03ba\u03cc\u03c3\u03bc\u03bf\u03c5","UserName":"tromaktiko_blog","Date":"Wed May 13 21:58:47 +0000 2015","icon":"http:\/\/pbs.twimg.com\/profile_images\/568443800519860224\/rEbZFC81_normal.png","BelongsTo":"\u039c\u0391\u039a\u03a1\u0397","size":"small","name":"basic-graph"},{"Tweet":"\u0397 \u03a1\u03b1\u03c7\u03ae\u03bb \u039c\u03b1\u03ba\u03c1\u03ae \u03b2\u03bb\u03ad\u03c0\u03b5\u03b9 \u03c0\u03b1\u03bd\u03c4\u03bf\u03cd \u03b5\u03c7\u03b8\u03c1\u03bf\u03cd\u03c2 \u03c3\u03b5 \u03bc\u03b9\u03b1 live \u03c0\u03b1\u03c1\u03ac\u03ba\u03c1\u03bf\u03c5\u03c3\u03b7 \u03a4\u03bf \u03ac\u03c4\u03bf\u03bc\u03bf \u03c0\u03bf\u03c5 \u03c3\u03b9\u03c7\u03b1\u03af\u03bd\u03bf\u03bc\u03b1\u03b9 \u03cc\u03c3\u03bf \u03ba\u03b1\u03bd\u03ad\u03bd\u03b1, \u03c4\u03b5\u03bb\u03b5\u03c5\u03c4\u03b1\u03af\u03b1","UserName":"thecurlysue","Date":"Wed May 13 21:23:17 +0000 2015","icon":"http:\/\/pbs.twimg.com\/profile_images\/1677724538\/bzafbnj6gsw4mdtjv_normal.gif","BelongsTo":"\u039c\u0391\u039a\u03a1\u0397","size":"small","name":"basic-graph"},{"Tweet":"\u0388\u03bd\u03b1 \u03b4\u03b9\u03b1\u03c1\u03ba\u03ad\u03c2 \u03b4\u03b7\u03bc\u03bf\u03c8\u03ae\u03c6\u03b9\u03c3\u03bc\u03b1, \u03c4\u03bf\u03c5 \u039a\u03c9\u03c3\u03c4\u03ae \u0391. \u039c\u03b1\u03ba\u03c1\u03ae via","UserName":"\u03b7 \u03a0\u03cc\u03c1\u03c4\u03b1 - iporta.gr","Date":"Wed May 13 21:14:23 +0000 2015","icon":"http:\/\/pbs.twimg.com\/profile_images\/495571311200960513\/ZKtlfbvh_normal.png","BelongsTo":"\u039c\u0391\u039a\u03a1\u0397","size":"small","name":"basic-graph"},{"Tweet":"\u03a3\u03ac\u03bb\u03bf\u03c2 \u03ba\u03b1\u03b9 \u03b1\u03bd\u03c4\u03b9\u03b4\u03c1\u03ac\u03c3\u03b5\u03b9\u03c2 \u03b1\u03c0\u03cc \u03c4\u03bf\u03bd \u03ba\u03b1\u03b2\u03b3\u03ac \u03c4\u03b7\u03c2 \u03a1\u03b1\u03c7\u03ae\u03bb \u039c\u03b1\u03ba\u03c1\u03ae \u03bc\u03b5 \u03c4\u03b7\u03bd \u039c\u03c0\u03bf\u03c5\u03c3\u03b4\u03bf\u03cd\u03ba\u03bf\u03c5","UserName":"iNewsgr.com","Date":"Wed May 13 21:10:00 +0000 2015","icon":"http:\/\/pbs.twimg.com\/profile_images\/1143965130\/inews_normal.jpg","BelongsTo":"\u039c\u0391\u039a\u03a1\u0397","size":"small","name":"basic-graph"},{"Tweet":"\u0395\u03a3\u0397\u0395\u0391 \u03b5\u03bd\u03b1\u03bd\u03c4\u03af\u03bf\u03bd \u03a1\u03b1\u03c7\u03ae\u03bb \u039c\u03b1\u03ba\u03c1\u03ae","UserName":"GEORGE GEROPOULOS","Date":"Wed May 13 21:07:27 +0000 2015","icon":"http:\/\/pbs.twimg.com\/profile_images\/569077707305398272\/j977JaJI_normal.jpeg","BelongsTo":"\u039c\u0391\u039a\u03a1\u0397","size":"small","name":"basic-graph"},{"Tweet":"\u0395\u03a3\u0397\u0395\u0391: \u00ab\u039d\u03ad\u03b1 \u03b1\u03ae\u03b8\u03b7\u03c2 \u03b5\u03c0\u03af\u03b8\u03b5\u03c3\u03b7\u00bb \u03ba\u03b1\u03c4\u03ac \u03c4\u03c9\u03bd \u03b4\u03b7\u03bc\u03bf\u03c3\u03b9\u03bf\u03b3\u03c1\u03ac\u03c6\u03c9\u03bd \u03b1\u03c0\u03cc \u03c4\u03b7\u03bd \u03a1\u03b1\u03c7\u03ae\u03bb \u039c\u03b1\u03ba\u03c1\u03ae","UserName":"LamiaReport.gr","Date":"Wed May 13 20:56:04 +0000 2015","icon":"http:\/\/pbs.twimg.com\/profile_images\/1969552707\/logo_LR_black_normal.jpeg","BelongsTo":"\u039c\u0391\u039a\u03a1\u0397","size":"small","name":"basic-graph"},{"Tweet":"\u0397 \u0395\u03a3\u0397\u0395\u0391 \u03c0\u03c1\u03bf\u03ba\u03b1\u03bb\u03b5\u03af \u03c4\u03b7\u03bd \u03a1\u03b1\u03c7\u03ae\u03bb \u039c\u03b1\u03ba\u03c1\u03ae: \u039d\u03b1 \u03b1\u03c0\u03bf\u03b4\u03b5\u03af\u03be\u03b5\u03b9 \u03ac\u03bc\u03b5\u03c3\u03b1 \u03c4\u03b1 \u03bb\u03b5\u03b3\u03cc\u03bc\u03b5\u03bd\u03b1 \u03c4\u03b7\u03c2","UserName":"\u03a4\u03bf \u03a0\u03b1\u03c1\u03b1\u03c3\u03ba\u03ae\u03bd\u03b9\u03bf","Date":"Wed May 13 20:46:03 +0000 2015","icon":"http:\/\/pbs.twimg.com\/profile_images\/2293415199\/zwk5yc8lvbqoyxx6swd5_normal.png","BelongsTo":"\u039c\u0391\u039a\u03a1\u0397","size":"small","name":"basic-graph"},{"Tweet":"\u0391\u03c0\u03bb\u03ac.... \u03c4\u03ad\u03bb\u03b5\u03b9\u03bf\u03c2!!!","UserName":"Georgia Makri","Date":"Wed May 13 20:04:35 +0000 2015","icon":"http:\/\/pbs.twimg.com\/profile_images\/378800000588680576\/3650bb518db65192c3c3297e5c45096f_normal.jpeg","BelongsTo":"\u039c\u0391\u039a\u03a1\u0397","size":"small","name":"basic-graph"},{"Tweet":"\u0388\u03c4\u03c3\u03b9 \u03bb\u03b5\u03b9\u03c4\u03bf\u03c5\u03c1\u03b3\u03bf\u03cd\u03bd \u03c4\u03b1 \u03bc\u03bc\u03b5 \u03c0\u03b1\u03bd\u03c4\u03bf\u03cd \u03c3\u03c4\u03bf\u03bd \u03ba\u03cc\u03c3\u03bc\u03bf. \u039a\u03b1\u03b9 \u03c6\u03c5\u03c3\u03b9\u03ba\u03ac \u03bf\u03b9 \u03b4\u03b7\u03bc\u03bf\u03c3\u03b9\u03bf\u03b3\u03c1\u03ac\u03c6\u03bf\u03b9 \u03b5\u03af\u03bd\u03b1\u03b9 \u03c5\u03c0\u03ac\u03bb\u03bb\u03b7\u03bb\u03bf\u03b9 \u03c4\u03c9\u03bd \u03b1\u03c6\u03b5\u03bd\u03c4\u03b9\u03ba\u03ce\u03bd \u03c4\u03bf\u03c5\u03c2. \u0391\u03c5\u03c4\u03cc...","UserName":"Tweety Blogs","Date":"Wed May 13 19:51:54 +0000 2015","icon":"http:\/\/pbs.twimg.com\/profile_images\/1669972900\/badge_twitter_normal.png","BelongsTo":"\u039c\u0391\u039a\u03a1\u0397","size":"small","name":"basic-graph"},{"Tweet":"\u0386\u03b3\u03c1\u03b9\u03bf\u03c2 \u03ba\u03b1\u03b2\u03b3\u03ac\u03c2 \u039c\u03b1\u03ba\u03c1\u03ae-\u039c\u03c0\u03bf\u03c5\u03c3\u03b4\u03bf\u03cd\u03ba\u03bf\u03c5: \u00ab\u03a3\u03b1\u03c2 \u03b5\u03bb\u03ad\u03b3\u03c7\u03b5\u03b9 \u03bf \u03a3\u03cc\u03b9\u03bc\u03c0\u03bb\u03b5 \u03ba\u03b1\u03b9 \u03bf\u03b9 \u03b5\u03c0\u03b9\u03c7\u03b5\u03b9\u03c1\u03b7\u03bc\u03b1\u03c4\u03af\u03b5\u03c2\u00bb \u2013 \u00ab\u039d\u03b1 \u03b1\u03bd\u03b1\u03ba\u03b1\u03bb\u03ad\u03c3\u03b5\u03c4\u03b5\u00bb ...","UserName":"Staparaskinia","Date":"Wed May 13 19:44:56 +0000 2015","icon":"http:\/\/pbs.twimg.com\/profile_images\/459593996424056833\/8269ZKIY_normal.png","BelongsTo":"\u039c\u0391\u039a\u03a1\u0397","size":"small","name":"basic-graph"}],"links":[{"source":1,"target":0},{"source":2,"target":0},{"source":3,"target":0},{"source":4,"target":0},{"source":5,"target":0},{"source":6,"target":0},{"source":7,"target":0},{"source":8,"target":0},{"source":9,"target":0},{"source":10,"target":0},{"source":11,"target":0},{"source":12,"target":0}]}