{"nodes":[{"name":"main","size":"big","icon":"..\/backend\/assets\/center.png","Type":"M"},{"name":"\u039d\u0399\u039a\u039f\u039b\u0391\u039f\u03a3 \u03a6\u0399\u039b\u0397\u03a3","size":"small","icon":"http:\/\/anoihtipoli.gr\/wp-content\/uploads\/2014\/05\/Filis.jpg","Type":"D"},{"name":"\u03a3\u03a5\u03a1\u0399\u0396\u0391\n","size":"normal","icon":"\/PoliticalTweets\/backend\/assets\/syriza.jpg","Type":"P"},{"name":"\u0394\u0397\u039c\u0397\u03a4\u03a1\u0399\u039f\u03a3 \u039a\u039f\u03a5\u03a4\u03a3\u039f\u03a5\u039c\u03a0\u0391\u03a3","size":"small","icon":"http:\/\/www.sofokleousin.gr\/files\/koutsoumpas_dimitris_144368301.jpg","Type":"D"},{"name":"\u039a.\u039a.\u0395.\n","size":"normal","icon":"\/PoliticalTweets\/backend\/assets\/kke.jpg","Type":"P"}],"links":[{"source":2,"target":1},{"source":0,"target":2},{"source":0,"target":4},{"source":0,"target":2},{"source":4,"target":3},{"source":0,"target":4}]}