{"nodes":[{"Tweet":"Deputy","UserName":"\u03a6\u0399\u039b\u0397\u03a3","Date":"null","icon":"http:\/\/anoihtipoli.gr\/wp-content\/uploads\/2014\/05\/Filis.jpg","BelongsTo":"null","size":"big","name":"basic-graph"},{"Tweet":"\u00ab\u03a7\u03c1\u03ae\u03c3\u03b9\u03bc\u03bf\u03c2 \u03bf \u03c7\u03c9\u03c1\u03b9\u03c3\u03bc\u03cc\u03c2\u00bb \u03b1\u03c0\u03b1\u03bd\u03c4\u03ac \u03bf \u03a6\u03af\u03bb\u03b7\u03c2 \u03c3\u03c4\u03bf\u03bd \u0399\u03b5\u03c1\u03ce\u03bd\u03c5\u03bc\u03bf via","UserName":"Dim Krachtopoulos","Date":"Fri May 15 01:18:06 +0000 2015","icon":"http:\/\/pbs.twimg.com\/profile_images\/3388189787\/48dab662f371ad80db1028be2ee6058c_normal.jpeg","BelongsTo":"\u03a6\u0399\u039b\u0397\u03a3","size":"small","name":"basic-graph"},{"Tweet":"\u039d\u03bf\u03ba \u03ac\u03bf\u03c5\u03c4 \u03b1\u03c0\u03cc \u03c4\u03b7\u03bd \u0395\u03ba\u03ba\u03bb\u03b7\u03c3\u03af\u03b1 \u03a6\u03af\u03bb\u03b7\u03c2, \u0398\u03b5\u03bf\u03b4\u03c9\u03c1\u03ac\u03ba\u03b7\u03c2 \u03ba\u03b1\u03b9...\u03a3\u0399\u0391 - dotnews.gr","UserName":"Kostas Nikolaou","Date":"Thu May 14 23:30:49 +0000 2015","icon":"http:\/\/pbs.twimg.com\/profile_images\/590048657468162048\/_1CQmnVW_normal.jpg","BelongsTo":"\u03a6\u0399\u039b\u0397\u03a3","size":"small","name":"basic-graph"},{"Tweet":"\u039d. \u03a6\u03af\u03bb\u03b7\u03c2: \u03a7\u03c1\u03ae\u03c3\u03b9\u03bc\u03bf\u03c2 \u03bf \u03c7\u03c9\u03c1\u03b9\u03c3\u03bc\u03cc\u03c2 \u03b5\u03ba\u03ba\u03bb\u03b7\u03c3\u03af\u03b1\u03c2-\u03ba\u03c1\u03ac\u03c4\u03bf\u03c5\u03c2 \u03ba\u03b1\u03b9 \u03b3\u03b9\u03b1 \u03c4\u03b1 \u03b4\u03c5\u03bf \u03bc\u03ad\u03c1\u03b7 - \u0395\u03c0\u03c9\u03c6\u03b5\u03bb\u03ae\u03c2 \u03b3\u03b9\u03b1 \u03c4\u03bf \u03bb\u03b1\u03cc via","UserName":"Minas Papageorgiou","Date":"Thu May 14 21:19:21 +0000 2015","icon":"http:\/\/pbs.twimg.com\/profile_images\/544981804239699968\/WiS2dsMe_normal.jpeg","BelongsTo":"\u03a6\u0399\u039b\u0397\u03a3","size":"small","name":"basic-graph"},{"Tweet":"\u00ab\u03a7\u03c1\u03ae\u03c3\u03b9\u03bc\u03bf\u03c2 \u03bf \u03c7\u03c9\u03c1\u03b9\u03c3\u03bc\u03cc\u03c2\u00bb \u03b1\u03c0\u03b1\u03bd\u03c4\u03ac \u03bf \u03a6\u03af\u03bb\u03b7\u03c2 \u03c3\u03c4\u03bf\u03bd \u0399\u03b5\u03c1\u03ce\u03bd\u03c5\u03bc\u03bf","UserName":"The TOC","Date":"Thu May 14 20:20:41 +0000 2015","icon":"http:\/\/pbs.twimg.com\/profile_images\/430757483401850880\/RDLm9u70_normal.jpeg","BelongsTo":"\u03a6\u0399\u039b\u0397\u03a3","size":"small","name":"basic-graph"},{"Tweet":"\u03a6\u03af\u03bb\u03b7\u03c2: \u0394\u03b9\u03ac\u03bb\u03bf\u03b3\u03bf\u03c2 \u03b3\u03b9\u03b1 \u03c4\u03bf\u03bd \u03c7\u03c9\u03c1\u03b9\u03c3\u03bc\u03cc \u0395\u03ba\u03ba\u03bb\u03b7\u03c3\u03af\u03b1\u03c2 - \u03ba\u03c1\u03ac\u03c4\u03bf\u03c5\u03c2","UserName":"\u03b9\u03c9\u03ac\u03bd\u03bd\u03b1 \u2605","Date":"Thu May 14 19:41:40 +0000 2015","icon":"http:\/\/pbs.twimg.com\/profile_images\/564362019219185664\/Ux4aY6D4_normal.jpeg","BelongsTo":"\u03a6\u0399\u039b\u0397\u03a3","size":"small","name":"basic-graph"},{"Tweet":"\u03a6\u03af\u03bb\u03b7\u03c2: \u039f \u03a3\u03c4\u03bf\u03c5\u03c1\u03bd\u03ac\u03c1\u03b1\u03c2 \u03bb\u03b5\u03b9\u03c4\u03bf\u03c5\u03c1\u03b3\u03b5\u03af \u03c9\u03c2 \u03c0\u03bf\u03bb\u03b9\u03c4\u03b9\u03ba\u03cc\u03c2 \u03b1\u03bd\u03c4\u03af\u03c0\u03b1\u03bb\u03bf\u03c2 -","UserName":"\u039c\u03c0\u03bf\u03bb\u03c3\u03b5\u03b2\u03b9\u03ba\u03bf\u03c2","Date":"Thu May 14 18:04:28 +0000 2015","icon":"http:\/\/pbs.twimg.com\/profile_images\/571381332794544128\/SN6hDdl0_normal.jpeg","BelongsTo":"\u03a6\u0399\u039b\u0397\u03a3","size":"small","name":"basic-graph"},{"Tweet":"\u039d. \u03a6\u03af\u03bb\u03b7\u03c2: \u039c\u03b5 \u03b4\u03b9\u03ac\u03bb\u03bf\u03b3\u03bf \u03ba\u03b1\u03b9 \u03cc\u03c7\u03b9 \u03bc\u03bf\u03bd\u03bf\u03bc\u03b5\u03c1\u03b5\u03af\u03c2 \u03b5\u03bd\u03ad\u03c1\u03b3\u03b5\u03b9\u03b5\u03c2 \u03bf \u03c7\u03c9\u03c1\u03b9\u03c3\u03bc\u03cc\u03c2 \u03b5\u03ba\u03ba\u03bb\u03b7\u03c3\u03af\u03b1\u03c2-\u03ba\u03c1\u03ac\u03c4\u03bf\u03c5\u03c2","UserName":"alter thess","Date":"Thu May 14 17:30:06 +0000 2015","icon":"http:\/\/pbs.twimg.com\/profile_images\/1134337648\/logo_normal.png","BelongsTo":"\u03a6\u0399\u039b\u0397\u03a3","size":"small","name":"basic-graph"},{"Tweet":"\u0395\u03c0\u03af\u03b8\u03b5\u03c3\u03b7 \u03a6\u03af\u03bb\u03b7 \u03c3\u03c4\u03bf\u03bd \u03a3\u03c4\u03bf\u03c5\u03c1\u03bd\u03ac\u03c1\u03b1: \u0392\u03bb\u03ad\u03c0\u03b5\u03b9 \u03c4\u03bf\u03bd \u03b5\u03b1\u03c5\u03c4\u03cc \u03c4\u03bf\u03c5 \u03c9\u03c2 \u03c5\u03c0\u03bf\u03c8\u03ae\u03c6\u03b9\u03bf \u03c0\u03c1\u03c9\u03b8\u03c5\u03c0\u03bf\u03c5\u03c1\u03b3\u03cc h milaei kai to 'ptwma' o filis o stoyrnaras einai sovaro atomo..","UserName":"\u0395\u03bb\u03b5\u03bd\u03b1 \u0392\u03b5\u03c1\u03b4\u03bf\u03cd\u03c4\u03bf\u03c5","Date":"Thu May 14 16:50:00 +0000 2015","icon":"http:\/\/pbs.twimg.com\/profile_images\/2583406896\/ycr3mpblhn0y9po400zq_normal.jpeg","BelongsTo":"\u03a6\u0399\u039b\u0397\u03a3","size":"small","name":"basic-graph"},{"Tweet":"\u03a6\u03af\u03bb\u03b7\u03c2: \u039f \u03a3\u03c4\u03bf\u03c5\u03c1\u03bd\u03ac\u03c1\u03b1\u03c2 \u03ad\u03c7\u03b5\u03b9 \u03b2\u03bb\u03ad\u03c8\u03b5\u03b9\u03c2 \u03b3\u03b9\u03b1 \u03c0\u03c1\u03c9\u03b8\u03c5\u03c0\u03bf\u03c5\u03c1\u03b3\u03cc\u03c2","UserName":"dikaiologitika","Date":"Thu May 14 16:48:10 +0000 2015","icon":"http:\/\/pbs.twimg.com\/profile_images\/452058414634385408\/KkePAQ44_normal.jpeg","BelongsTo":"\u03a6\u0399\u039b\u0397\u03a3","size":"small","name":"basic-graph"},{"Tweet":"[\u03a0\u03c1\u03ce\u03c4\u03bf \u0398\u03ad\u03bc\u03b1]: \u03a6\u03af\u03bb\u03b7\u03c2: \u039f \u03a3\u03c4\u03bf\u03c5\u03c1\u03bd\u03ac\u03c1\u03b1\u03c2 \u03ad\u03c7\u03b5\u03b9 \u03c3\u03c4\u03bf \u03bc\u03c5\u03b1\u03bb\u03cc \u03c4\u03bf\u03c5 \u03bd\u03b1 \u03b5\u03af\u03bd\u03b1\u03b9 \u03c5\u03c0\u03bf\u03c8\u03ae\u03c6\u03b9\u03bf\u03c2 \u03c0\u03c1\u03c9\u03b8\u03c5\u03c0\u03bf\u03c5\u03c1\u03b3\u03cc\u03c2 | multi-news.gr","UserName":"multi-news.gr","Date":"Thu May 14 16:38:48 +0000 2015","icon":"http:\/\/pbs.twimg.com\/profile_images\/470877180365250560\/fzTrBRGp_normal.jpeg","BelongsTo":"\u03a6\u0399\u039b\u0397\u03a3","size":"small","name":"basic-graph"},{"Tweet":"\u03a6\u03af\u03bb\u03b7\u03c2: \u039f \u03a3\u03c4\u03bf\u03c5\u03c1\u03bd\u03ac\u03c1\u03b1\u03c2 \u03ad\u03c7\u03b5\u03b9 \u03c3\u03c4\u03bf \u03bc\u03c5\u03b1\u03bb\u03cc \u03c4\u03bf\u03c5 \u03bd\u03b1 \u03b5\u03af\u03bd\u03b1\u03b9 \u03c5\u03c0\u03bf\u03c8\u03ae\u03c6\u03b9\u03bf\u03c2 \u03c0\u03c1\u03c9\u03b8\u03c5\u03c0\u03bf\u03c5\u03c1\u03b3\u03cc\u03c2","UserName":"LamiaReport.gr","Date":"Thu May 14 16:24:37 +0000 2015","icon":"http:\/\/pbs.twimg.com\/profile_images\/1969552707\/logo_LR_black_normal.jpeg","BelongsTo":"\u03a6\u0399\u039b\u0397\u03a3","size":"small","name":"basic-graph"},{"Tweet":"\u0394\u03b5\u03c2: \u03a6\u03af\u03bb\u03b7\u03c2: \u039f \u03a3\u03c4\u03bf\u03c5\u03c1\u03bd\u03ac\u03c1\u03b1\u03c2 \u03b8\u03ad\u03bb\u03b5\u03b9, \u03ad\u03c3\u03c4\u03c9 \u03c0\u03b1\u03c1\u03b1\u03c3\u03ba\u03b7\u03bd\u03b9\u03b1\u03ba\u03ac, \u03c1\u03cc\u03bb\u03bf \u03c0\u03bf\u03c5 \u03c4\u03bf\u03bd \u03c5\u03c0\u03b5\u03c1\u03b2\u03b1\u03af\u03bd\u03b5\u03b9","UserName":"\u03a1\u03bf\u03c5\u03bb\u03b1 \u03a0\u03b1\u03bd\u03b1\u03b3\u03bf\u03c0\u03bf\u03c5\u03bb\u03bf\u03c5","Date":"Thu May 14 15:51:31 +0000 2015","icon":"http:\/\/pbs.twimg.com\/profile_images\/560820765550202880\/azQQudVe_normal.jpeg","BelongsTo":"\u03a6\u0399\u039b\u0397\u03a3","size":"small","name":"basic-graph"}],"links":[{"source":1,"target":0},{"source":2,"target":0},{"source":3,"target":0},{"source":4,"target":0},{"source":5,"target":0},{"source":6,"target":0},{"source":7,"target":0},{"source":8,"target":0},{"source":9,"target":0},{"source":10,"target":0},{"source":11,"target":0},{"source":12,"target":0}]}