{"nodes":[{"name":"main","size":"big","icon":"..\/backend\/assets\/center.png","Type":"M"},{"name":"\u0391\u039b\u0395\u039e\u0399\u039f\u03a3 \u03a4\u03a3\u0399\u03a0\u03a1\u0391\u03a3","size":"small","icon":"http:\/\/asset.tovima.gr\/vimawebstatic\/\/4FD08321545B960CB4040B951F17DB40.jpg","Type":"D"},{"name":"\u03a3\u03a5\u03a1\u0399\u0396\u0391\n","size":"normal","icon":"\/PoliticalTweets\/backend\/assets\/syriza.jpg","Type":"P"},{"name":"\u0391\u039b\u0395\u039e\u0399\u039f\u03a3 \u039c\u0397\u03a4\u03a1\u039f\u03a0\u039f\u03a5\u039b\u039f\u03a3","size":"small","icon":"http:\/\/www.eklogika.gr\/uploads\/files\/vouleutes-new\/mitropoulos.jpg","Type":"D"},{"name":"\u0399\u03a9\u0391\u039d\u039d\u0397\u03a3 \u0392\u0391\u03a1\u039f\u03a5\u03a6\u0391\u039a\u0397\u03a3","size":"small","icon":"http:\/\/images32.inewsgr.com\/2040\/20403577\/1.jpg","Type":"D"}],"links":[{"source":2,"target":1},{"source":0,"target":2},{"source":0,"target":2},{"source":2,"target":3},{"source":0,"target":2},{"source":2,"target":4}]}