{"nodes":[{"Tweet":"Deputy","UserName":"\u039c\u0397\u03a4\u03a1\u039f\u03a0\u039f\u03a5\u039b\u039f\u03a3","Date":"null","icon":"http:\/\/www.eklogika.gr\/uploads\/files\/vouleutes-new\/mitropoulos.jpg","BelongsTo":"null","size":"big","name":"basic-graph"},{"Tweet":"\u00ab\u039a\u03b5\u03c6\u03b1\u03bb\u03bf\u03ba\u03bb\u03b5\u03af\u03b4\u03c9\u03bc\u03b1\u00bb \u03b1\u03c0\u03cc \u03c4\u03bf\u03c5\u03c2 \u03b8\u03b5\u03c3\u03bc\u03bf\u03cd\u03c2 \u03bf\u03bc\u03bf\u03bb\u03bf\u03b3\u03b5\u03af \u03bf \u039c\u03b7\u03c4\u03c1\u03cc\u03c0\u03bf\u03c5\u03bb\u03bf\u03c2","UserName":"Chris Lukas","Date":"Thu May 14 10:52:08 +0000 2015","icon":"http:\/\/pbs.twimg.com\/profile_images\/543899088333176832\/lx6VjvZr_normal.jpeg","BelongsTo":"\u039c\u0397\u03a4\u03a1\u039f\u03a0\u039f\u03a5\u039b\u039f\u03a3","size":"small","name":"basic-graph"},{"Tweet":"dromografos : \u039c\u03b7\u03c4\u03c1\u03cc\u03c0\u03bf\u03c5\u03bb\u03bf\u03c2: \u03a5\u03c0\u03b5\u03c1\u03b2\u03ac\u03bb\u03bb\u03b1\u03bc\u03b5 \u03c9\u03c2 \u03c0\u03c1\u03bf\u03c2 \u03bf\u03c1\u03b9\u03c3\u03bc\u03ad\u03bd\u03b5\u03c2 \u03c0\u03c1\u03bf\u03b5\u03ba\u03bb\u03bf\u03b3\u03b9\u03ba\u03ad\u03c2 \u03b4\u03b5\u03c3\u03bc\u03b5\u03cd\u03c3\u03b5\u03b9\u03c2","UserName":"\u039a\u03b9\u03bd\u03b7\u03bc\u03b1\u03c4\u03b9\u03ba\u03ac \u039d\u03ad\u03b1","Date":"Thu May 14 09:07:47 +0000 2015","icon":"http:\/\/pbs.twimg.com\/profile_images\/553179693482913792\/Hq6ifTWS_normal.jpeg","BelongsTo":"\u039c\u0397\u03a4\u03a1\u039f\u03a0\u039f\u03a5\u039b\u039f\u03a3","size":"small","name":"basic-graph"},{"Tweet":"\u039c\u03b7\u03c4\u03c1\u03cc\u03c0\u03bf\u03c5\u03bb\u03bf\u03c2: \u03a5\u03c0\u03b5\u03c1\u03b2\u03ac\u03bb\u03bb\u03b1\u03bc\u03b5 \u03c9\u03c2 \u03c0\u03c1\u03bf\u03c2 \u03bf\u03c1\u03b9\u03c3\u03bc\u03ad\u03bd\u03b5\u03c2 \u03c0\u03c1\u03bf\u03b5\u03ba\u03bb\u03bf\u03b3\u03b9\u03ba\u03ad\u03c2 \u03b4\u03b5\u03c3\u03bc\u03b5\u03cd\u03c3\u03b5\u03b9\u03c2","UserName":"Antifascista Fuerte","Date":"Thu May 14 09:07:28 +0000 2015","icon":"http:\/\/pbs.twimg.com\/profile_images\/590428854134575104\/Do-VsMHP_normal.jpg","BelongsTo":"\u039c\u0397\u03a4\u03a1\u039f\u03a0\u039f\u03a5\u039b\u039f\u03a3","size":"small","name":"basic-graph"},{"Tweet":"\u039c\u03b7\u03c4\u03c1\u03cc\u03c0\u03bf\u03c5\u03bb\u03bf\u03c2: \u03a5\u03c0\u03b5\u03c1\u03b2\u03ac\u03bb\u03bb\u03b1\u03bc\u03b5 \u03c9\u03c2 \u03c0\u03c1\u03bf\u03c2 \u03bf\u03c1\u03b9\u03c3\u03bc\u03ad\u03bd\u03b5\u03c2 \u03c0\u03c1\u03bf\u03b5\u03ba\u03bb\u03bf\u03b3\u03b9\u03ba\u03ad\u03c2 \u03b4\u03b5\u03c3\u03bc\u03b5\u03cd\u03c3\u03b5\u03b9\u03c2 \u0391\u039d\u03a4\u0395 \u039c\u0391\u03a3 \u039e\u0391\u03a6\u039d\u0399\u0391\u0396\u0395\u0399\u03a3 \u03a00\u03a5\u03a4\u0391\u039d\u0391\u03a3 \u0393\u0399\u0395 \u0395\u03a3\u0395\u0399\u03a3 ?","UserName":"NIKOS RAZIS 7 ","Date":"Thu May 14 09:04:01 +0000 2015","icon":"http:\/\/pbs.twimg.com\/profile_images\/597997098437578752\/uJj-Qca8_normal.jpg","BelongsTo":"\u039c\u0397\u03a4\u03a1\u039f\u03a0\u039f\u03a5\u039b\u039f\u03a3","size":"small","name":"basic-graph"},{"Tweet":"\u039c\u03b7\u03c4\u03c1\u03cc\u03c0\u03bf\u03c5\u03bb\u03bf\u03c2: \u039a\u03ac\u03c0\u03bf\u03b9\u03b5\u03c2 \u03c0\u03c1\u03bf\u03b5\u03ba\u03bb\u03bf\u03b3\u03b9\u03ba\u03ad\u03c2 \u03b4\u03b5\u03c3\u03bc\u03b5\u03cd\u03c3\u03b5\u03b9\u03c2 \u03bc\u03b1\u03c2, \u03ae\u03c4\u03b1\u03bd \u03c5\u03c0\u03b5\u03c1\u03b2\u03bf\u03bb\u03b9\u03ba\u03ad\u03c2. \u0392\u03bb\u03ad\u03c0\u03c9 \u03b1\u03b4\u03b9\u03ad\u03be\u03bf\u03b4\u03bf...","UserName":"\u03b5\u03c6\u03b7\u03bc\u03b5\u03c1\u03af\u03b4\u03b1 \u03b4\u03b7\u03bc\u03bf\u03ba\u03c1\u03b1\u03c4\u03af\u03b1","Date":"Thu May 14 08:58:50 +0000 2015","icon":"http:\/\/pbs.twimg.com\/profile_images\/2158837848\/Capture_normal.JPG","BelongsTo":"\u039c\u0397\u03a4\u03a1\u039f\u03a0\u039f\u03a5\u039b\u039f\u03a3","size":"small","name":"basic-graph"},{"Tweet":"\u039c\u03b7\u03c4\u03c1\u03cc\u03c0\u03bf\u03c5\u03bb\u03bf\u03c2: \u0395\u03af\u03c7\u03b1\u03bc\u03b5 \u03c5\u03c0\u03b5\u03c1\u03b2\u03ac\u03bb\u03b5\u03b9 \u03c3\u03c4\u03b7\u03bd \u03c0\u03c1\u03bf\u03b5\u03ba\u03bb\u03bf\u03b3\u03b9\u03ba\u03ae \u03c0\u03b5\u03c1\u03af\u03bf\u03b4\u03bf via","UserName":"Antenna News","Date":"Thu May 14 08:51:24 +0000 2015","icon":"http:\/\/pbs.twimg.com\/profile_images\/522717332980776962\/Ad9VZLaz_normal.jpeg","BelongsTo":"\u039c\u0397\u03a4\u03a1\u039f\u03a0\u039f\u03a5\u039b\u039f\u03a3","size":"small","name":"basic-graph"},{"Tweet":"\u039c\u03b7\u03c4\u03c1\u03cc\u03c0\u03bf\u03c5\u03bb\u03bf\u03c2: \u039a\u03b1\u03ba\u03ae \u03b7 \u03c3\u03c5\u03bc\u03c6\u03c9\u03bd\u03af\u03b1 \u03c4\u03bf\u03c5 \u03a6\u03b5\u03b2\u03c1\u03bf\u03c5\u03b1\u03c1\u03af\u03bf\u03c5: \u039c\u03b7\u03c4\u03c1\u03cc\u03c0\u03bf\u03c5\u03bb\u03bf\u03c2: \u039a\u03b1\u03ba\u03ae \u03b7 \u03c3\u03c5\u03bc...","UserName":"Businessnews.gr","Date":"Thu May 14 07:54:35 +0000 2015","icon":"http:\/\/pbs.twimg.com\/profile_images\/553482494649974784\/2FXPQ3P__normal.jpeg","BelongsTo":"\u039c\u0397\u03a4\u03a1\u039f\u03a0\u039f\u03a5\u039b\u039f\u03a3","size":"small","name":"basic-graph"},{"Tweet":"\u039c\u03b7\u03c4\u03c1\u03cc\u03c0\u03bf\u03c5\u03bb\u03bf\u03c2: \u039a\u03b1\u03ba\u03ae \u03b7 \u03c3\u03c5\u03bc\u03c6\u03c9\u03bd\u03af\u03b1 \u03c4\u03bf\u03c5 \u03a6\u03b5\u03b2\u03c1\u03bf\u03c5\u03b1\u03c1\u03af\u03bf\u03c5","UserName":"Spyros Langkos","Date":"Thu May 14 07:48:10 +0000 2015","icon":"http:\/\/pbs.twimg.com\/profile_images\/525980661614538752\/GrJtefHv_normal.jpeg","BelongsTo":"\u039c\u0397\u03a4\u03a1\u039f\u03a0\u039f\u03a5\u039b\u039f\u03a3","size":"small","name":"basic-graph"},{"Tweet":"\u03a5\u03c0\u03b5\u03c1\u03b2\u03ac\u03bb\u03b1\u03bc\u03b5 \u03c0\u03c1\u03bf\u03b5\u03ba\u03bb\u03bf\u03b3\u03b9\u03ba\u03ac \u03bb\u03ad\u03b5\u03b9 \u03c4\u03ce\u03c1\u03b1 \u03bf \u0391\u03bb\u03ad\u03be\u03b7\u03c2 \u039c\u03b7\u03c4\u03c1\u03cc\u03c0\u03bf\u03c5\u03bb\u03bf\u03c2, \u03b3\u03bd\u03c9\u03c3\u03c4\u03cc\u03c2 \u03ba\u03b1\u03b9 \u03c9\u03c2 \u00ab\u03c3\u03b5\u03b9\u03c3\u03ac\u03c7\u03b8\u03b5\u03b9\u03b1\u03c2\u00bb \u2014 KoolNews via \u2026","UserName":"\u039d\u039f\u0394\u0395 \u0397\u03c1\u03b1\u03ba\u03bb\u03b5\u03af\u03bf\u03c5","Date":"Thu May 14 06:48:22 +0000 2015","icon":"http:\/\/pbs.twimg.com\/profile_images\/584383036722143232\/vJ6iUJoP_normal.jpg","BelongsTo":"\u039c\u0397\u03a4\u03a1\u039f\u03a0\u039f\u03a5\u039b\u039f\u03a3","size":"small","name":"basic-graph"},{"Tweet":"\u039c\u03b7\u03c4\u03c1\u03cc\u03c0\u03bf\u03c5\u03bb\u03bf\u03c2: \u0391\u03bd\u03bf\u03b9\u03c7\u03c4\u03cc \u03c4\u03bf \u03b5\u03bd\u03b4\u03b5\u03c7\u03cc\u03bc\u03b5\u03bd\u03bf \u03bd\u03b1 \u03ba\u03b1\u03c4\u03b1\u03c8\u03b7\u03c6\u03af\u03c3\u03b5\u03b9 \u03c4\u03b1 \u03bc\u03ad\u03c4\u03c1\u03b1 via","UserName":"PrismaNews","Date":"Thu May 14 06:36:05 +0000 2015","icon":"http:\/\/pbs.twimg.com\/profile_images\/477386136508047360\/tTO_4vwz_normal.jpeg","BelongsTo":"\u039c\u0397\u03a4\u03a1\u039f\u03a0\u039f\u03a5\u039b\u039f\u03a3","size":"small","name":"basic-graph"},{"Tweet":"\u039c\u03b7\u03c4\u03c1\u03cc\u03c0\u03bf\u03c5\u03bb\u03bf\u03c2: \u0391\u03bd\u03b1\u03b3\u03bd\u03c9\u03c1\u03af\u03b6\u03c9 \u03cc\u03c4\u03b9 \u03b5\u03af\u03c7\u03b1\u03bc\u03b5 \u03c5\u03c0\u03b5\u03c1\u03b2\u03ac\u03bb\u03b5\u03b9 \u03c3\u03c4\u03b7\u03bd \u03c0\u03c1\u03bf\u03b5\u03ba\u03bb\u03bf\u03b3\u03b9\u03ba\u03ae \u03c0\u03b5\u03c1\u03af\u03bf\u03b4\u03bf | Patrisnews","UserName":"Patrisnews","Date":"Thu May 14 06:19:15 +0000 2015","icon":"http:\/\/pbs.twimg.com\/profile_images\/441175327033683968\/uwtl-g9q_normal.jpeg","BelongsTo":"\u039c\u0397\u03a4\u03a1\u039f\u03a0\u039f\u03a5\u039b\u039f\u03a3","size":"small","name":"basic-graph"},{"Tweet":"\u039c\u03b7\u03c4\u03c1\u03cc\u03c0\u03bf\u03c5\u03bb\u03bf\u03c2: \u039f\u03b9 \u03b4\u03b1\u03bd\u03b5\u03b9\u03c3\u03c4\u03ad\u03c2 \u03b4\u03b5\u03bd \u03b4\u03b9\u03b1\u03c0\u03c1\u03b1\u03b3\u03bc\u03b1\u03c4\u03b5\u03cd\u03bf\u03bd\u03c4\u03b1\u03b9, \u03b1\u03bb\u03bb\u03ac \u03b5\u03ba\u03b2\u03b9\u03ac\u03b6\u03bf\u03c5\u03bd","UserName":"Newsbomb Economy ","Date":"Thu May 14 06:15:07 +0000 2015","icon":"http:\/\/pbs.twimg.com\/profile_images\/568368129248464896\/7t8YQ1lh_normal.jpeg","BelongsTo":"\u039c\u0397\u03a4\u03a1\u039f\u03a0\u039f\u03a5\u039b\u039f\u03a3","size":"small","name":"basic-graph"}],"links":[{"source":1,"target":0},{"source":2,"target":0},{"source":3,"target":0},{"source":4,"target":0},{"source":5,"target":0},{"source":6,"target":0},{"source":7,"target":0},{"source":8,"target":0},{"source":9,"target":0},{"source":10,"target":0},{"source":11,"target":0},{"source":12,"target":0}]}