{"nodes":[{"Tweet":"Deputy","UserName":"\u0392\u0391\u03a1\u039f\u03a5\u03a6\u0391\u039a\u0397\u03a3","Date":"null","icon":"http:\/\/images32.inewsgr.com\/2040\/20403577\/1.jpg","BelongsTo":"null","size":"big","name":"basic-graph"},{"Tweet":"\u0392\u03b1\u03c1\u03bf\u03c5\u03c6\u03ac\u03ba\u03b7\u03c2: \u039a\u03b1\u03bc\u03af\u03b1 \u03bc\u03b5\u03c4\u03b1\u03b2\u03bf\u03bb\u03ae \u03c3\u03c4\u03bf\u03bd \u03a6\u03a0\u0391 \u03c3\u03c4\u03b1 \u03bd\u03b7\u03c3\u03b9\u03ac \u03bc\u03ad\u03c7\u03c1\u03b9 \u03c4\u03bf\u03bd \u03a3\u03b5\u03c0\u03c4\u03ad\u03bc\u03b2\u03c1\u03b9\u03bf via","UserName":"Antenna News","Date":"Thu May 14 10:33:34 +0000 2015","icon":"http:\/\/pbs.twimg.com\/profile_images\/522717332980776962\/Ad9VZLaz_normal.jpeg","BelongsTo":"\u0392\u0391\u03a1\u039f\u03a5\u03a6\u0391\u039a\u0397\u03a3","size":"small","name":"basic-graph"},{"Tweet":": \u039a\u03b1\u03bc\u03af\u03b1 \u03bc\u03b5\u03c4\u03b1\u03b2\u03bf\u03bb\u03ae \u03c3\u03c4\u03bf\u03bd \u03a6\u03a0\u0391 \u03c3\u03c4\u03b1 \u03bd\u03b7\u03c3\u03b9\u03ac \u03bc\u03ad\u03c7\u03c1\u03b9 \u03c4\u03bf\u03bd \u03a3\u03b5\u03c0\u03c4\u03ad\u03bc\u03b2\u03c1\u03b9\u03bf","UserName":"Antenna News","Date":"Thu May 14 10:11:03 +0000 2015","icon":"http:\/\/pbs.twimg.com\/profile_images\/522717332980776962\/Ad9VZLaz_normal.jpeg","BelongsTo":"\u0392\u0391\u03a1\u039f\u03a5\u03a6\u0391\u039a\u0397\u03a3","size":"small","name":"basic-graph"},{"Tweet":"\u0392\u03b1\u03c1\u03bf\u03c5\u03c6\u03ac\u03ba\u03b7\u03c2: \u0394\u03b5\u03bd \u03c5\u03c0\u03bf\u03b3\u03c1\u03ac\u03c6\u03c9 \u03c3\u03c5\u03bc\u03c6\u03c9\u03bd\u03af\u03b1 \u03c0\u03bf\u03c5 \u03b4\u03b5\u03bd \u03b2\u03b3\u03b1\u03af\u03bd\u03b5\u03b9 [\u0392\u0399\u039d\u03a4\u0395\u039f] | TVXS - TV \u03a7\u03c9\u03c1\u03af\u03c2 \u03a3\u03cd\u03bd\u03bf\u03c1\u03b1","UserName":"\u039d\u03b9\u03ba\u03bf\u03c2 \u0393\u03b5\u03bd\u03b5\u03ba\u03b1\u03c1\u03b7\u03c2","Date":"Thu May 14 10:09:39 +0000 2015","icon":"http:\/\/pbs.twimg.com\/profile_images\/585308072853241856\/_pXAt8TH_normal.jpg","BelongsTo":"\u0392\u0391\u03a1\u039f\u03a5\u03a6\u0391\u039a\u0397\u03a3","size":"small","name":"basic-graph"},{"Tweet":"\u0392\u03b1\u03c1\u03bf\u03c5\u03c6\u03ac\u03ba\u03b7\u03c2: \u039c\u03b1\u03c2 \u03c0\u03b9\u03ad\u03b6\u03bf\u03c5\u03bd \u03bd\u03b1 \u03ba\u03b1\u03c4\u03ad\u03b2\u03bf\u03c5\u03bd \u03cc\u03bb\u03bf\u03b9 \u03bf\u03b9 \u03bc\u03b9\u03c3\u03b8\u03bf\u03af \u03c3\u03c4\u03b1 700 \u03b5\u03c5\u03c1\u03ce.","UserName":"Jannis","Date":"Thu May 14 09:25:18 +0000 2015","icon":"http:\/\/pbs.twimg.com\/profile_images\/588066563414032384\/kqK_qaOg_normal.jpg","BelongsTo":"\u0392\u0391\u03a1\u039f\u03a5\u03a6\u0391\u039a\u0397\u03a3","size":"small","name":"basic-graph"},{"Tweet":": \u0394\u03b5\u03bd \u03c5\u03c0\u03bf\u03b3\u03c1\u03ac\u03c6\u03c9 \u03c3\u03c5\u03bc\u03c6\u03c9\u03bd\u03af\u03b1 \u03c0\u03bf\u03c5 \u03bc\u03b1\u03b8\u03b7\u03bc\u03b1\u03c4\u03b9\u03ba\u03ac \u03b4\u03b5\u03bd \u03b2\u03b3\u03b1\u03af\u03bd\u03b5\u03b9","UserName":"Antenna News","Date":"Thu May 14 08:28:40 +0000 2015","icon":"http:\/\/pbs.twimg.com\/profile_images\/522717332980776962\/Ad9VZLaz_normal.jpeg","BelongsTo":"\u0392\u0391\u03a1\u039f\u03a5\u03a6\u0391\u039a\u0397\u03a3","size":"small","name":"basic-graph"},{"Tweet":"\u0392\u03b1\u03c1\u03bf\u03c5\u03c6\u03ac\u03ba\u03b7\u03c2: \u0394\u03b5\u03bd \u03c5\u03c0\u03bf\u03b3\u03c1\u03ac\u03c6\u03c9 \u03c3\u03c5\u03bc\u03c6\u03c9\u03bd\u03af\u03b1 \u03c0\u03bf\u03c5 \u03b4\u03b5\u03bd \u03b2\u03b3\u03b1\u03af\u03bd\u03b5\u03b9 [\u0392\u0399\u039d\u03a4\u0395\u039f]","UserName":"TV \u03a7\u03c9\u03c1\u03af\u03c2 \u03a3\u03cd\u03bd\u03bf\u03c1\u03b1","Date":"Thu May 14 08:05:14 +0000 2015","icon":"http:\/\/pbs.twimg.com\/profile_images\/573121355123585024\/0FVzxYLU_normal.png","BelongsTo":"\u0392\u0391\u03a1\u039f\u03a5\u03a6\u0391\u039a\u0397\u03a3","size":"small","name":"basic-graph"},{"Tweet":"\u0392\u03b1\u03c1\u03bf\u03c5\u03c6\u03ac\u03ba\u03b7\u03c2: \u039c\u03b1\u03c2 \u03c0\u03b9\u03ad\u03b6\u03bf\u03c5\u03bd \u03bd\u03b1 \u03ba\u03b1\u03c4\u03ad\u03b2\u03bf\u03c5\u03bd \u03cc\u03bb\u03bf\u03b9 \u03bf\u03b9 \u03bc\u03b9\u03c3\u03b8\u03bf\u03af \u03c3\u03c4\u03b1 700 \u03b5\u03c5\u03c1\u03ce","UserName":"joan huguet","Date":"Wed May 13 21:29:14 +0000 2015","icon":"http:\/\/pbs.twimg.com\/profile_images\/552537801758351360\/2A_QAOUX_normal.jpeg","BelongsTo":"\u0392\u0391\u03a1\u039f\u03a5\u03a6\u0391\u039a\u0397\u03a3","size":"small","name":"basic-graph"},{"Tweet":"\u0392\u03b1\u03c1\u03bf\u03c5\u03c6\u03ac\u03ba\u03b7\u03c2: \u039c\u03b1\u03c2 \u03c0\u03b9\u03ad\u03b6\u03bf\u03c5\u03bd \u03bd\u03b1 \u03ba\u03b1\u03c4\u03b5\u03b2\u03ac\u03c3\u03bf\u03c5\u03bc\u03b5 \u03cc\u03bb\u03bf\u03c5\u03c2 \u03c4\u03bf\u03c5\u03c2 \u03bc\u03b9\u03c3\u03b8\u03bf\u03cd\u03c2 \u03c3\u03c4\u03b1 700 \u03b5\u03c5\u03c1\u03ce","UserName":"\u039a\u03bf\u03bc\u03c0\u03bf\u03cd\u03b3\u03b9\u03b1\u03c2 \u039a\u03ce\u03c3\u03c4\u03b1\u03c2","Date":"Wed May 13 20:55:07 +0000 2015","icon":"http:\/\/pbs.twimg.com\/profile_images\/3282405258\/baa7dbc14d42c1b17d57efe7e3ede28f_normal.jpeg","BelongsTo":"\u0392\u0391\u03a1\u039f\u03a5\u03a6\u0391\u039a\u0397\u03a3","size":"small","name":"basic-graph"},{"Tweet":"\u0392\u03b1\u03c1\u03bf\u03c5\u03c6\u03ac\u03ba\u03b7\u03c2: \u039c\u03b1\u03c2 \u03c0\u03b9\u03ad\u03b6\u03bf\u03c5\u03bd \u03bd\u03b1 \u03ba\u03b1\u03c4\u03ad\u03b2\u03bf\u03c5\u03bd \u03cc\u03bb\u03bf\u03b9 \u03bf\u03b9 \u03bc\u03b9\u03c3\u03b8\u03bf\u03af \u03c3\u03c4\u03b1 700 \u03b5\u03c5\u03c1\u03ce | TVXS","UserName":"Kostas Pappas","Date":"Wed May 13 20:53:40 +0000 2015","icon":"http:\/\/pbs.twimg.com\/profile_images\/566079332385562624\/HhdLsBdb_normal.jpeg","BelongsTo":"\u0392\u0391\u03a1\u039f\u03a5\u03a6\u0391\u039a\u0397\u03a3","size":"small","name":"basic-graph"},{"Tweet":"\u0392\u03b1\u03c1\u03bf\u03c5\u03c6\u03ac\u03ba\u03b7\u03c2: \u039c\u03b1\u03c2 \u03c0\u03b9\u03ad\u03b6\u03bf\u03c5\u03bd \u03bd\u03b1 \u03ba\u03b1\u03c4\u03ad\u03b2\u03bf\u03c5\u03bd \u03cc\u03bb\u03bf\u03b9 \u03bf\u03b9 \u03bc\u03b9\u03c3\u03b8\u03bf\u03af \u03c3\u03c4\u03b1 700 \u03b5\u03c5\u03c1\u03ce | TVXS - TV \u03a7\u03c9\u03c1\u03af\u03c2 \u03a3\u03cd\u03bd\u03bf\u03c1\u03b1","UserName":"gantatsios k","Date":"Wed May 13 19:15:52 +0000 2015","icon":"http:\/\/abs.twimg.com\/sticky\/default_profile_images\/default_profile_3_normal.png","BelongsTo":"\u0392\u0391\u03a1\u039f\u03a5\u03a6\u0391\u039a\u0397\u03a3","size":"small","name":"basic-graph"},{"Tweet":"\u0392\u03b1\u03c1\u03bf\u03c5\u03c6\u03ac\u03ba\u03b7\u03c2: \u039c\u03b1\u03c2 \u03c0\u03b9\u03ad\u03b6\u03bf\u03c5\u03bd \u03bd\u03b1 \u03ba\u03b1\u03c4\u03b5\u03b2\u03ac\u03c3\u03bf\u03c5\u03bc\u03b5 \u03cc\u03bb\u03bf\u03c5\u03c2 \u03c4\u03bf\u03c5\u03c2 \u03bc\u03b9\u03c3\u03b8\u03bf\u03cd\u03c2 \u03c3\u03c4\u03b1 700 \u03b5\u03c5\u03c1\u03ce (via","UserName":"George Roussos","Date":"Wed May 13 18:24:03 +0000 2015","icon":"http:\/\/pbs.twimg.com\/profile_images\/543889385104482304\/xGoC_UZu_normal.jpeg","BelongsTo":"\u0392\u0391\u03a1\u039f\u03a5\u03a6\u0391\u039a\u0397\u03a3","size":"small","name":"basic-graph"},{"Tweet":"\u0392\u03b1\u03c1\u03bf\u03c5\u03c6\u03ac\u03ba\u03b7\u03c2: \u039c\u03b1\u03c2 \u03c0\u03b9\u03ad\u03b6\u03bf\u03c5\u03bd \u03bd\u03b1 \u03ba\u03b1\u03c4\u03b1\u03af\u03b2\u03bf\u03c5\u03bd \u03cc\u03bb\u03bf\u03b9 \u03bf\u03b9 \u03bc\u03b9\u03c3\u03b8\u03bf\u03af \u03c3\u03c4\u03b1 700 \u03b5\u03c5\u03c1\u03ce | TVXS - TV \u03a7\u03c9\u03c1\u03af\u03c2 \u03a3\u03cd\u03bd\u03bf\u03c1\u03b1","UserName":"\u039d\u03b9\u03ba\u03bf\u03c2 \u0393\u03b5\u03bd\u03b5\u03ba\u03b1\u03c1\u03b7\u03c2","Date":"Wed May 13 17:46:10 +0000 2015","icon":"http:\/\/pbs.twimg.com\/profile_images\/585308072853241856\/_pXAt8TH_normal.jpg","BelongsTo":"\u0392\u0391\u03a1\u039f\u03a5\u03a6\u0391\u039a\u0397\u03a3","size":"small","name":"basic-graph"}],"links":[{"source":1,"target":0},{"source":2,"target":0},{"source":3,"target":0},{"source":4,"target":0},{"source":5,"target":0},{"source":6,"target":0},{"source":7,"target":0},{"source":8,"target":0},{"source":9,"target":0},{"source":10,"target":0},{"source":11,"target":0},{"source":12,"target":0}]}