{"nodes":[{"name":"main","size":"big","icon":"..\/backend\/assets\/center.png","Type":"M"},{"name":"\u039a\u03a9\u039d\u03a3\u03a4\u0391\u039d\u03a4\u0399\u039d\u039f\u03a3 \u039b\u0391\u03a0\u0391\u0392\u0399\u03a4\u03a3\u0391\u03a3","size":"small","icon":"http:\/\/tvxs.gr\/sites\/default\/files\/article\/2012\/09\/86432-lapavitsas.jpg","Type":"D"},{"name":"\u03a3\u03a5\u03a1\u0399\u0396\u0391\n","size":"normal","icon":"\/PoliticalTweets\/backend\/assets\/syriza.jpg","Type":"P"},{"name":"\u03a0\u0391\u039d\u0391\u0393\u0399\u03a9\u03a4\u0397\u03a3 \u039a\u039f\u03a5\u03a1\u039f\u03a5\u039c\u03a0\u039b\u0397\u03a3","size":"small","icon":"http:\/\/www.parapolitika.gr\/Media\/Default\/images\/apand_27012015101408.jpg","Type":"D"},{"name":"\u0398\u0395\u039f\u0394\u03a9\u03a1\u0391 \u039c\u03a0\u0391\u039a\u039f\u0393\u0399\u0391\u039d\u039d\u0397","size":"small","icon":"http:\/\/www.iliatora.gr\/files\/news\/5740_ph1.jpg","Type":"D"},{"name":"\u039d.\u0394.\n","size":"normal","icon":"\/PoliticalTweets\/backend\/assets\/nd.jpg","Type":"P"},{"name":"\u0391\u0394\u03a9\u039d\u0399\u03a3 \u0393\u0395\u03a9\u03a1\u0393\u0399\u0391\u0394\u0397\u03a3","size":"small","icon":"http:\/\/static.myworld.gr\/assets\/media\/Top\/picture%20prosopa\/92394.jpg","Type":"D"},{"name":"\u0394\u0397\u039c\u0397\u03a4\u03a1\u0399\u039f\u03a3 \u039a\u039f\u03a5\u03a4\u03a3\u039f\u03a5\u039c\u03a0\u0391\u03a3","size":"small","icon":"http:\/\/www.sofokleousin.gr\/files\/koutsoumpas_dimitris_144368301.jpg","Type":"D"},{"name":"\u039a.\u039a.\u0395.\n","size":"normal","icon":"\/PoliticalTweets\/backend\/assets\/kke.jpg","Type":"P"},{"name":"\u0394\u0397\u039c\u0397\u03a4\u03a1\u0399\u039f\u03a3 \u0392\u0399\u03a4\u03a3\u0391\u03a3","size":"small","icon":"http:\/\/static.pblogs.gr\/f\/254590-s5_high.jpg","Type":"D"},{"name":"\u0399\u03a9\u0391\u039d\u039d\u0397\u03a3 \u0392\u0391\u03a1\u039f\u03a5\u03a6\u0391\u039a\u0397\u03a3","size":"small","icon":"http:\/\/images32.inewsgr.com\/2040\/20403577\/1.jpg","Type":"D"}],"links":[{"source":2,"target":1},{"source":0,"target":2},{"source":0,"target":5},{"source":0,"target":8},{"source":0,"target":2},{"source":2,"target":3},{"source":0,"target":5},{"source":0,"target":8},{"source":0,"target":2},{"source":5,"target":4},{"source":0,"target":5},{"source":0,"target":8},{"source":0,"target":2},{"source":0,"target":5},{"source":5,"target":6},{"source":0,"target":8},{"source":0,"target":2},{"source":0,"target":5},{"source":8,"target":7},{"source":0,"target":8},{"source":0,"target":2},{"source":0,"target":5},{"source":0,"target":8},{"source":2,"target":9},{"source":0,"target":2},{"source":0,"target":5},{"source":0,"target":8},{"source":2,"target":10}]}