{"nodes":[{"Tweet":"Deputy","UserName":"\u0392\u0399\u03a4\u03a3\u0391\u03a3","Date":"null","icon":"http:\/\/static.pblogs.gr\/f\/254590-s5_high.jpg","BelongsTo":"null","size":"big","name":"basic-graph"},{"Tweet":"\u0392\u03af\u03c4\u03c3\u03b1\u03c2: \u03a3\u03c4\u03bf \u03bc\u03ad\u03bb\u03bb\u03bf\u03bd \u03bc\u03c0\u03bf\u03c1\u03b5\u03af \u03bd\u03b1 \u03c5\u03c0\u03ac\u03c1\u03be\u03b5\u03b9 \u0395\u03be\u03b5\u03c4\u03b1\u03c3\u03c4\u03b9\u03ba\u03ae \u03b3\u03b9\u03b1 \u03c4\u03b7\u03bd \u03ad\u03be\u03bf\u03b4\u03bf \u03b1\u03c0\u03cc \u03c4\u03bf \u03bc\u03bd\u03b7\u03bc\u03cc\u03bd\u03b9\u03bf - \u0392\u0399\u039d\u03a4\u0395\u039f -","UserName":"Dimitra ","Date":"Thu May 14 18:59:51 +0000 2015","icon":"http:\/\/pbs.twimg.com\/profile_images\/512197011928395777\/LXaL5H3B_normal.jpeg","BelongsTo":"\u0392\u0399\u03a4\u03a3\u0391\u03a3","size":"small","name":"basic-graph"},{"Tweet":"\u0392\u03af\u03c4\u03c3\u03b1\u03c2: \u03a3\u03c4\u03bf \u03bc\u03ad\u03bb\u03bb\u03bf\u03bd \u03bc\u03c0\u03bf\u03c1\u03b5\u03af \u03bd\u03b1 \u03c5\u03c0\u03ac\u03c1\u03be\u03b5\u03b9 \u0395\u03be\u03b5\u03c4\u03b1\u03c3\u03c4\u03b9\u03ba\u03ae \u03b3\u03b9\u03b1 ...","UserName":"Paris Hatzievagelou","Date":"Thu May 14 18:29:00 +0000 2015","icon":"http:\/\/pbs.twimg.com\/profile_images\/557473320635887617\/zTZTQoxj_normal.jpeg","BelongsTo":"\u0392\u0399\u03a4\u03a3\u0391\u03a3","size":"small","name":"basic-graph"},{"Tweet":"\u0394. \u0392\u03af\u03c4\u03c3\u03b1\u03c2: \u039f\u03b9 \u03ba\u03b9\u03bd\u03ae\u03c3\u03b5\u03b9\u03c2 \u03ba\u03b1\u03bb\u03ae\u03c2 \u03b8\u03ad\u03bb\u03b7\u03c3\u03b7\u03c2 \u03c4\u03b5\u03bb\u03b5\u03af\u03c9\u03c3\u03b1\u03bd, \u03bf\u03c1\u03b9\u03c3\u03c4\u03b9\u03ba\u03ae \u03c3\u03c5\u03bc\u03c6\u03c9\u03bd\u03af\u03b1 \u03c9\u03c2 \u03c4\u03bf \u03c4\u03ad\u03bb\u03bf\u03c2 \u039c\u03b1\u03ca\u03bf\u03c5 (Video) - via","UserName":"\u03a7\u03a1\u0399\u03a3\u03a4\u0399\u039d\u0391 \u03a3\u03a5\u039d\u03a4\u03a5\u03a7\u0391\u039a\u0397","Date":"Thu May 14 07:15:22 +0000 2015","icon":"http:\/\/pbs.twimg.com\/profile_images\/428148515592617984\/iamRO-i0_normal.png","BelongsTo":"\u0392\u0399\u03a4\u03a3\u0391\u03a3","size":"small","name":"basic-graph"},{"Tweet":"\u0392\u03af\u03c4\u03c3\u03b1\u03c2: \u03a4\u03bf\u03bd \u00ab\u03be\u03b5\u03c7\u03b1\u03c3\u03bc\u03ad\u03bd\u03bf\u00bb \u03bb\u03bf\u03b3\u03b1\u03c1\u03b9\u03b1\u03c3\u03bc\u03cc \u03c4\u03b7\u03c2 \u03a4\u03c4\u0395 \u03c4\u03bf\u03bd \u03bc\u03ac\u03b8\u03b1\u03bc\u03b5 \u03b1\u03c0\u03cc \u03c4\u03b7 \u039b\u03b1\u03b3\u03ba\u03ac\u03c1\u03bd\u03c4 \u03ba\u03b1\u03b9 \u03cc\u03c7\u03b9 \u03b1\u03c0\u03cc \u03c4\u03bf\u03bd \u03a3\u03c4\u03bf\u03c5\u03c1\u03bd\u03ac\u03c1\u03b1","UserName":"Paris Hatzievagelou","Date":"Tue May 12 13:49:23 +0000 2015","icon":"http:\/\/pbs.twimg.com\/profile_images\/557473320635887617\/zTZTQoxj_normal.jpeg","BelongsTo":"\u0392\u0399\u03a4\u03a3\u0391\u03a3","size":"small","name":"basic-graph"},{"Tweet":"\u0394. \u0392\u03af\u03c4\u03c3\u03b1\u03c2: \u03a4\u03bf \u03c0\u03c1\u03cc\u03b3\u03c1\u03b1\u03bc\u03bc\u03b1 \u03c4\u03b7\u03c2 \u0398\u03b5\u03c3\u03c3\u03b1\u03bb\u03bf\u03bd\u03af\u03ba\u03b7\u03c2 \u03be\u03b5\u03c0\u03ad\u03c1\u03b1\u03c3\u03b5 \u03c3\u03b5 \u03b4\u03b7\u03bc\u03bf\u03c4\u03b9\u03ba\u03cc\u03c4\u03b7\u03c4\u03b1 \u03ba\u03b1\u03b9 \u03c4\u03bf\u03bd \u03a4\u03c3\u03af\u03c0\u03c1\u03b1! \u039c\u03c0\u03b1, \u03b5\u03b3\u03c9 \u03c8\u03b7\u03c6\u03b9\u03c3\u03b1 \u03a0\u0398 \u03ba\u03b1\u03b9 \u03bf\u03c7\u03b9 \u03a4\u03c3\u03b9\u03c0\u03c1\u03b1!","UserName":"Markos Poulakis","Date":"Tue May 12 09:00:56 +0000 2015","icon":"http:\/\/pbs.twimg.com\/profile_images\/533904827827249152\/yWPUo6Dw_normal.jpeg","BelongsTo":"\u0392\u0399\u03a4\u03a3\u0391\u03a3","size":"small","name":"basic-graph"},{"Tweet":"\u0394. \u0392\u03af\u03c4\u03c3\u03b1\u03c2: \u03a4\u03bf \u03c0\u03c1\u03cc\u03b3\u03c1\u03b1\u03bc\u03bc\u03b1 \u03c4\u03b7\u03c2 \u0398\u03b5\u03c3\u03c3\u03b1\u03bb\u03bf\u03bd\u03af\u03ba\u03b7\u03c2 \u03be\u03b5\u03c0\u03ad\u03c1\u03b1\u03c3\u03b5 \u03c3\u03b5 \u03b4\u03b7\u03bc\u03bf\u03c4\u03b9\u03ba\u03cc\u03c4\u03b7\u03c4\u03b1 \u03ba\u03b1\u03b9 \u03c4\u03bf\u03bd \u03a4\u03c3\u03af\u03c0\u03c1\u03b1! (Video) via","UserName":"E\u03c6\u03b7\u03bc\u03b5\u03c1\u03af\u03b4\u03b1 \u0397 \u0391\u03a5\u0393\u0397","Date":"Tue May 12 08:11:44 +0000 2015","icon":"http:\/\/pbs.twimg.com\/profile_images\/3657731609\/7654521074ffb6220dba5460c9a6cbff_normal.jpeg","BelongsTo":"\u0392\u0399\u03a4\u03a3\u0391\u03a3","size":"small","name":"basic-graph"},{"Tweet":"\u0392\u03af\u03c4\u03c3\u03b1\u03c2: \u0391\u03c5\u03c4\u03bf\u03af \u03c0\u03bf\u03c5 \u03b4\u03b5\u03bd \u03b5\u03af\u03bd\u03b1\u03b9 \u03b5\u03bd\u03c4\u03ac\u03be\u03b5\u03b9 \u03c3\u03c4\u03b7 \u03c3\u03c5\u03bc\u03c6\u03c9\u03bd\u03af\u03b1 ...","UserName":"\u03a3\u03b1\u03c1\u03b4\u03ad\u03bb\u03b1!","Date":"Sun May 10 06:55:48 +0000 2015","icon":"http:\/\/pbs.twimg.com\/profile_images\/564900914062831616\/MqsK5Hcq_normal.jpeg","BelongsTo":"\u0392\u0399\u03a4\u03a3\u0391\u03a3","size":"small","name":"basic-graph"}],"links":[{"source":1,"target":0},{"source":2,"target":0},{"source":3,"target":0},{"source":4,"target":0},{"source":5,"target":0},{"source":6,"target":0},{"source":7,"target":0}]}