{"nodes":[{"Tweet":"Deputy","UserName":"\u039a\u039f\u03a5\u03a1\u039f\u03a5\u039c\u03a0\u039b\u0397\u03a3","Date":"null","icon":"http:\/\/www.parapolitika.gr\/Media\/Default\/images\/apand_27012015101408.jpg","BelongsTo":"null","size":"big","name":"basic-graph"},{"Tweet":"\u039f \u039a\u03bf\u03c5\u03c1\u03bf\u03c5\u03bc\u03c0\u03bb\u03ae\u03c2 \u03c4\u03bf \u03bc\u03b5\u03c4\u03ac\u03bd\u03b9\u03c9\u03c3\u03b5: \u0394\u03b5\u03bd \u03b8\u03b1 \u03c0\u03b1\u03c1\u03b1\u03c3\u03c4\u03ce \u03c3\u03c4\u03b7\u03bd \u03c0\u03b5\u03c1\u03b9\u03c6\u03bf\u03c1\u03ac \u03c4\u03c9\u03bd \u03bb\u03b5\u03b9\u03c8\u03ac\u03bd\u03c9\u03bd|iefimerida.gr - \u039a\u03bf\u03c5\u03c1\u03bf\u03c5\u03bc\u03c0\u03bb\u03ae \u03c3\u03bf\u03c5 \u03c4\u03c1\u03ac\u03b2\u03b7\u03be\u03b1\u03bd \u03c4'\u03b1\u03c5\u03c4\u03af ;","UserName":"Miltos Siniossoglou ","Date":"Thu May 14 12:00:38 +0000 2015","icon":"http:\/\/pbs.twimg.com\/profile_images\/378800000516049623\/9741cb66142a4aede4b57b5921a1a26e_normal.jpeg","BelongsTo":"\u039a\u039f\u03a5\u03a1\u039f\u03a5\u039c\u03a0\u039b\u0397\u03a3","size":"small","name":"basic-graph"},{"Tweet":"\u03c0\u03bf\u03bb\u03bb\u03ac \u03b2\u03ac\u03b6\u03b5\u03c4\u03b5 \u03bb\u03af\u03b3\u03b1 \u03c0\u03b1\u03af\u03c1\u03bd\u03b5\u03c4\u03b5 -","UserName":"mperedim","Date":"Thu May 14 11:17:32 +0000 2015","icon":"http:\/\/pbs.twimg.com\/profile_images\/67976505\/for_msn_avatar_normal.jpg","BelongsTo":"\u039a\u039f\u03a5\u03a1\u039f\u03a5\u039c\u03a0\u039b\u0397\u03a3","size":"small","name":"basic-graph"},{"Tweet":"\u0394\u03b5\u03bd \u03b8\u03b1 \u03c0\u03b1\u03c1\u03b1\u03c3\u03c4\u03ce \u03c3\u03c4\u03b7\u03bd \u03c0\u03b5\u03c1\u03b9\u03c6\u03bf\u03c1\u03ac \u03c4\u03c9\u03bd \u03bb\u03b5\u03b9\u03c8\u03ac\u03bd\u03c9\u03bd \u03c4\u03b7\u03c2 \u0391\u03b3\u03af\u03b1\u03c2 \u0392\u03b1\u03c1\u03b2\u03ac\u03c1\u03b1\u03c2","UserName":"Antenna News","Date":"Thu May 14 11:16:54 +0000 2015","icon":"http:\/\/pbs.twimg.com\/profile_images\/522717332980776962\/Ad9VZLaz_normal.jpeg","BelongsTo":"\u039a\u039f\u03a5\u03a1\u039f\u03a5\u039c\u03a0\u039b\u0397\u03a3","size":"small","name":"basic-graph"},{"Tweet":"\u039a\u03bf\u03c5\u03c1\u03bf\u03c5\u03bc\u03c0\u03bb\u03ae\u03c2: \u0394\u03b5\u03bd \u03b4\u03ae\u03bb\u03c9\u03c3\u03b1 \u03cc\u03c4\u03b9 \u03b8\u03b1 \u03c3\u03c5\u03bd\u03bf\u03b4\u03b5\u03cd\u03c3\u03c9 \u03c4\u03b1 \u03bb\u03b5\u03af\u03c8\u03b1\u03bd\u03b1 \u03c3\u03c4\u03bf\u03bd \u0386\u03b3\u03b9\u03bf \u03a3\u03ac\u03b2\u03b2\u03b1 (Video)","UserName":"\u03a4\u039f \u03a0\u039f\u039d\u03a4\u0399\u039a\u0399","Date":"Thu May 14 10:27:45 +0000 2015","icon":"http:\/\/pbs.twimg.com\/profile_images\/811634028\/pontikaki_normal.jpg","BelongsTo":"\u039a\u039f\u03a5\u03a1\u039f\u03a5\u039c\u03a0\u039b\u0397\u03a3","size":"small","name":"basic-graph"},{"Tweet":"\u03a0. \u039a\u03bf\u03c5\u03c1\u03bf\u03c5\u03bc\u03c0\u03bb\u03ae\u03c2: \u039c\u03b5\u03af\u03c9\u03c3\u03b7 \u03c4\u03b7\u03c2 \u03c3\u03c5\u03bc\u03bc\u03b5\u03c4\u03bf\u03c7\u03ae\u03c2 \u03c3\u03c4\u03b1 \u03c6\u03ac\u03c1\u03bc\u03b1\u03ba\u03b1, \u03bc\u03b5 \u03b5\u03b9\u03c3\u03bf\u03b4\u03b7\u03bc\u03b1\u03c4\u03b9\u03ba\u03ac \u03ba\u03c1\u03b9\u03c4\u03ae\u03c1\u03b9\u03b1 | \u039b\u03b1\u03bc\u03b9\u03b1\u03ba\u03cc\u03c2 \u03a4\u03cd\u03c0\u03bf\u03c2","UserName":"\u039b\u03b1\u03bc\u03b9\u03b1\u03ba\u03cc\u03c2 \u03a4\u03cd\u03c0\u03bf\u03c2","Date":"Thu May 14 10:06:48 +0000 2015","icon":"http:\/\/pbs.twimg.com\/profile_images\/378800000514258970\/46315ebc18e271359e0912153f47de1e_normal.png","BelongsTo":"\u039a\u039f\u03a5\u03a1\u039f\u03a5\u039c\u03a0\u039b\u0397\u03a3","size":"small","name":"basic-graph"},{"Tweet":"\u0394\u03b7\u03bb\u03b1\u03b4\u03ae: \u0398\u03b1 \u03c0\u03bb\u03b7\u03c1\u03ce\u03bd\u03b5\u03c4\u03b5 \u03cc\u03bb\u03bf\u03b9 \u03c4\u03bf \u03af\u03b4\u03b9\u03bf \u03b1\u03bb\u03bb\u03ac \u03b4\u03b5 \u03b8\u03b1 \u03b1\u03c0\u03bf\u03bb\u03b1\u03bc\u03b2\u03ac\u03bd\u03b5\u03c4\u03b5 \u03c4\u03b9\u03c2 \u03af\u03b4\u03b9\u03b5\u03c2 \u03c5\u03c0\u03b7\u03c1\u03b5\u03c3\u03af\u03b5\u03c2. \u0392\u03b1\u03c3\u03b9\u03ba\u03ac \u03cc\u03c3\u03bf \u03c0\u03b5\u03c1\u03b9\u03c3\u03c3\u03cc\u03c4\u03b5\u03c1\u03b1 \u03c0\u03bb\u03b7\u03c1\u03ce\u03bd\u03b5\u03c4\u03b5...","UserName":"Nikos Lampropoulos","Date":"Thu May 14 09:44:42 +0000 2015","icon":"http:\/\/pbs.twimg.com\/profile_images\/513238897552158723\/nbOcYpA9_normal.jpeg","BelongsTo":"\u039a\u039f\u03a5\u03a1\u039f\u03a5\u039c\u03a0\u039b\u0397\u03a3","size":"small","name":"basic-graph"},{"Tweet":"\u039f \u039a\u03bf\u03c5\u03c1\u03bf\u03c5\u03bc\u03c0\u03bb\u03ae\u03c2 \u03c4\u03bf \u03bc\u03b5\u03c4\u03ac\u03bd\u03b9\u03c9\u03c3\u03b5: \u0394\u03b5\u03bd \u03b8\u03b1 \u03c0\u03b1\u03c1\u03b1\u03c3\u03c4\u03ce \u03c3\u03c4\u03b7\u03bd \u03c0\u03b5\u03c1\u03b9\u03c6\u03bf\u03c1\u03ac \u03c4\u03c9\u03bd \u03bb\u03b5\u03b9\u03c8\u03ac\u03bd\u03c9\u03bd | iefimerida.gr -","UserName":"iefimerida","Date":"Thu May 14 09:20:35 +0000 2015","icon":"http:\/\/pbs.twimg.com\/profile_images\/532185642864623616\/AK8fkG3f_normal.png","BelongsTo":"\u039a\u039f\u03a5\u03a1\u039f\u03a5\u039c\u03a0\u039b\u0397\u03a3","size":"small","name":"basic-graph"},{"Tweet":"\u03a0. \u039a\u03bf\u03c5\u03c1\u03bf\u03c5\u03bc\u03c0\u03bb\u03ae\u03c2: \u039c\u03b5 \u03b5\u03b9\u03c3\u03bf\u03b4\u03b7\u03bc\u03b1\u03c4\u03b9\u03ba\u03ac \u03ba\u03c1\u03b9\u03c4\u03ae\u03c1\u03b9\u03b1 \u03b7 \u03c3\u03c5\u03bc\u03bc\u03b5\u03c4\u03bf\u03c7\u03ae \u03c4\u03c9\u03bd \u03b1\u03c3\u03c6\u03b1\u03bb\u03b9\u03c3\u03bc\u03ad\u03bd\u03c9\u03bd \u03c3\u03c4\u03b1 \u03c6\u03ac\u03c1\u03bc\u03b1\u03ba\u03b1 (\u03b2\u03af\u03bd\u03c4\u03b5\u03bf)","UserName":"alter thess","Date":"Thu May 14 08:39:14 +0000 2015","icon":"http:\/\/pbs.twimg.com\/profile_images\/1134337648\/logo_normal.png","BelongsTo":"\u039a\u039f\u03a5\u03a1\u039f\u03a5\u039c\u03a0\u039b\u0397\u03a3","size":"small","name":"basic-graph"},{"Tweet":"\u03a0\u03b1\u03bd. \u039a\u03bf\u03c5\u03c1\u03bf\u03c5\u03bc\u03c0\u03bb\u03ae\u03c2: \u039c\u03b5 \u03b5\u03b9\u03c3\u03bf\u03b4\u03b7\u03bc\u03b1\u03c4\u03b9\u03ba\u03ac \u03ba\u03c1\u03b9\u03c4\u03ae\u03c1\u03b9\u03b1 \u03b7 \u03c3\u03c5\u03bc\u03bc\u03b5\u03c4\u03bf\u03c7\u03ae \u03c4\u03c9\u03bd \u03b1\u03c3\u03c6\u03b1\u03bb\u03b9\u03c3\u03bc\u03ad\u03bd\u03c9\u03bd \u03c3\u03c4\u03b1 \u03c6\u03ac\u03c1\u03bc\u03b1\u03ba\u03b1 (\u03b2\u03af\u03bd\u03c4\u03b5\u03bf) ::...","UserName":"left.gr","Date":"Thu May 14 08:18:35 +0000 2015","icon":"http:\/\/pbs.twimg.com\/profile_images\/3112082968\/50abdb26e5264ee195bbea612e9c265e_normal.jpeg","BelongsTo":"\u039a\u039f\u03a5\u03a1\u039f\u03a5\u039c\u03a0\u039b\u0397\u03a3","size":"small","name":"basic-graph"},{"Tweet":"\u039b\u03b5\u03c6\u03c4\u03ac \u03b4\u03b5\u03bd \u03b4\u03af\u03bd\u03bf\u03c5\u03bd \u03c3\u03c4\u03b1 \u03bd\u03bf\u03c3\u03bf\u03ba\u03bf\u03bc\u03b5\u03af\u03b1, \u03b1\u03bb\u03bb\u03ac \u03c4\u03bf\u03c5\u03bb\u03ac\u03c7\u03b9\u03c3\u03c4\u03bf\u03bd \u03c0\u03b5\u03c1\u03b9\u03c6\u03ad\u03c1\u03bf\u03c5\u03bd \u03bb\u03b5\u03af\u03c8\u03b1\u03bd\u03b1 \u03b1\u03b3\u03af\u03c9\u03bd.. \u039f\u03a7\u0399 \u0391\u039b\u039b\u039f \u039a\u0391\u03a1\u0392\u039f\u03a5\u039d\u039f!!","UserName":"\u039d\u03af\u03ba\u03bf\u03c2 \u03a7\u03b1\u03c4\u03b6\u03ae\u03c2","Date":"Wed May 13 01:15:01 +0000 2015","icon":"http:\/\/pbs.twimg.com\/profile_images\/531547741990555648\/KAVrRPmO_normal.jpeg","BelongsTo":"\u039a\u039f\u03a5\u03a1\u039f\u03a5\u039c\u03a0\u039b\u0397\u03a3","size":"small","name":"basic-graph"},{"Tweet":"\u03a6\u03b1\u03bd\u03c4\u03ac\u03b6\u03b5\u03c3\u03c4\u03b5 \u03bd\u03b1 \u03c4\u03bf \u03b5\u03af\u03c7\u03b1 \u03ba\u03ac\u03bd\u03b5\u03b9 \u03b5\u03b3\u03ce \u03b1\u03c5\u03c4\u03cc \u03c9\u03c2 \u03a5\u03c0\u03bf\u03c5\u03c1\u03b3\u03cc\u03c2 \u03a5\u03b3\u03b5\u03af\u03b1\u03c2 \u03c4\u03af \u03b8\u03b1 \u03ad\u03bb\u03b5\u03b3\u03b1\u03bd \u03bf\u03b9 \u03b1\u03c1\u03b9\u03c3\u03c4\u03b5\u03c1\u03bf\u03af \u03b5\u03b4\u03ce \u03c3\u03c4\u03bf \u03c4\u03bf\u03c5\u03af\u03c4\u03b5\u03c1;","UserName":"\u0395\u03bb\u03b5\u03bd\u03b1 \u0392\u03b5\u03c1\u03b4\u03bf\u03cd\u03c4\u03bf\u03c5","Date":"Tue May 12 17:28:09 +0000 2015","icon":"http:\/\/pbs.twimg.com\/profile_images\/2583406896\/ycr3mpblhn0y9po400zq_normal.jpeg","BelongsTo":"\u039a\u039f\u03a5\u03a1\u039f\u03a5\u039c\u03a0\u039b\u0397\u03a3","size":"small","name":"basic-graph"}],"links":[{"source":1,"target":0},{"source":2,"target":0},{"source":3,"target":0},{"source":4,"target":0},{"source":5,"target":0},{"source":6,"target":0},{"source":7,"target":0},{"source":8,"target":0},{"source":9,"target":0},{"source":10,"target":0},{"source":11,"target":0}]}