{"nodes":[{"Tweet":"Deputy","UserName":"\u0393\u0395\u03a9\u03a1\u0393\u0399\u0391\u0394\u0397\u03a3","Date":"null","icon":"http:\/\/static.myworld.gr\/assets\/media\/Top\/picture%20prosopa\/92394.jpg","BelongsTo":"null","size":"big","name":"basic-graph"},{"Tweet":"Chiaroscuro (\u03b7 \u03c6\u03c9\u03c4\u03bf\u03b3\u03c1\u03b1\u03c6\u03af\u03b1 \u03c0\u03b5\u03c1\u03b9\u03ad\u03c7\u03b5\u03b9 \u03c4\u03bf\u03c0\u03bf\u03b8\u03ad\u03c4\u03b7\u03c3\u03b7 \u03c0\u03c1\u03bf\u03ca\u03cc\u03bd\u03c4\u03bf\u03c2). @ X\u00e1nthi, Greece","UserName":"George Georgiadis","Date":"Thu May 14 18:41:36 +0000 2015","icon":"http:\/\/pbs.twimg.com\/profile_images\/378800000859362225\/vocaFLHY_normal.jpeg","BelongsTo":"\u0393\u0395\u03a9\u03a1\u0393\u0399\u0391\u0394\u0397\u03a3","size":"small","name":"basic-graph"},{"Tweet":"\u0393\u03b5\u03c9\u03c1\u03b3\u03b9\u03ac\u03b4\u03b7\u03c2: \u039c\u03b5 \u03c7\u03c4\u03cd\u03c0\u03b7\u03c3\u03b5 \u03bf \u039a\u03b1\u03c3\u03b9\u03b4\u03b9\u03ac\u03c1\u03b7\u03c2 \u03c3\u03c4\u03b7\u03bd \u03c0\u03bb\u03b1\u03c4\u03b5\u03af\u03b1 \u0391\u03c4\u03c4\u03b9\u03ba\u03ae\u03c2","UserName":"neotera.gr","Date":"Thu May 14 18:17:20 +0000 2015","icon":"http:\/\/pbs.twimg.com\/profile_images\/378800000795302838\/a0562c5b370ecd8c602b28bab452b2cb_normal.png","BelongsTo":"\u0393\u0395\u03a9\u03a1\u0393\u0399\u0391\u0394\u0397\u03a3","size":"small","name":"basic-graph"},{"Tweet":"\u0393\u03b5\u03c9\u03c1\u03b3\u03b9\u03ac\u03b4\u03b7\u03c2: \u0395 \u03c1\u03b5 \u03bd\u03b1 \u03c4\u03c1\u03b1\u03b3\u03bf\u03c5\u03b4\u03bf\u03cd\u03c3\u03b5 \u03bf \u0392\u03b5\u03bd\u03b9\u03b6\u03ad\u03bb\u03bf\u03c2","UserName":"\u03a4\u03bf \u03a0\u03b1\u03c1\u03b1\u03c3\u03ba\u03ae\u03bd\u03b9\u03bf","Date":"Thu May 14 17:37:04 +0000 2015","icon":"http:\/\/pbs.twimg.com\/profile_images\/2293415199\/zwk5yc8lvbqoyxx6swd5_normal.png","BelongsTo":"\u0393\u0395\u03a9\u03a1\u0393\u0399\u0391\u0394\u0397\u03a3","size":"small","name":"basic-graph"},{"Tweet":"\u0393\u03b5\u03c9\u03c1\u03b3\u03b9\u03ac\u03b4\u03b7\u03c2: \u0395 \u03c1\u03b5 \u03bd\u03b1 \u03c4\u03c1\u03b1\u03b3\u03bf\u03c5\u03b4\u03bf\u03cd\u03c3\u03b5 \u03bf \u0392\u03b5\u03bd\u03b9\u03b6\u03ad\u03bb\u03bf\u03c2 \u03bc\u03b5 \u03c4\u03bf\u03bd \u03a4\u03bf\u03cd\u03c1\u03ba\u03bf \u03a5\u03a0\u0395\u039e\u2026 \u03a4\u03b9 \u03b8\u03b1 \u03ad\u03bb\u03b5\u03b3\u03b5 \u03bf \u039a\u03b1\u03bc\u03bc\u03ad\u03bd\u03bf\u03c2;","UserName":"Dimitris Leonov","Date":"Thu May 14 16:57:44 +0000 2015","icon":"http:\/\/pbs.twimg.com\/profile_images\/1599465638\/che_2_normal.jpg","BelongsTo":"\u0393\u0395\u03a9\u03a1\u0393\u0399\u0391\u0394\u0397\u03a3","size":"small","name":"basic-graph"},{"Tweet":"\u0391\u03bd\u03b5\u03c5\u03bb\u03b1\u03b2\u03b7\u03c2 \u0398\u0395\u039f\u03a5\u039b\u0397\u03a3 \u03c4\u03bf\u03bd \u03b1\u03b3\u03b1\u03c0\u03c9 Zougla 16\/10\/08 Anevlavis Adwnis Georgiadis Panagiotis Xatzistefanou","UserName":"Nellie Oleson ","Date":"Thu May 14 16:14:38 +0000 2015","icon":"http:\/\/pbs.twimg.com\/profile_images\/577833638160506880\/Wj6ZTi3g_normal.jpeg","BelongsTo":"\u0393\u0395\u03a9\u03a1\u0393\u0399\u0391\u0394\u0397\u03a3","size":"small","name":"basic-graph"},{"Tweet":"\u039f \u0386\u03b4\u03c9\u03bd\u03b9\u03c2 \u0393\u03b5\u03c9\u03c1\u03b3\u03b9\u03ac\u03b4\u03b7\u03c2 \u03b4\u03af\u03bd\u03b5\u03b9 \u03c8\u03ae\u03c6\u03bf \u03b5\u03bc\u03c0\u03b9\u03c3\u03c4\u03bf\u03c3\u03cd\u03bd\u03b7\u03c2 \u03c3\u03c4\u03bf\u03bd \u03a3\u03ac\u03ba\u03b7 \u03a1\u03bf\u03c5\u03b2\u03ac -","UserName":"\u03a0\u03b1\u03bd\u03bf\u03c1\u03b1\u03bc\u03af\u03be","Date":"Thu May 14 09:21:53 +0000 2015","icon":"http:\/\/pbs.twimg.com\/profile_images\/564533890291740672\/WTqITqzZ_normal.jpeg","BelongsTo":"\u0393\u0395\u03a9\u03a1\u0393\u0399\u0391\u0394\u0397\u03a3","size":"small","name":"basic-graph"},{"Tweet":"\u0386\u03b4\u03c9\u03bd\u03b9\u03c2 \u0393\u03b5\u03c9\u03c1\u03b3\u03b9\u03ac\u03b4\u03b7\u03c2: \u03a4\u03b1 \u03c0\u03b1\u03b9\u03b4\u03b9\u03ac \u03c4\u03b7\u03c2 \u0394\u0391\u03a0 \u03bd\u03af\u03ba\u03b7\u03c3\u03b1\u03bd \u03c4\u03b7\u03bd \u03c4\u03c1\u03bf\u03bc\u03bf\u03ba\u03c1\u03b1\u03c4\u03af\u03b1 \u03ba\u03b1\u03b9 \u03c4\u03b7 \u03b2\u03af\u03b1. \u039c\u03c0\u03c1\u03ac\u03b2\u03bf \u03c4\u03bf\u03c5\u03c2! -","UserName":"ASTERIX","Date":"Thu May 14 07:57:22 +0000 2015","icon":"http:\/\/pbs.twimg.com\/profile_images\/564159199534264322\/zk4mix9M_normal.jpeg","BelongsTo":"\u0393\u0395\u03a9\u03a1\u0393\u0399\u0391\u0394\u0397\u03a3","size":"small","name":"basic-graph"}],"links":[{"source":1,"target":0},{"source":2,"target":0},{"source":3,"target":0},{"source":4,"target":0},{"source":5,"target":0},{"source":6,"target":0},{"source":7,"target":0}]}