{"nodes":[{"Tweet":"Deputy","UserName":"\u039b\u0391\u03a6\u0391\u0396\u0391\u039d\u0397\u03a3","Date":"null","icon":"https:\/\/synpeiraia.files.wordpress.com\/2012\/04\/cebbceb1cf86ceb1ceb6ceb1cebdceb7cf83-cf80ceb1cebdceb1ceb3ceb9cf89cf84ceb7cf83.jpg","BelongsTo":"null","size":"big","name":"basic-graph"},{"Tweet":"\u03a0\u03ac\u03bd\u03b5 \u03ba\u03b1\u03b9 \u03c4\u03b1 \u03bb\u03b5\u03c6\u03c4\u03ac \u03b1\u03c0\u03cc","UserName":"igiannis","Date":"Fri May 15 18:59:20 +0000 2015","icon":"http:\/\/pbs.twimg.com\/profile_images\/571756461765881856\/fk0Muruh_normal.jpeg","BelongsTo":"\u039b\u0391\u03a6\u0391\u0396\u0391\u039d\u0397\u03a3","size":"small","name":"basic-graph"},{"Tweet":"\u0395\u03bd\u03b5\u03c1\u03b3\u03b5\u03b9\u03b1\u03ba\u03ae \u03c3\u03c5\u03bd\u03b5\u03c1\u03b3\u03b1\u03c3\u03af\u03b1 \u0395\u03bb\u03bb\u03ac\u03b4\u03b1\u03c2-\u0392\u03b5\u03bd\u03b5\u03b6\u03bf\u03c5\u03ad\u03bb\u03b1\u03c2 \u03b1\u03c0\u03bf\u03c6\u03ac\u03c3\u03b9\u03c3\u03b1\u03bd \u039b\u03b1\u03c6\u03b1\u03b6\u03ac\u03bd\u03b7\u03c2-\u03a6\u03b1\u03c1\u03af\u03c4 \u2014 KoolNews via","UserName":"Koolnews.gr","Date":"Fri May 15 18:48:24 +0000 2015","icon":"http:\/\/pbs.twimg.com\/profile_images\/2965248541\/64c2960ad6ddd5a31545717746885827_normal.png","BelongsTo":"\u039b\u0391\u03a6\u0391\u0396\u0391\u039d\u0397\u03a3","size":"small","name":"basic-graph"},{"Tweet":"\u039f \u039b\u03b1\u03c6\u03b1\u03b6\u03ac\u03bd\u03b7\u03c2 \u03b8\u03ad\u03bb\u03b5\u03b9 \u03bd\u03b1 \u03bc\u03b1\u03c2 \u03ba\u03ac\u03bd\u03b5\u03b9... \u0392\u03b5\u03bd\u03b5\u03b6\u03bf\u03c5\u03ad\u03bb\u03b1!: \u039f \u03c5\u03c0\u03bf\u03c5\u03c1\u03b3\u03cc\u03c2 \u03a0\u03b1\u03c1\u03b1\u03b3\u03c9\u03b3\u03b9\u03ba\u03ae\u03c2 \u0391\u03bd\u03b1\u03c3\u03c5\u03b3\u03ba\u03c1\u03cc\u03c4\u03b7\u03c3\u03b7\u03c2 \u03ba\u03b1\u03b9 \u03b5\u03ba\u03c0\u03c1\u03cc\u03c3\u03c9\u03c0\u03bf\u03c2 \u03c4\u03b7\u03c2 \u00ab...","UserName":"HotNewsSports","Date":"Fri May 15 18:36:57 +0000 2015","icon":"http:\/\/pbs.twimg.com\/profile_images\/543165936744681472\/KTISZZ7u_normal.jpeg","BelongsTo":"\u039b\u0391\u03a6\u0391\u0396\u0391\u039d\u0397\u03a3","size":"small","name":"basic-graph"},{"Tweet":"\u039f \u039b\u03b1\u03c6\u03b1\u03b6\u03ac\u03bd\u03b7\u03c2 \u03b8\u03ad\u03bb\u03b5\u03b9 \u03bd\u03b1 \u03bc\u03b1\u03c2 \u03ba\u03ac\u03bd\u03b5\u03b9... \u0392\u03b5\u03bd\u03b5\u03b6\u03bf\u03c5\u03ad\u03bb\u03b1!","UserName":"Jim  Sports","Date":"Fri May 15 18:36:55 +0000 2015","icon":"http:\/\/pbs.twimg.com\/profile_images\/3009577085\/d14fac458ae24d8d149d8cf2ea05240a_normal.jpeg","BelongsTo":"\u039b\u0391\u03a6\u0391\u0396\u0391\u039d\u0397\u03a3","size":"small","name":"basic-graph"},{"Tweet":"\u039b\u03b1\u03c6\u03b1\u03b6\u03ac\u03bd\u03b7\u03c2: \u0391\u03bd\u03c4\u03b1\u03bb\u03bb\u03b1\u03b3\u03ae \u03b1\u03bd\u03c4\u03b9\u03bc\u03c0\u03b5\u03c1\u03b9\u03bb\u03b1\u03c3\u03c4\u03b9\u03ba\u03ce\u03bd \u03b9\u03b4\u03b5\u03ce\u03bd \u03bc\u03b5 \u03c4\u03bf\u03bd \u03c0\u03c1\u03ad\u03c3\u03b2\u03b7 \u03c4\u03b7\u03c2 \u0392\u03b5\u03bd\u03b5\u03b6\u03bf\u03c5\u03ad\u03bb\u03b1\u03c2","UserName":"ein Steppenwolf","Date":"Fri May 15 18:33:28 +0000 2015","icon":"http:\/\/pbs.twimg.com\/profile_images\/2159017240\/steppenwolf_normal.jpeg","BelongsTo":"\u039b\u0391\u03a6\u0391\u0396\u0391\u039d\u0397\u03a3","size":"small","name":"basic-graph"},{"Tweet":"\u039f \u039b\u03b1\u03c6\u03b1\u03b6\u03ac\u03bd\u03b7\u03c2 \u03bc\u03c0\u03ad\u03c1\u03b4\u03b5\u03c8\u03b5 \u03c4\u03bf \u03c3\u03c5\u03bd\u03ad\u03b4\u03c1\u03b9\u03bf \u03c4\u03bf\u03c5 Economist \u03bc\u03b5 \u03c4\u03b7\u03bd \u039a\u0395 \u03c4\u03bf\u03c5 \u03a3\u03a5\u03a1\u0399\u0396\u0391 \u2014 KoolNews","UserName":"Koolnews.gr","Date":"Fri May 15 17:36:07 +0000 2015","icon":"http:\/\/pbs.twimg.com\/profile_images\/2965248541\/64c2960ad6ddd5a31545717746885827_normal.png","BelongsTo":"\u039b\u0391\u03a6\u0391\u0396\u0391\u039d\u0397\u03a3","size":"small","name":"basic-graph"},{"Tweet":"\u0394\u03b5\u03bd \u03c5\u03c0\u03ac\u03c1\u03c7\u03b5\u03b9 \u03b1\u03c1\u03b9\u03c3\u03c4\u03b5\u03c1\u03cc \u03c0\u03b5\u03af\u03c1\u03b1\u03bc\u03b1,\u03b3\u03b9\u03b1\u03c4\u03af \u03b4\u03b5\u03bd \u03b5\u03af\u03c3\u03c4\u03b5 \"\u03b1\u03c1\u03b9\u03c3\u03c4\u03b5\u03c1\u03ac\",\u03c9\u03c2 \u03b1\u03c0\u03cc\u03bb\u03c5\u03c4\u03b1 \u03ba\u03bf\u03bb\u03bb\u03b7\u03bc\u03ad\u03bd\u03bf\u03b9 \u03c3\u03c4\u03bf \u03c7\u03c4\u03b5\u03c2.\u03a4\u03b1 \u03c5\u03c0\u03cc\u03bb\u03bf\u03b9\u03c0\u03b1 \u03b5\u03af\u03bd\u03b1\u03b9 \u03c6\u03b1\u03bd\u03c4\u03b1\u03c3\u03b9\u03ce\u03c3\u03b5\u03b9\u03c2","UserName":"PETRAKIS MANOLIS","Date":"Fri May 15 17:06:57 +0000 2015","icon":"http:\/\/pbs.twimg.com\/profile_images\/1535865916\/Me_normal.jpg","BelongsTo":"\u039b\u0391\u03a6\u0391\u0396\u0391\u039d\u0397\u03a3","size":"small","name":"basic-graph"},{"Tweet":"\u039f \u039b\u03b1\u03c6\u03b1\u03b6\u03ac\u03bd\u03b7\u03c2 \u03b8\u03ad\u03bb\u03b5\u03b9 \u03bd\u03b1 \u03bc\u03b1\u03c2 \u03ba\u03ac\u03bd\u03b5\u03b9... \u0392\u03b5\u03bd\u03b5\u03b6\u03bf\u03c5\u03ad\u03bb\u03b1!\u03b5\u03c4\u03c3\u03b9 \u03c3\u03ba\u03bb\u03b7\u03c1\u03ac","UserName":"Pagourinos","Date":"Fri May 15 17:02:03 +0000 2015","icon":"http:\/\/abs.twimg.com\/sticky\/default_profile_images\/default_profile_1_normal.png","BelongsTo":"\u039b\u0391\u03a6\u0391\u0396\u0391\u039d\u0397\u03a3","size":"small","name":"basic-graph"},{"Tweet":"\u0394\u0395\u039d \u0395\u0399\u039d\u0391\u0399 \u0397 \u00ab\u039a\u0391\u03a4\u0391\u03a1\u0391\u039c\u0395\u039d\u0397\u00bb \u0391\u03a1\u0399\u03a3\u03a4\u0395\u03a1\u0391 \u03a4\u039f \u03a0\u03a1\u039f\u0392\u039b\u0397\u039c\u0391 \u03a4\u0397\u03a3 \u0395\u03a5\u03a1\u03a9\u03a0\u0397\u03a3","UserName":"aftoiasis","Date":"Fri May 15 17:00:50 +0000 2015","icon":"http:\/\/pbs.twimg.com\/profile_images\/472739986358284288\/BwIxDUop_normal.jpeg","BelongsTo":"\u039b\u0391\u03a6\u0391\u0396\u0391\u039d\u0397\u03a3","size":"small","name":"basic-graph"},{"Tweet":"\u039f \u039b\u03b1\u03c6\u03b1\u03b6\u03ac\u03bd\u03b7\u03c2 \u03b1\u03bd\u03c4\u03af \u03bd\u03b1 \u03ba\u03b1\u03c4\u03b1\u03c1\u03b3\u03ae\u03c3\u03b5\u03b9 \u03c4\u03b9\u03c2 \u03c1\u03c5\u03b8\u03bc\u03b9\u03b6\u03cc\u03bc\u03b5\u03bd\u03b5\u03c2 \u03c7\u03c1\u03b5\u03ce\u03c3\u03b5\u03b9\u03c2 \u03c4\u03b7\u03c2 \u0394\u0395\u0397 \u03c7\u03c4\u03af\u03b6\u03b5\u03b9 \u03c4\u03b6\u03b1\u03bc\u03b9\u03ac! via","UserName":"Georgia Georgiou","Date":"Fri May 15 16:57:52 +0000 2015","icon":"http:\/\/pbs.twimg.com\/profile_images\/453701881630441472\/qj6RjDHn_normal.jpeg","BelongsTo":"\u039b\u0391\u03a6\u0391\u0396\u0391\u039d\u0397\u03a3","size":"small","name":"basic-graph"}],"links":[{"source":1,"target":0},{"source":2,"target":0},{"source":3,"target":0},{"source":4,"target":0},{"source":5,"target":0},{"source":6,"target":0},{"source":7,"target":0},{"source":8,"target":0},{"source":9,"target":0},{"source":10,"target":0}]}