{"nodes":[{"Tweet":"Deputy","UserName":"\u03a4\u03a3\u0399\u03a0\u03a1\u0391\u03a3","Date":"null","icon":"http:\/\/asset.tovima.gr\/vimawebstatic\/\/4FD08321545B960CB4040B951F17DB40.jpg","BelongsTo":"null","size":"big","name":"basic-graph"},{"Tweet":"\u03a3\u03c4\u03b1 \u03bc\u03ad\u03b6\u03b5\u03b1 \u03bc\u03b1\u03c2 \u0391\u03bb\u03ad\u03be\u03b7! \u03a0\u03c1\u03ce\u03c4\u03bf \u0398\u0395\u039c\u0391: \u03a4\u03c3\u03af\u03c0\u03c1\u03b1\u03c2: \u0397 \u0395\u03a1\u03a4 \u03b1\u03bd\u03bf\u03af\u03b3\u03b5\u03b9 \u03c4\u03b7\u03bd \u03b5\u03c0\u03cc\u03bc\u03b5\u03bd\u03b7 \u0394\u03b5\u03c5\u03c4\u03ad\u03c1\u03b1","UserName":"Fon Tsakalof","Date":"Mon May 18 13:58:51 +0000 2015","icon":"http:\/\/pbs.twimg.com\/profile_images\/2744982408\/8548ecd2746f27c4cc9c7d4837717004_normal.jpeg","BelongsTo":"\u03a4\u03a3\u0399\u03a0\u03a1\u0391\u03a3","size":"small","name":"basic-graph"},{"Tweet":"\u0397 \u0395\u03a1\u03a4 \u03b1\u03bd\u03bf\u03af\u03b3\u03b5\u03b9...\u03cc\u03bc\u03c9\u03c2 \u03b7 \u0395\u03bb\u03bb\u03ac\u03b4\u03b1 \u03ba\u03bb\u03b5\u03af\u03bd\u03b5\u03b9! \u03a0\u03c1\u03ce\u03c4\u03bf \u0398\u0395\u039c\u0391: \u03a4\u03c3\u03af\u03c0\u03c1\u03b1\u03c2: \u0397 \u0395\u03a1\u03a4 \u03b1\u03bd\u03bf\u03af\u03b3\u03b5\u03b9 \u03c4\u03b7\u03bd \u03b5\u03c0\u03cc\u03bc\u03b5\u03bd\u03b7 \u0394\u03b5\u03c5\u03c4\u03ad\u03c1\u03b1","UserName":"Fon Tsakalof","Date":"Mon May 18 13:57:43 +0000 2015","icon":"http:\/\/pbs.twimg.com\/profile_images\/2744982408\/8548ecd2746f27c4cc9c7d4837717004_normal.jpeg","BelongsTo":"\u03a4\u03a3\u0399\u03a0\u03a1\u0391\u03a3","size":"small","name":"basic-graph"},{"Tweet":"\u03a4\u03c3\u03af\u03c0\u03c1\u03b1\u03c2: \u0397 \u0395\u03a1\u03a4 \u03b1\u03bd\u03bf\u03af\u03b3\u03b5\u03b9 \u03c4\u03b7\u03bd \u0394\u03b5\u03c5\u03c4\u03ad\u03c1\u03b1","UserName":"EOE.gr","Date":"Mon May 18 13:56:08 +0000 2015","icon":"http:\/\/pbs.twimg.com\/profile_images\/1673814999\/logo_normal.png","BelongsTo":"\u03a4\u03a3\u0399\u03a0\u03a1\u0391\u03a3","size":"small","name":"basic-graph"},{"Tweet":"\u03a4\u03c3\u03af\u03c0\u03c1\u03b1\u03c2: \\\"\u03a4\u03b7\u03bd \u03b5\u03c0\u03cc\u03bc\u03b5\u03bd\u03b7 \u0394\u03b5\u03c5\u03c4\u03ad\u03c1\u03b1 \u03b1\u03bd\u03bf\u03af\u03b3\u03b5\u03b9 \u03b7 \u0395\u03a1\u03a4\\\"","UserName":"Digital TV info","Date":"Mon May 18 13:54:51 +0000 2015","icon":"http:\/\/pbs.twimg.com\/profile_images\/463701778056224769\/1UYjurkA_normal.png","BelongsTo":"\u03a4\u03a3\u0399\u03a0\u03a1\u0391\u03a3","size":"small","name":"basic-graph"},{"Tweet":"\u0397 \u0395\u03a1\u03a4 \u03b1\u03bd\u03bf\u03af\u03b3\u03b5\u03b9 \u03c4\u03b7 \u0394\u03b5\u03c5\u03c4\u03ad\u03c1\u03b1 via","UserName":"Elena Bouzala","Date":"Mon May 18 13:54:08 +0000 2015","icon":"http:\/\/pbs.twimg.com\/profile_images\/479761650283601921\/Yi09yb9q_normal.jpeg","BelongsTo":"\u03a4\u03a3\u0399\u03a0\u03a1\u0391\u03a3","size":"small","name":"basic-graph"},{"Tweet":"\u039f \u0391\u03bb\u03ad\u03be\u03b7\u03c2 \u03a4\u03c3\u03af\u03c0\u03c1\u03b1\u03c2 \u03ad\u03ba\u03b1\u03bd\u03b5 \u03b4\u03b9\u03ac\u03bb\u03b5\u03b9\u03bc\u03bc\u03b1 \u03b1\u03c0\u03cc \u03c4\u03b9\u03c2 \u03b4\u03b9\u03b1\u03c0\u03c1\u03b1\u03b3\u03bc\u03b1\u03c4\u03b5\u03cd\u03c3\u03b5\u03b9\u03c2 \u03b4\u03b9\u03bf\u03c1\u03b3\u03b1\u03bd\u03ce\u03bd\u03bf\u03bd\u03c4\u03b1\u03c2... \u03c0\u03b1\u03b9\u03b4\u03b9\u03ba\u03cc \u03c0\u03ac\u03c1\u03c4\u03b9 \u2014 KoolNews via","UserName":"Koolnews.gr","Date":"Mon May 18 13:53:39 +0000 2015","icon":"http:\/\/pbs.twimg.com\/profile_images\/2965248541\/64c2960ad6ddd5a31545717746885827_normal.png","BelongsTo":"\u03a4\u03a3\u0399\u03a0\u03a1\u0391\u03a3","size":"small","name":"basic-graph"},{"Tweet":"\u039c\u03b5 \u03c0\u03c1\u03ce\u03c4\u03b7 \u03c7\u03c1\u03bf\u03bd\u03b9\u03ac \u0391\u03c1\u03b9\u03c3\u03c4\u03b5\u03c1\u03ae \u03ba\u03c5\u03b2\u03ad\u03c1\u03bd\u03b7\u03c3\u03b7,\u03b5\u03af\u03bc\u03b1\u03b9 \u03b5\u03c5\u03c7\u03b1\u03c1\u03b9\u03c3\u03c4\u03b7\u03bc\u03ad\u03bd\u03b7 \u03bc\u03b5 \u03c4\u03bf \u03b8\u03ad\u03bc\u03b1 \u03c4\u03b7\u03c2 \u0388\u03ba\u03b8\u03b5\u03c3\u03b7\u03c2.\u0395\u03c5\u03c7\u03b1\u03c1\u03b9\u03c3\u03c4\u03bf\u03cd\u03bc\u03b5 \u03bc\u03b9\u03ba\u03c1\u03cc \u03a4\u03c3\u03b9\u03c0\u03c1\u03ac\u03ba\u03b7!","UserName":"DG2705","Date":"Mon May 18 13:51:40 +0000 2015","icon":"http:\/\/pbs.twimg.com\/profile_images\/443980143204528128\/RXEnTbz0_normal.jpeg","BelongsTo":"\u03a4\u03a3\u0399\u03a0\u03a1\u0391\u03a3","size":"small","name":"basic-graph"},{"Tweet":"\u039a\u03b1\u03b9 \u03bf \u03c3\u03c4\u03bf\u03c5\u03c2 15 \u03c0\u03b9\u03bf \u03c3\u03ad\u03be\u03b9 \u03b7\u03b3\u03ad\u03c4\u03b5\u03c2 \u03c4\u03bf\u03c5 \u03c0\u03bb\u03b1\u03bd\u03ae\u03c4\u03b7.","UserName":"The TOC","Date":"Mon May 18 13:50:32 +0000 2015","icon":"http:\/\/pbs.twimg.com\/profile_images\/430757483401850880\/RDLm9u70_normal.jpeg","BelongsTo":"\u03a4\u03a3\u0399\u03a0\u03a1\u0391\u03a3","size":"small","name":"basic-graph"},{"Tweet":"\u0391\u03bb. \u03a4\u03c3\u03af\u03c0\u03c1\u03b1\u03c2: \u0391\u03bd\u03bf\u03af\u03b3\u03b5\u03b9 \u03b7 \u0395\u03a1\u03a4 \u03c4\u03b7\u03bd \u03b5\u03c1\u03c7\u03cc\u03bc\u03b5\u03bd\u03b7 \u0394\u03b5\u03c5\u03c4\u03ad\u03c1\u03b1","UserName":"HellasChannel","Date":"Mon May 18 13:49:57 +0000 2015","icon":"http:\/\/pbs.twimg.com\/profile_images\/1607431027\/HC_normal.jpg","BelongsTo":"\u03a4\u03a3\u0399\u03a0\u03a1\u0391\u03a3","size":"small","name":"basic-graph"},{"Tweet":"\u039f \u03a4\u03c3\u03af\u03c0\u03c1\u03b1\u03c2 \u2026\u03be\u03b1\u03bd\u03b1\u03ad\u03b3\u03b9\u03bd\u03b5 \u03c0\u03c1\u03cc\u03b5\u03b4\u03c1\u03bf\u03c2 \u03c4\u03bf\u03c5 \u03b4\u03b5\u03ba\u03b1\u03c0\u03b5\u03bd\u03c4\u03b1\u03bc\u03b5\u03bb\u03bf\u03cd\u03c2 (\u03a6\u03a9\u03a4\u039f)","UserName":"Dimitris Leonov","Date":"Mon May 18 13:49:34 +0000 2015","icon":"http:\/\/pbs.twimg.com\/profile_images\/1599465638\/che_2_normal.jpg","BelongsTo":"\u03a4\u03a3\u0399\u03a0\u03a1\u0391\u03a3","size":"small","name":"basic-graph"},{"Tweet":"A\u03bb\u03ad\u03be\u03b7\u03c2 \u03a4\u03c3\u03af\u03c0\u03c1\u03b1\u03c2: \u03a3\u03c4\u03b7 \u03bb\u03af\u03c3\u03c4\u03b1 \u03bc\u03b5 \u03c4\u03bf\u03c5\u03c2 15 \u03c0\u03b9\u03bf sexy \u03b7\u03b3\u03ad\u03c4\u03b5\u03c2 \u03c4\u03bf\u03c5 \u03ba\u03cc\u03c3\u03bc\u03bf\u03c5-","UserName":"followme followme","Date":"Mon May 18 13:47:22 +0000 2015","icon":"http:\/\/pbs.twimg.com\/profile_images\/521670913658347520\/hBTaxOcb_normal.png","BelongsTo":"\u03a4\u03a3\u0399\u03a0\u03a1\u0391\u03a3","size":"small","name":"basic-graph"},{"Tweet":"\u0393\u03b9\u03b1\u03c4\u03af \u03bf \u03a6\u03bf\u03af\u03b2\u03bf\u03c2 \u0394\u03b5\u03bb\u03b7\u03b2\u03bf\u03c1\u03b9\u03ac\u03c2 \u03ad\u03c3\u03c4\u03b5\u03b9\u03bb\u03b5 \u03b5\u03c0\u03b9\u03c3\u03c4\u03bf\u03bb\u03ae \u03c3\u03b5 \u03a4\u03c3\u03af\u03c0\u03c1\u03b1-\u0392\u03b1\u03c1\u03bf\u03c5\u03c6\u03ac\u03ba\u03b7;","UserName":"Readyo NewsRadio","Date":"Mon May 18 13:46:06 +0000 2015","icon":"http:\/\/pbs.twimg.com\/profile_images\/437597902420983808\/ViiWe1JW_normal.jpeg","BelongsTo":"\u03a4\u03a3\u0399\u03a0\u03a1\u0391\u03a3","size":"small","name":"basic-graph"},{"Tweet":"\u03a4\u03bf \u03b4\u03b9\u03ac\u03bb\u03b5\u03b9\u03bc\u03bc\u03b1 \u03b3\u03b9\u03b1... \u03c0\u03b1\u03b9\u03b4\u03b9\u03ba\u03cc \u03c0\u03ac\u03c1\u03c4\u03b9 \u03c4\u03bf\u03c5 \u0391\u03bb\u03ad\u03be\u03b7 \u03a4\u03c3\u03af\u03c0\u03c1\u03b1.","UserName":"The TOC","Date":"Mon May 18 13:45:38 +0000 2015","icon":"http:\/\/pbs.twimg.com\/profile_images\/430757483401850880\/RDLm9u70_normal.jpeg","BelongsTo":"\u03a4\u03a3\u0399\u03a0\u03a1\u0391\u03a3","size":"small","name":"basic-graph"},{"Tweet":"O \u03a4\u03c3\u03af\u03c0\u03c1\u03b1\u03c2 \u03c3\u03c4\u03bf Top 15 \u03c4\u03c9\u03bd \u03c0\u03b9\u03bf sexy \u03b7\u03b3\u03b5\u03c4\u03ce\u03bd \u03c4\u03bf\u03c5 \u03ba\u03cc\u03c3\u03bc\u03bf\u03c5 [\u03bb\u03af\u03c3\u03c4\u03b1]","UserName":"Politis. Team ","Date":"Mon May 18 13:42:59 +0000 2015","icon":"http:\/\/pbs.twimg.com\/profile_images\/590101146217263104\/lrm8vwNf_normal.jpg","BelongsTo":"\u03a4\u03a3\u0399\u03a0\u03a1\u0391\u03a3","size":"small","name":"basic-graph"},{"Tweet":"\u03a4\u03c3\u03af\u03c0\u03c1\u03b1\u03c2: \u0397 \u0395\u03a1\u03a4 \u03b4\u03b5\u03bd \u03b8\u03b1 \u03b5\u03af\u03bd\u03b1\u03b9 \u03c6\u03b5\u03c1\u03ad\u03c6\u03c9\u03bd\u03bf \u03c4\u03b7\u03c2 \u03ba\u03c5\u03b2\u03ad\u03c1\u03bd\u03b7\u03c3\u03b7\u03c2 (\u03b2\u03af\u03bd\u03c4\u03b5\u03bf)","UserName":"LENA","Date":"Mon May 18 13:41:43 +0000 2015","icon":"http:\/\/pbs.twimg.com\/profile_images\/2136743022\/_______093_normal.jpg","BelongsTo":"\u03a4\u03a3\u0399\u03a0\u03a1\u0391\u03a3","size":"small","name":"basic-graph"},{"Tweet":"\u03a0\u03bf\u03bb\u03c5\u03c6\u03c9\u03bd\u03b9\u03ba\u03ae \u03ba\u03b1\u03b9 \u03b1\u03bd\u03b5\u03be\u03ac\u03c1\u03c4\u03b7\u03c4\u03b7 \u0395\u03a1\u03a4 \u03b6\u03ae\u03c4\u03b7\u03c3\u03b5 \u03bf \u03a4\u03c3\u03af\u03c0\u03c1\u03b1\u03c2","UserName":"nocomments.gr","Date":"Mon May 18 13:40:35 +0000 2015","icon":"http:\/\/pbs.twimg.com\/profile_images\/2762496993\/6f579a562bf1ab0b59569b416aa9561b_normal.png","BelongsTo":"\u03a4\u03a3\u0399\u03a0\u03a1\u0391\u03a3","size":"small","name":"basic-graph"},{"Tweet":"\u039f \u03a4\u03c3\u03af\u03c0\u03c1\u03b1\u03c2 ....\u03be\u03b1\u03bd\u03b1\u03ad\u03b3\u03b9\u03bd\u03b5 \u03c0\u03c1\u03cc\u03b5\u03b4\u03c1\u03bf\u03c2 \u03c4\u03bf\u03c5 \u03b4\u03b5\u03ba\u03b1\u03c0\u03b5\u03bd\u03c4\u03b1\u03bc\u03b5\u03bb\u03bf\u03cd\u03c2 (\u03a6\u03a9\u03a4\u039f)","UserName":"karfitsa.gr","Date":"Mon May 18 13:40:24 +0000 2015","icon":"http:\/\/pbs.twimg.com\/profile_images\/378800000339753613\/75c4f77ba3a7120f9f08c8c02e421620_normal.png","BelongsTo":"\u03a4\u03a3\u0399\u03a0\u03a1\u0391\u03a3","size":"small","name":"basic-graph"},{"Tweet":"\u03a4\u03c3\u03af\u03c0\u03c1\u03b1\u03c2: \u0397 \u0395\u03a1\u03a4 \u03b1\u03bd\u03bf\u03af\u03b3\u03b5\u03b9 \u03c4\u03b7\u03bd \u03b5\u03c0\u03cc\u03bc\u03b5\u03bd\u03b7 \u0394\u03b5\u03c5\u03c4\u03ad\u03c1\u03b1 - SigmaLive |","UserName":"Newstalk","Date":"Mon May 18 13:29:44 +0000 2015","icon":"http:\/\/pbs.twimg.com\/profile_images\/3383970022\/3f15fff8fd58823c14b6241cb645fd42_normal.jpeg","BelongsTo":"\u03a4\u03a3\u0399\u03a0\u03a1\u0391\u03a3","size":"small","name":"basic-graph"},{"Tweet":"\u0391\u03bb. \u03a4\u03c3\u03af\u03c0\u03c1\u03b1\u03c2: \u0395\u03c0\u03b9\u03c4\u03c5\u03c7\u03af\u03b1 \u03b5\u03af\u03c3\u03c4\u03b5 \u03b5\u03c3\u03b5\u03af\u03c2 \u03bf\u03b9 \u03af\u03b4\u03b9\u03bf\u03b9, \u03bf\u03b9 \u03bc\u03b1\u03b8\u03b7\u03c4\u03ad\u03c2","UserName":"Paris Hatzievagelou","Date":"Mon May 18 13:29:15 +0000 2015","icon":"http:\/\/pbs.twimg.com\/profile_images\/557473320635887617\/zTZTQoxj_normal.jpeg","BelongsTo":"\u03a4\u03a3\u0399\u03a0\u03a1\u0391\u03a3","size":"small","name":"basic-graph"}],"links":[{"source":1,"target":0},{"source":2,"target":0},{"source":3,"target":0},{"source":4,"target":0},{"source":5,"target":0},{"source":6,"target":0},{"source":7,"target":0},{"source":8,"target":0},{"source":9,"target":0},{"source":10,"target":0},{"source":11,"target":0},{"source":12,"target":0},{"source":13,"target":0},{"source":14,"target":0},{"source":15,"target":0},{"source":16,"target":0},{"source":17,"target":0},{"source":18,"target":0},{"source":19,"target":0}]}