{"nodes":[{"Tweet":"Deputy","UserName":"\u03a3\u0391\u039c\u0391\u03a1\u0391\u03a3","Date":"null","icon":"http:\/\/upload.wikimedia.org\/wikipedia\/commons\/d\/d9\/Antonis_Samaras_October_2014.jpg","BelongsTo":"null","size":"big","name":"basic-graph"},{"Tweet":"\u03a7\u03c1\u03c5\u03c3\u03bf\u03b2\u03b5\u03bb\u03ce\u03bd\u03b7: \u03a3\u03b5 \u03c1\u03cc\u03bb\u03bf \u039a\u03b1\u03c3\u03c3\u03ac\u03bd\u03b4\u03c1\u03b1\u03c2 \u03bf \u03a3\u03b1\u03bc\u03b1\u03c1\u03ac\u03c2","UserName":"Paris Hatzievagelou","Date":"Mon May 18 13:59:49 +0000 2015","icon":"http:\/\/pbs.twimg.com\/profile_images\/557473320635887617\/zTZTQoxj_normal.jpeg","BelongsTo":"\u03a3\u0391\u039c\u0391\u03a1\u0391\u03a3","size":"small","name":"basic-graph"},{"Tweet":"\u039f \u03a3\u03b1\u03bc\u03b1\u03c1\u03ac\u03c2 \u03c0\u03ae\u03b3\u03b5 \u03c3\u03c4\u03b7\u03bd \u03bf\u03bc\u03b9\u03bb\u03af\u03b1 \u03c4\u03bf\u03c5 \u03a3\u0395\u0392 \u03bc\u03b5 \u03bd\u03ac\u03c1\u03b8\u03b7\u03ba\u03b1 \u03ba\u03b1\u03c4\u03b7\u03b3\u03bf\u03c1\u03ce\u03bd\u03c4\u03b1\u03c2 \u03c4\u03b7\u03c2 \u03ba\u03c5\u03b2\u03ad\u03c1\u03bd\u03b7\u03c3\u03b7 \u03cc\u03c4\u03b9 \u03b5\u03b3\u03ba\u03c5\u03bc\u03bf\u03bd\u03b5\u03af \u03b1\u03c4\u03c5\u03c7\u03ae\u03bc\u03b1\u03c4\u03b1...","UserName":"\u03a4\u039f \u03a0\u039f\u039d\u03a4\u0399\u039a\u0399","Date":"Mon May 18 13:58:11 +0000 2015","icon":"http:\/\/pbs.twimg.com\/profile_images\/811634028\/pontikaki_normal.jpg","BelongsTo":"\u03a3\u0391\u039c\u0391\u03a1\u0391\u03a3","size":"small","name":"basic-graph"}],"links":[{"source":1,"target":0},{"source":2,"target":0}]}