{"nodes":[{"Tweet":"Deputy","UserName":"\u03a3\u0391\u039c\u0391\u03a1\u0391\u03a3","Date":"null","icon":"http:\/\/upload.wikimedia.org\/wikipedia\/commons\/d\/d9\/Antonis_Samaras_October_2014.jpg","BelongsTo":"null","size":"big","name":"basic-graph"},{"Tweet":"\u0391\u03bd\u03bf\u03b9\u03c7\u03c4\u03cc\u03c2 \u03c3\u03b5 \u03c3\u03c5\u03bd\u03b5\u03bd\u03bd\u03cc\u03b7\u03c3\u03b7 \u03bc\u03b5 \u03c4\u03b7\u03bd \u03ba\u03c5\u03b2\u03ad\u03c1\u03bd\u03b7\u03c3\u03b7 \u03bf \u03a3\u03b1\u03bc\u03b1\u03c1\u03ac\u03c2, \u03b1\u03bb\u03bb\u03ac \u03bc\u03cc\u03bd\u03bf \u03b5\u03ac\u03bd \u00ab\u03b5\u03b3\u03ba\u03b1\u03c4\u03b1\u03bb\u03b5\u03af\u03c8\u03b5\u03b9 \u03c4\u03b9\u03c2 \u03b9\u03b4\u03b5\u03bf\u03bb\u03b7\u03c8\u03af\u03b5\u03c2 \u03c4\u03bf\u03c5\u00bb","UserName":"GEORGE GEROPOULOS","Date":"Sat May 16 17:40:10 +0000 2015","icon":"http:\/\/pbs.twimg.com\/profile_images\/569077707305398272\/j977JaJI_normal.jpeg","BelongsTo":"\u03a3\u0391\u039c\u0391\u03a1\u0391\u03a3","size":"small","name":"basic-graph"},{"Tweet":"\u03a3\u03b1\u03bc\u03b1\u03c1\u03ac\u03c2: \u00ab\u0391\u03bd \u03b7 \u03ba\u03c5\u03b2\u03ad\u03c1\u03bd\u03b7\u03c3\u03b7 \u03b8\u03b5\u03bb\u03ae\u03c3\u03b5\u03b9 \u03b2\u03bf\u03ae\u03b8\u03b5\u03b9\u03b1, \u03b7 \u039d.\u0394. \u03b5\u03af\u03bd\u03b1\u03b9 \u03ad\u03c4\u03bf\u03b9\u03bc\u03b7 \u03bd\u03b1 \u03c4\u03b7 \u03b4\u03ce\u03c3\u03b5\u03b9\u00bb","UserName":"Kontra","Date":"Sat May 16 17:04:23 +0000 2015","icon":"http:\/\/pbs.twimg.com\/profile_images\/448804531183550464\/etuqE-xB_normal.jpeg","BelongsTo":"\u03a3\u0391\u039c\u0391\u03a1\u0391\u03a3","size":"small","name":"basic-graph"},{"Tweet":"\u03a3\u03b1\u03bc\u03b1\u03c1\u03ac\u03c2: \u039d\u03b1 \u03ba\u03cc\u03c8\u03bf\u03c5\u03bd \u03c4\u03b1 \u03c8\u03ad\u03bc\u03b1\u03c4\u03b1 \u03c3\u03c4\u03b7\u03bd \u03ba\u03c5\u03b2\u03ad\u03c1\u03bd\u03b7\u03c3\u03b7 \u03ba\u03b1\u03b9 \u03bd\u03b1 \u03c3\u03c5\u03bc\u03c6\u03c9\u03bd\u03ae\u03c3\u03bf\u03c5\u03bc\u03b5 \u03cc\u03bb\u03bf\u03b9 \u03b1\u03bd \u03b8\u03ad\u03bb\u03bf\u03c5\u03bc\u03b5 \u03c4\u03b7\u03bd \u0395\u03c5\u03c1\u03ce\u03c0\u03b7","UserName":"Antinews","Date":"Sat May 16 16:58:56 +0000 2015","icon":"http:\/\/pbs.twimg.com\/profile_images\/2057561352\/antinews31_normal.jpg","BelongsTo":"\u03a3\u0391\u039c\u0391\u03a1\u0391\u03a3","size":"small","name":"basic-graph"},{"Tweet":"\u03a3\u03b1\u03bc\u03b1\u03c1\u03ac\u03c2: \u0398\u03b1 \u03b2\u03bf\u03b7\u03b8\u03ae\u03c3\u03bf\u03c5\u03bc\u03b5, \u03b1\u03bb\u03bb\u03ac \u03cc\u03c7\u03b9 \u03bc\u03b5 \u03bb\u03b5\u03c5\u03ba\u03ae \u03b5\u03c0\u03b9\u03c4\u03b1\u03b3\u03ae - \u03a4\u03b9 \u03bb\u03ad\u03b5\u03b9 \u03b3\u03b9\u03b1 \u03a4\u03c3\u03af\u03c0\u03c1\u03b1 \u03ba\u03b1\u03b9\u2026","UserName":"Tasos ","Date":"Sat May 16 16:45:01 +0000 2015","icon":"http:\/\/abs.twimg.com\/sticky\/default_profile_images\/default_profile_0_normal.png","BelongsTo":"\u03a3\u0391\u039c\u0391\u03a1\u0391\u03a3","size":"small","name":"basic-graph"},{"Tweet":"\u0391\u03bd\u03bf\u03b9\u03c7\u03c4\u03cc\u03c2 \u03c3\u03b5 \"\u03c3\u03c5\u03bd\u03b5\u03bd\u03bd\u03cc\u03b7\u03c3\u03b7\" \u03bc\u03b5 \u03c4\u03bf\u03bd \u03a3\u03a5\u03a1\u0399\u0396\u0391 \u03bf \u03a3\u03b1\u03bc\u03b1\u03c1\u03ac\u03c2","UserName":"Candia News - \u039a\u03c1\u03ae\u03c4\u03b7","Date":"Sat May 16 16:44:46 +0000 2015","icon":"http:\/\/pbs.twimg.com\/profile_images\/378800000379582749\/f21d7e51f25c07c7db8dc1906e00e510_normal.png","BelongsTo":"\u03a3\u0391\u039c\u0391\u03a1\u0391\u03a3","size":"small","name":"basic-graph"},{"Tweet":"\u00ab\u03a3\u03c4\u03c1\u03b9\u03bc\u03ce\u03c7\u03c4\u03b7\u03ba\u03b5\u00bb \u03ba\u03b9 \u03ac\u03bb\u03bb\u03bf \u03bf \u03a3\u03b1\u03bc\u03b1\u03c1\u03ac\u03c2","UserName":"HELLASFORCE.COM","Date":"Sat May 16 16:32:22 +0000 2015","icon":"http:\/\/pbs.twimg.com\/profile_images\/583234124854493184\/ni-DZ1L6_normal.jpg","BelongsTo":"\u03a3\u0391\u039c\u0391\u03a1\u0391\u03a3","size":"small","name":"basic-graph"},{"Tweet":"\u0391\u03a0\u039f\u03a8\u0397: \u00ab\u03a3\u03c4\u03c1\u03b9\u03bc\u03ce\u03c7\u03c4\u03b7\u03ba\u03b5\u00bb \u03ba\u03b9 \u03ac\u03bb\u03bb\u03bf \u03bf \u03a3\u03b1\u03bc\u03b1\u03c1\u03ac\u03c2","UserName":"newsrebel.gr","Date":"Sat May 16 16:26:13 +0000 2015","icon":"http:\/\/pbs.twimg.com\/profile_images\/490532773799555072\/FhkfJhoS_normal.png","BelongsTo":"\u03a3\u0391\u039c\u0391\u03a1\u0391\u03a3","size":"small","name":"basic-graph"},{"Tweet":"\u03a3\u03b1\u03bc\u03b1\u03c1\u03ac\u03c2: \u00ab\u0398\u03b1 \u03c5\u03c0\u03ac\u03c1\u03be\u03b5\u03b9 \u03c3\u03c5\u03bd\u03b5\u03bd\u03bd\u03cc\u03b7\u03c3\u03b7 \u03bc\u03b5 \u03c4\u03bf\u03bd \u03a3\u03a5\u03a1\u0399\u0396\u0391 \u03b5\u03ac\u03bd\u2026\u00bb","UserName":"Newsone Greece","Date":"Sat May 16 16:20:39 +0000 2015","icon":"http:\/\/pbs.twimg.com\/profile_images\/537634287109939200\/Fvc_XTbd_normal.png","BelongsTo":"\u03a3\u0391\u039c\u0391\u03a1\u0391\u03a3","size":"small","name":"basic-graph"},{"Tweet":"\u0391\u03bd\u03c4\u03ce\u03bd\u03b7\u03c2 \u03a3\u03b1\u03bc\u03b1\u03c1\u03ac\u03c2: \"\u039d\u03b1 \u03ba\u03cc\u03c8\u03bf\u03c5\u03bd \u03c4\u03b1 \u03c8\u03ad\u03bc\u03b1\u03c4\u03b1 \u03c3\u03c4\u03b7\u03bd \u03ba\u03c5\u03b2\u03ad\u03c1\u03bd\u03b7\u03c3\u03b7\"!","UserName":"eNews24.gr","Date":"Sat May 16 16:19:29 +0000 2015","icon":"http:\/\/pbs.twimg.com\/profile_images\/556606626606481408\/JPfaPVAx_normal.jpeg","BelongsTo":"\u03a3\u0391\u039c\u0391\u03a1\u0391\u03a3","size":"small","name":"basic-graph"},{"Tweet":"\u03a3\u03b1\u03bc\u03b1\u03c1\u03ac\u03c2: \" \u0394\u03b5\u03bd \u03b4\u03af\u03bd\u03bf\u03c5\u03bc\u03b5 \u03bb\u03b5\u03c5\u03ba\u03ae \u03b5\u03c0\u03b9\u03c4\u03b1\u03b3\u03ae \u03bd\u03b1 \u03b4\u03b9\u03b1\u03bb\u03cd\u03c3\u03bf\u03c5\u03bd \u03c4\u03bf\u03bd \u03c4\u03cc\u03c0\u03bf\"","UserName":"\u039a\u03c5\u03c1\u03b9\u03ac\u03ba\u03bf\u03c2 \u0392\u03b5\u03bb\u03cc\u03c0\u03bf\u03c5\u03bb\u03bf\u03c2","Date":"Sat May 16 16:12:01 +0000 2015","icon":"http:\/\/pbs.twimg.com\/profile_images\/573877036076437505\/6ZX-q3ns_normal.jpeg","BelongsTo":"\u03a3\u0391\u039c\u0391\u03a1\u0391\u03a3","size":"small","name":"basic-graph"},{"Tweet":"\u0391\u03bd\u03c4. \u03a3\u03b1\u03bc\u03b1\u03c1\u03ac\u03c2: \u03a3\u03c4\u03b7\u03bd \u03ba\u03c5\u03b2\u03ad\u03c1\u03bd\u03b7\u03c3\u03b7 \u03bd\u03b1 \u03ba\u03cc\u03c8\u03bf\u03c5\u03bd \u03c4\u03b1 \u03c8\u03ad\u03bc\u03b1\u03c4\u03b1 \u03ba\u03b1\u03b9 \u03bd\u03b1 \u03c3\u03c5\u03bc\u03c6\u03c9\u03bd\u03ae\u03c3\u03bf\u03c5\u03bc\u03b5 \u03cc\u03bb\u03bf\u03b9 \u03b1\u03bd \u03b8\u03ad\u03bb\u03bf\u03c5\u03bc\u03b5 \u03c4\u03b7\u03bd \u0395\u03c5\u03c1\u03ce\u03c0\u03b7","UserName":"George Zevgolis","Date":"Sat May 16 16:11:03 +0000 2015","icon":"http:\/\/pbs.twimg.com\/profile_images\/428411465783992320\/YadxmXVH_normal.jpeg","BelongsTo":"\u03a3\u0391\u039c\u0391\u03a1\u0391\u03a3","size":"small","name":"basic-graph"},{"Tweet":"\u03a3\u03b1\u03bc\u03b1\u03c1\u03ac\u03c2: \u0397 \u039d\u0394 \u03ad\u03c4\u03bf\u03b9\u03bc\u03b7 \u03bd\u03b1 \u03b2\u03bf\u03b7\u03b8\u03ae\u03c3\u03b5\u03b9 \u03c4\u03b7\u03bd \u03ba\u03c5\u03b2\u03ad\u03c1\u03bd\u03b7\u03c3\u03b7 \u03b5\u03ac\u03bd \u03c3\u03c4\u03b1\u03bc\u03b1\u03c4\u03ae\u03c3\u03b5\u03b9 \u03c4\u03b1 \u03c8\u03ad\u03bc\u03bc\u03b1\u03c4\u03b1!","UserName":"tribune","Date":"Sat May 16 15:53:34 +0000 2015","icon":"http:\/\/pbs.twimg.com\/profile_images\/423569587414634496\/RbN3zYU9_normal.jpeg","BelongsTo":"\u03a3\u0391\u039c\u0391\u03a1\u0391\u03a3","size":"small","name":"basic-graph"},{"Tweet":"\u03a3\u03b1\u03bc\u03b1\u03c1\u03ac\u03c2: \u039d\u03b1 \u03ba\u03cc\u03c8\u03bf\u03c5\u03bd \u03c4\u03b1 \u03c8\u03ad\u03bc\u03b1\u03c4\u03b1 \u03c3\u03c4\u03b7\u03bd \u03ba\u03c5\u03b2\u03ad\u03c1\u03bd\u03b7\u03c3\u03b7 \u03ba\u03b1\u03b9 \u03bd\u03b1 \u03c3\u03c5\u03bc\u03c6\u03c9\u03bd\u03ae\u03c3\u03bf\u03c5\u03bc\u03b5 \u03cc\u03bb\u03bf\u03b9 \u03b1\u03bd \u03b8\u03ad\u03bb\u03bf\u03c5...","UserName":"\u0392\u03b1\u03c3\u03b9\u03bb\u03b9\u03ac\u03c2 \u03c4\u03bf\u03c5 \u03a4\u03ac\u03b6\u03c9!","Date":"Sat May 16 15:40:11 +0000 2015","icon":"http:\/\/pbs.twimg.com\/profile_images\/537009862324920320\/qFjEt0wd_normal.jpeg","BelongsTo":"\u03a3\u0391\u039c\u0391\u03a1\u0391\u03a3","size":"small","name":"basic-graph"}],"links":[{"source":1,"target":0},{"source":2,"target":0},{"source":3,"target":0},{"source":4,"target":0},{"source":5,"target":0},{"source":6,"target":0},{"source":7,"target":0},{"source":8,"target":0},{"source":9,"target":0},{"source":10,"target":0},{"source":11,"target":0},{"source":12,"target":0},{"source":13,"target":0}]}