{"nodes":[{"Tweet":"Deputy","UserName":"\u039c\u0397\u03a4\u03a3\u039f\u03a4\u0391\u039a\u0397\u03a3","Date":"null","icon":"http:\/\/www.lifo.gr\/uploads\/image\/768220\/%CE%9C%CE%B7%CF%84%CF%83%CE%BF%CF%84%CE%AC%CE%BA%CE%B7%CF%824.jpg","BelongsTo":"null","size":"big","name":"basic-graph"},{"Tweet":"\u0388\u03c7\u03c9 \u03c5\u03c0\u03bf\u03b3\u03c1\u03ac\u03c8\u03b5\u03b9 \u03b1\u03c5\u03c4\u03cc\u03b3\u03c1\u03b1\u03c6\u03bf \u03c3\u03b5 \u03bc\u03c0\u03ac\u03bb\u03b1 \u03bc\u03c0\u03ac\u03c3\u03ba\u03b5\u03c4","UserName":" Scotlandsun","Date":"Sat May 16 16:18:07 +0000 2015","icon":"http:\/\/pbs.twimg.com\/profile_images\/559438560739074048\/MYUlqznk_normal.jpeg","BelongsTo":"\u039c\u0397\u03a4\u03a3\u039f\u03a4\u0391\u039a\u0397\u03a3","size":"small","name":"basic-graph"},{"Tweet":"\u039c\u03b7\u03c4\u03c3\u03bf\u03c4\u03ac\u03ba\u03b7\u03c2: \u039a\u03b9\u03bd\u03b4\u03c5\u03bd\u03b5\u03cd\u03b5\u03b9 \u03b7 \u03b4\u03b5\u03b4\u03b7\u03bb\u03c9\u03bc\u03ad\u03bd\u03b7 \u03c4\u03b7\u03c2 \u03ba\u03c5\u03b2\u03ad\u03c1\u03bd\u03b7\u03c3\u03b7\u03c2 | iefimerida.gr -","UserName":"Anastasios Telloglou","Date":"Sat May 16 15:57:00 +0000 2015","icon":"http:\/\/pbs.twimg.com\/profile_images\/582257754296979457\/f-cxGOrD_normal.jpg","BelongsTo":"\u039c\u0397\u03a4\u03a3\u039f\u03a4\u0391\u039a\u0397\u03a3","size":"small","name":"basic-graph"},{"Tweet":"\u039f\u03bb\u03bf\u03b9 \u03bf\u03b9 \u03b3\u03b5\u03c1\u03bc\u03b1\u03bd\u03bf\u03c4\u03c3\u03bf\u03bb\u03b9\u03b1\u03b4\u03b5\u03c2 \u03c0\u03b1\u03c1\u03b5\u03b1","UserName":"\u039a\u03b1\u03c4\u03b1\u03c1\u03b3\u03b7\u03c3\u03b7 \u0391\u03c3\u03c5\u03bb\u03b9\u03b1\u03c2","Date":"Sat May 16 14:11:00 +0000 2015","icon":"http:\/\/pbs.twimg.com\/profile_images\/1594421321\/259922_101279409968488_100002592875518_8228_410027_n_normal.jpg","BelongsTo":"\u039c\u0397\u03a4\u03a3\u039f\u03a4\u0391\u039a\u0397\u03a3","size":"small","name":"basic-graph"},{"Tweet":"\u03c6\u03c4\u03bf\u03c5 \u03c6\u03c4\u03bf\u03c5 \u03c3\u03ba\u03cc\u03c1\u03b4\u03bf..","UserName":"ingenious","Date":"Sat May 16 14:04:09 +0000 2015","icon":"http:\/\/pbs.twimg.com\/profile_images\/570485814635683840\/CUEABRm0_normal.jpeg","BelongsTo":"\u039c\u0397\u03a4\u03a3\u039f\u03a4\u0391\u039a\u0397\u03a3","size":"small","name":"basic-graph"},{"Tweet":"\u03c4\u03b1 \u03c6\u03b1\u03bd\u03bf\u03c0\u03bf\u03b9\u03b9\u03b1 \u03c0\u03c1\u03b5\u03c0\u03b5\u03b9 \u03bd\u03b1 \u03c3\u03b1\u03c2 \u03ba\u03b1\u03bd\u03bf\u03c5\u03bd \u03b5\u03c0\u03b9\u03c4\u03b9\u03bc\u03bf \u03c0\u03c1\u03bf\u03b5\u03b4\u03c1\u03bf","UserName":"mimis xristopoulos","Date":"Sat May 16 13:29:32 +0000 2015","icon":"http:\/\/pbs.twimg.com\/profile_images\/539904988059676672\/t4IW0vMh_normal.jpeg","BelongsTo":"\u039c\u0397\u03a4\u03a3\u039f\u03a4\u0391\u039a\u0397\u03a3","size":"small","name":"basic-graph"},{"Tweet":"\u039a\u03c9\u03bd\u03c3\u03c4\u03b1\u03bd\u03c4\u03af\u03bd\u03bf\u03c2 \u039c\u03b7\u03c4\u03c3\u03bf\u03c4\u03ac\u03ba\u03b7\u03c2: \u00ab\u0397 \u03b5\u03c5\u03b8\u03cd\u03bd\u03b7 \u03c0\u03ad\u03c6\u03c4\u03b5\u03b9 \u03b5\u03be \u03bf\u03bb\u03bf\u03ba\u03bb\u03ae\u03c1\u03bf\u03c5 \u03c3\u03c4\u03bf\u03c5\u03c2 \u03ce\u03bc\u03bf\u03c5\u03c2 \u03c4\u03bf\u03c5 \u0391\u03bb\u03ad\u03be\u03b7 \u03a4\u03c3\u03af\u03c0\u03c1\u03b1. \u039f\u03b9 \u03b7\u03b3\u03ad\u03c4\u03b5\u03c2 \u03c3\u03c4\u03b1\u2026","UserName":"ienimerosi","Date":"Sat May 16 13:29:05 +0000 2015","icon":"http:\/\/pbs.twimg.com\/profile_images\/542320323228471297\/pfoshGZ2_normal.jpeg","BelongsTo":"\u039c\u0397\u03a4\u03a3\u039f\u03a4\u0391\u039a\u0397\u03a3","size":"small","name":"basic-graph"},{"Tweet":"\u03a3\u03b5 \u03a0\u0391\u03a3\u039f\u039a, \u03a0\u03bf\u03c4\u03ac\u03bc\u03b9 \u03ba\u03bb\u03b5\u03af\u03bd\u03b5\u03b9 \u03c4\u03bf \u03bc\u03ac\u03c4\u03b9 \u03bf \u039a\u03c5\u03c1. \u039c\u03b7\u03c4\u03c3\u03bf\u03c4\u03ac\u03ba\u03b7\u03c2 - \u0397 \u0391\u03c5\u03b3\u03ae Online via","UserName":"niktrah","Date":"Sat May 16 13:04:10 +0000 2015","icon":"http:\/\/abs.twimg.com\/sticky\/default_profile_images\/default_profile_3_normal.png","BelongsTo":"\u039c\u0397\u03a4\u03a3\u039f\u03a4\u0391\u039a\u0397\u03a3","size":"small","name":"basic-graph"},{"Tweet":"\u039c\u03b7\u03c4\u03c3\u03bf\u03c4\u03ac\u03ba\u03b7\u03c2: \u0395\u03ac\u03bd \u03b7 \u03ba\u03c5\u03b2\u03ad\u03c1\u03bd\u03b7\u03c3\u03b7 \u03c7\u03ac\u03c3\u03b5\u03b9 \u03c0\u03ac\u03bd\u03c9 \u03b1\u03c0\u03cc 13 \u03b2\u03bf\u03c5\u03bb\u03b5\u03c5\u03c4\u03ad\u03c2 \u03c5\u03c0\u03ac\u03c1\u03c7\u03b5\u03b9 \u03b6\u03ae\u03c4\u03b7\u03bc\u03b1 \u03b4\u03b5\u03b4\u03b7\u03bb\u03c9\u03bc\u03ad\u03bd\u03b7\u03c2","UserName":"PrismaNews","Date":"Sat May 16 12:59:12 +0000 2015","icon":"http:\/\/pbs.twimg.com\/profile_images\/477386136508047360\/tTO_4vwz_normal.jpeg","BelongsTo":"\u039c\u0397\u03a4\u03a3\u039f\u03a4\u0391\u039a\u0397\u03a3","size":"small","name":"basic-graph"},{"Tweet":"\u039c\u03b7\u03c4\u03c3\u03bf\u03c4\u03ac\u03ba\u03b7\u03c2: \u0396\u03ae\u03c4\u03b7\u03bc\u03b1 \u03b5\u03b8\u03bd\u03b9\u03ba\u03ae \u03b5\u03c5\u03b8\u03cd\u03bd\u03b7\u03c2 \u03b7 \u03c3\u03c4\u03ae\u03c1\u03b9\u03be\u03b7 \u03bc\u03b9\u03b1\u03c2 \u03c3\u03c5\u03bc\u03c6\u03c9\u03bd\u03af\u03b1\u03c2","UserName":"Newsbomb Economy ","Date":"Sat May 16 12:54:07 +0000 2015","icon":"http:\/\/pbs.twimg.com\/profile_images\/568368129248464896\/7t8YQ1lh_normal.jpeg","BelongsTo":"\u039c\u0397\u03a4\u03a3\u039f\u03a4\u0391\u039a\u0397\u03a3","size":"small","name":"basic-graph"},{"Tweet":"\u039f \u039a\u03c5\u03c1. \u039c\u03b7\u03c4\u03c3\u03bf\u03c4\u03ac\u03ba\u03b7\u03c2 \u00ab\u03ba\u03bb\u03b5\u03af\u03bd\u03b5\u03b9 \u03c4\u03bf \u03bc\u03ac\u03c4\u03b9\u00bb \u03c3\u03b5 \u03a0\u03bf\u03c4\u03ac\u03bc\u03b9 \u03ba\u03b1\u03b9 \u03a0\u0391\u03a3\u039f\u039a, \u03c1\u03af\u03c7\u03bd\u03b5\u03b9 \u00ab\u03bc\u03c0\u03b7\u03c7\u03c4\u03ad\u03c2\u00bb \u03c3\u03c4\u03bf\u03bd \u0391\u03bd\u03c4. \u03a3\u03b1\u03bc\u03b1\u03c1\u03ac","UserName":"left.gr","Date":"Sat May 16 12:24:14 +0000 2015","icon":"http:\/\/pbs.twimg.com\/profile_images\/3112082968\/50abdb26e5264ee195bbea612e9c265e_normal.jpeg","BelongsTo":"\u039c\u0397\u03a4\u03a3\u039f\u03a4\u0391\u039a\u0397\u03a3","size":"small","name":"basic-graph"}],"links":[{"source":1,"target":0},{"source":2,"target":0},{"source":3,"target":0},{"source":4,"target":0},{"source":5,"target":0},{"source":6,"target":0},{"source":7,"target":0},{"source":8,"target":0},{"source":9,"target":0},{"source":10,"target":0}]}