{"nodes":[{"name":"main","size":"big","icon":"..\/backend\/assets\/center.png","Type":"M"},{"name":"\u039a\u03a5\u03a1\u0399\u0391\u039a\u039f\u03a3 \u039c\u0397\u03a4\u03a3\u039f\u03a4\u0391\u039a\u0397\u03a3","size":"small","icon":"http:\/\/www.lifo.gr\/uploads\/image\/768220\/%CE%9C%CE%B7%CF%84%CF%83%CE%BF%CF%84%CE%AC%CE%BA%CE%B7%CF%824.jpg","Type":"D"},{"name":"\u039d.\u0394.\n","size":"normal","icon":"\/PoliticalTweets\/backend\/assets\/nd.jpg","Type":"P"},{"name":"\u0394\u0397\u039c\u0397\u03a4\u03a1\u0399\u039f\u03a3 \u03a3\u03a4\u03a1\u0391\u03a4\u039f\u03a5\u039b\u0397\u03a3","size":"small","icon":"http:\/\/www.tribune.gr\/wp-content\/uploads\/2015\/02\/stratoulis1.jpg","Type":"D"},{"name":"\u03a3\u03a5\u03a1\u0399\u0396\u0391\n","size":"normal","icon":"\/PoliticalTweets\/backend\/assets\/syriza.jpg","Type":"P"},{"name":"\u0399\u03a9\u0391\u039d\u039d\u0397\u03a3 \u0392\u0391\u03a1\u039f\u03a5\u03a6\u0391\u039a\u0397\u03a3","size":"small","icon":"http:\/\/images32.inewsgr.com\/2040\/20403577\/1.jpg","Type":"D"}],"links":[{"source":2,"target":1},{"source":0,"target":2},{"source":0,"target":4},{"source":0,"target":2},{"source":4,"target":3},{"source":0,"target":4},{"source":0,"target":2},{"source":0,"target":4},{"source":4,"target":5}]}