{"nodes":[{"Tweet":"Deputy","UserName":"\u03a6\u0399\u039b\u0397\u03a3","Date":"null","icon":"http:\/\/anoihtipoli.gr\/wp-content\/uploads\/2014\/05\/Filis.jpg","BelongsTo":"null","size":"big","name":"basic-graph"},{"Tweet":"\u03a6\u03af\u03bb\u03b7\u03c2: \u038c\u03c0\u03bf\u03b9\u03b1 \u03c3\u03c5\u03bc\u03c6\u03c9\u03bd\u03af\u03b1 \u03c6\u03ad\u03c1\u03b5\u03b9 \u03bf \u03c0\u03c1\u03c9\u03b8\u03c5\u03c0\u03bf\u03c5\u03c1\u03b3\u03cc\u03c2 \u03b8\u03b1 \u03c0\u03b5\u03c1\u03ac\u03c3\u03b5\u03b9 -","UserName":"Athens Greece New","Date":"Fri May 15 11:20:04 +0000 2015","icon":"http:\/\/pbs.twimg.com\/profile_images\/2192558260\/athensipad_normal.png","BelongsTo":"\u03a6\u0399\u039b\u0397\u03a3","size":"small","name":"basic-graph"},{"Tweet":"\u039d. \u03a6\u03af\u03bb\u03b7\u03c2: \u0391\u03c5\u03c4\u03ae \u03b7 \u03b4\u03b9\u03b1\u03c0\u03c1\u03b1\u03b3\u03bc\u03ac\u03c4\u03b5\u03c5\u03c3\u03b7 \u03b5\u03bb\u03c0\u03af\u03b6\u03c9 \u03cc\u03c4\u03b9 \u03b8\u03b1 \u03ba\u03bb\u03b5\u03af\u03c3\u03b5\u03b9 \u03bc\u03b5 \u03c3\u03c5\u03bc\u03c6\u03c9\u03bd\u03af\u03b1 :: left.gr","UserName":"left.gr","Date":"Fri May 15 11:06:49 +0000 2015","icon":"http:\/\/pbs.twimg.com\/profile_images\/3112082968\/50abdb26e5264ee195bbea612e9c265e_normal.jpeg","BelongsTo":"\u03a6\u0399\u039b\u0397\u03a3","size":"small","name":"basic-graph"},{"Tweet":"\u03a6\u03af\u03bb\u03b7\u03c2: \u0397 \u03c3\u03c5\u03bc\u03c6\u03c9\u03bd\u03af\u03b1 \u03bd\u03b1 \u03b4\u03af\u03bd\u03b5\u03b9 \u03c0\u03c1\u03bf\u03bf\u03c0\u03c4\u03b9\u03ba\u03ae \u03b5\u03be\u03cc\u03b4\u03bf\u03c5 \u03b1\u03c0\u03cc \u03c4\u03b7 \u03bb\u03b9\u03c4\u03cc\u03c4\u03b7\u03c4\u03b1 \u03ba\u03b1\u03b9 \u03bd\u03b1 \u03c1\u03c5\u03b8\u03bc\u03af\u03b6\u03b5\u03b9 \u03c4\u03bf \u03c7\u03c1\u03ad\u03bf\u03c2","UserName":"\u0395\u03bb\u03b5\u03cd\u03b8\u03b5\u03c1\u03bf\u03c2 \u03a4\u03cd\u03c0\u03bf\u03c2","Date":"Fri May 15 10:57:01 +0000 2015","icon":"http:\/\/pbs.twimg.com\/profile_images\/522796160570769408\/hn0fxTni_normal.png","BelongsTo":"\u03a6\u0399\u039b\u0397\u03a3","size":"small","name":"basic-graph"},{"Tweet":"\u039d. \u03a6\u03af\u03bb\u03b7\u03c2 : \u0397 \u03c3\u03c5\u03bc\u03c6\u03c9\u03bd\u03af\u03b1 \u03b5\u03bb\u03c0\u03af\u03b6\u03c9 \u03cc\u03c4\u03b9 \u03b8\u03b1 \u03b4\u03af\u03bd\u03b5\u03b9 \u03c0\u03c1\u03bf\u03bf\u03c0\u03c4\u03b9\u03ba\u03ae \u03b5\u03be\u03cc\u03b4\u03bf\u03c5 \u03b1\u03c0\u03cc \u03c4\u03b7 \u03bb\u03b9\u03c4\u03cc\u03c4\u03b7\u03c4\u03b1 \u03ba\u03b1\u03b9 \u03b8\u03b1 \u03c1\u03c5\u03b8\u03bc\u03af\u03b6\u03b5\u03b9 \u03c4\u03bf \u03c7\u03c1\u03ad\u03bf\u03c2","UserName":"\u0391\u03a0\u0395-\u039c\u03a0\u0395","Date":"Fri May 15 10:54:58 +0000 2015","icon":"http:\/\/pbs.twimg.com\/profile_images\/3474640049\/548e1382556a95f69793543f30a5e636_normal.jpeg","BelongsTo":"\u03a6\u0399\u039b\u0397\u03a3","size":"small","name":"basic-graph"},{"Tweet":": \u039d. \u03a6\u03af\u03bb\u03b7\u03c2: \u00ab\u038c\u03c0\u03bf\u03b9\u03b1 \u03c3\u03c5\u03bc\u03c6\u03c9\u03bd\u03af\u03b1 \u03c6\u03ad\u03c1\u03b5\u03b9 \u03bf \u03a0\u03c1\u03c9\u03b8\u03c5\u03c0\u03bf\u03c5\u03c1\u03b3\u03cc\u03c2 \u03ba\u03b1\u03b9 \u03b7 \u03ba\u03c5\u03b2\u03ad\u03c1\u03bd\u03b7\u03c3\u03b7 \u03c3\u03c4\u03b7 \u0392\u03bf\u03c5\u03bb\u03ae, \u03b8\u03b1 \u03c0\u03b5\u03c1\u03ac\u03c3\u03b5\u03b9\u00bb","UserName":"atypos.com","Date":"Fri May 15 10:50:25 +0000 2015","icon":"http:\/\/pbs.twimg.com\/profile_images\/2973789794\/bd9adf8c2f9a6466e42be0635ab40674_normal.png","BelongsTo":"\u03a6\u0399\u039b\u0397\u03a3","size":"small","name":"basic-graph"},{"Tweet":"\u0395\u03af\u03bc\u03b1\u03c3\u03c4\u03b5 \u03c3\u03c4\u03b9\u03c2 \u03c4\u03b5\u03bb\u03b5\u03c5\u03c4\u03b1\u03af\u03b5\u03c2 \u03bc\u03ad\u03c1\u03b5\u03c2 \u03c4\u03b7\u03c2 \u03b4\u03b9\u03b1\u03c0\u03c1\u03b1\u03b3\u03bc\u03ac\u03c4\u03b5\u03c5\u03c3\u03b7\u03c2!","UserName":"toxwni","Date":"Fri May 15 10:38:01 +0000 2015","icon":"http:\/\/pbs.twimg.com\/profile_images\/2025069591\/sd_normal.jpg","BelongsTo":"\u03a6\u0399\u039b\u0397\u03a3","size":"small","name":"basic-graph"},{"Tweet":"\u039d. \u03a6\u03af\u03bb\u03b7\u03c2: \u0397 \u03c3\u03c5\u03bc\u03c6\u03c9\u03bd\u03af\u03b1 \u03b8\u03b1 \u03c0\u03b5\u03c1\u03ac\u03c3\u03b5\u03b9 \u03b4\u03b5\u03bd \u03b8\u03b1 \u03b4\u03b7\u03bc\u03b9\u03bf\u03c5\u03c1\u03b3\u03b7\u03b8\u03b5\u03af \u03c3\u03ba\u03b7\u03bd\u03b9\u03ba\u03cc \u03c0\u03bf\u03bb\u03b9\u03c4\u03b9\u03ba\u03ae\u03c2 \u03b1\u03c3\u03c4\u03ac\u03b8\u03b5\u03b9\u03b1\u03c2","UserName":"the paper","Date":"Fri May 15 10:06:08 +0000 2015","icon":"http:\/\/pbs.twimg.com\/profile_images\/378800000479607515\/03fe14d0cf9106b30aea762c14aab1d3_normal.png","BelongsTo":"\u03a6\u0399\u039b\u0397\u03a3","size":"small","name":"basic-graph"},{"Tweet":"\u03a6\u03af\u03bb\u03b7\u03c2: \u038c\u03c0\u03bf\u03b9\u03b1 \u03c3\u03c5\u03bc\u03c6\u03c9\u03bd\u03af\u03b1 \u03c6\u03ad\u03c1\u03b5\u03b9 \u03b7 \u03ba\u03c5\u03b2\u03ad\u03c1\u03bd\u03b7\u03c3\u03b7 \u03b8\u03b1 \u03c0\u03b5\u03c1\u03ac\u03c3\u03b5\u03b9 \u03b1\u03c0\u03cc \u03c4\u03b7\u03bd \u03ba\u03bf\u03b9\u03bd\u03bf\u03b2\u03bf\u03c5\u03bb\u03b5\u03c5\u03c4\u03b9\u03ba\u03ae \u03bf\u03bc\u03ac\u03b4\u03b1","UserName":"\u03a0\u03a1\u03a9\u03a4\u039f \u0398\u0395\u039c\u0391","Date":"Fri May 15 10:03:49 +0000 2015","icon":"http:\/\/pbs.twimg.com\/profile_images\/2178389502\/thema_normal.png","BelongsTo":"\u03a6\u0399\u039b\u0397\u03a3","size":"small","name":"basic-graph"},{"Tweet":"\u03a6\u03af\u03bb\u03b7\u03c2: \u038c\u03c0\u03bf\u03b9\u03b1 \u03c3\u03c5\u03bc\u03c6\u03c9\u03bd\u03af\u03b1 \u03c6\u03ad\u03c1\u03b5\u03b9 \u03bf \u03c0\u03c1\u03c9\u03b8\u03c5\u03c0\u03bf\u03c5\u03c1\u03b3\u03cc\u03c2 \u03b8\u03b1 \u03c0\u03b5\u03c1\u03ac\u03c3\u03b5\u03b9","UserName":"tsantiri","Date":"Fri May 15 09:47:34 +0000 2015","icon":"http:\/\/pbs.twimg.com\/profile_images\/1557583758\/logo3_normal.jpg","BelongsTo":"\u03a6\u0399\u039b\u0397\u03a3","size":"small","name":"basic-graph"},{"Tweet":"\u039d. \u03a6\u03af\u03bb\u03b7\u03c2: \u0394\u03b5\u03bd \u03b5\u03af\u03bc\u03b1\u03c3\u03c4\u03b5 \u03b5\u03bc\u03b5\u03af\u03c2 \u03c0\u03bf\u03c5 \u03b8\u03b1 \u03b4\u03b5\u03c7\u03b8\u03bf\u03cd\u03bc\u03b5 \u03c4\u03b5\u03bb\u03b5\u03c3\u03af\u03b3\u03c1\u03b1\u03c6\u03b1 (\u03b2\u03af\u03bd\u03c4\u03b5\u03bf) :: left.gr","UserName":"left.gr","Date":"Fri May 15 09:27:55 +0000 2015","icon":"http:\/\/pbs.twimg.com\/profile_images\/3112082968\/50abdb26e5264ee195bbea612e9c265e_normal.jpeg","BelongsTo":"\u03a6\u0399\u039b\u0397\u03a3","size":"small","name":"basic-graph"},{"Tweet":"\u039d. \u03a6\u03af\u03bb\u03b7\u03c2: \u0394\u03b5\u03bd \u03b5\u03af\u03bc\u03b1\u03c3\u03c4\u03b5 \u03b5\u03bc\u03b5\u03af\u03c2 \u03c0\u03bf\u03c5 \u03b8\u03b1 \u03b4\u03b5\u03c7\u03b8\u03bf\u03cd\u03bc\u03b5 \u03c4\u03b5\u03bb\u03b5\u03c3\u03af\u03b3\u03c1\u03b1\u03c6\u03b1 (Video) - \u0397 \u0391\u03c5\u03b3\u03ae Online via","UserName":"E\u03c6\u03b7\u03bc\u03b5\u03c1\u03af\u03b4\u03b1 \u0397 \u0391\u03a5\u0393\u0397","Date":"Fri May 15 09:16:17 +0000 2015","icon":"http:\/\/pbs.twimg.com\/profile_images\/3657731609\/7654521074ffb6220dba5460c9a6cbff_normal.jpeg","BelongsTo":"\u03a6\u0399\u039b\u0397\u03a3","size":"small","name":"basic-graph"},{"Tweet":"\u03a3\u03bf\u03c5 \u03c4\u03b7\u03bd \u03c0\u03ad\u03c6\u03c4\u03b5\u03b9 \u03c4\u03bf \u03b1\u03b3\u03cc\u03c1\u03b9 \u03c4\u03b7\u03c2 \u03c6\u03af\u03bb\u03b7\u03c2 \u03c3\u03bf\u03c5; \u039d\u03b1 \u03c4\u03b9 \u03c0\u03c1\u03ad\u03c0\u03b5\u03b9 \u03bd\u03b1 \u03ba\u03ac\u03bd\u03b5\u03b9\u03c2! | Kato Partali","UserName":"9GAG GREECE","Date":"Fri May 15 07:55:07 +0000 2015","icon":"http:\/\/pbs.twimg.com\/profile_images\/585773932969504769\/7nCbhruG_normal.jpg","BelongsTo":"\u03a6\u0399\u039b\u0397\u03a3","size":"small","name":"basic-graph"},{"Tweet":"\u03a6\u03af\u03bb\u03b7\u03c2: \u039f \u03a3\u03c4\u03bf\u03c5\u03c1\u03bd\u03ac\u03c1\u03b1\u03c2 \u03bb\u03b5\u03b9\u03c4\u03bf\u03c5\u03c1\u03b3\u03b5\u03af \u03c9\u03c2 \u03c0\u03bf\u03bb\u03b9\u03c4\u03b9\u03ba\u03cc\u03c2 \u03b1\u03bd\u03c4\u03af\u03c0\u03b1\u03bb\u03bf\u03c2 -","UserName":"Freska Nea","Date":"Fri May 15 06:59:43 +0000 2015","icon":"http:\/\/pbs.twimg.com\/profile_images\/553908409704009728\/9kqtXNVN_normal.jpeg","BelongsTo":"\u03a6\u0399\u039b\u0397\u03a3","size":"small","name":"basic-graph"},{"Tweet":"\u039d. \u03a6\u03af\u03bb\u03b7\u03c2: \u039c\u03b5 \u03b4\u03b9\u03ac\u03bb\u03bf\u03b3\u03bf \u03ba\u03b1\u03b9 \u03cc\u03c7\u03b9 \u03bc\u03bf\u03bd\u03bf\u03bc\u03b5\u03c1\u03b5\u03af\u03c2 \u03b5\u03bd\u03ad\u03c1\u03b3\u03b5\u03b9\u03b5\u03c2 \u03bf \u03c7\u03c9\u03c1\u03b9\u03c3\u03bc\u03cc\u03c2 \u03b5\u03ba\u03ba\u03bb\u03b7\u03c3\u03af\u03b1\u03c2-\u03ba\u03c1\u03ac\u03c4\u03bf\u03c5\u03c2 - \u0397 \u0391\u03c5\u03b3\u03ae Online via","UserName":"Universal Greek","Date":"Fri May 15 06:45:49 +0000 2015","icon":"http:\/\/pbs.twimg.com\/profile_images\/558428448209633280\/vkCH2o3J_normal.jpeg","BelongsTo":"\u03a6\u0399\u039b\u0397\u03a3","size":"small","name":"basic-graph"},{"Tweet":"\u039d\u03bf\u03ba \u03ac\u03bf\u03c5\u03c4 \u03b1\u03c0\u03cc \u03c4\u03b7\u03bd \u0395\u03ba\u03ba\u03bb\u03b7\u03c3\u03af\u03b1 \u03a6\u03af\u03bb\u03b7\u03c2, \u0398\u03b5\u03bf\u03b4\u03c9\u03c1\u03ac\u03ba\u03b7\u03c2 \u03ba\u03b1\u03b9...\u03a3\u0399\u0391 - dotnews.gr","UserName":"Nick Kastrinakis","Date":"Fri May 15 05:02:24 +0000 2015","icon":"http:\/\/pbs.twimg.com\/profile_images\/582981428759121922\/huWJBQyf_normal.jpg","BelongsTo":"\u03a6\u0399\u039b\u0397\u03a3","size":"small","name":"basic-graph"},{"Tweet":"\u00ab\u03a7\u03c1\u03ae\u03c3\u03b9\u03bc\u03bf\u03c2 \u03bf \u03c7\u03c9\u03c1\u03b9\u03c3\u03bc\u03cc\u03c2\u00bb \u03b1\u03c0\u03b1\u03bd\u03c4\u03ac \u03bf \u03a6\u03af\u03bb\u03b7\u03c2 \u03c3\u03c4\u03bf\u03bd \u0399\u03b5\u03c1\u03ce\u03bd\u03c5\u03bc\u03bf via","UserName":"Dim Krachtopoulos","Date":"Fri May 15 01:18:06 +0000 2015","icon":"http:\/\/pbs.twimg.com\/profile_images\/3388189787\/48dab662f371ad80db1028be2ee6058c_normal.jpeg","BelongsTo":"\u03a6\u0399\u039b\u0397\u03a3","size":"small","name":"basic-graph"}],"links":[{"source":1,"target":0},{"source":2,"target":0},{"source":3,"target":0},{"source":4,"target":0},{"source":5,"target":0},{"source":6,"target":0},{"source":7,"target":0},{"source":8,"target":0},{"source":9,"target":0},{"source":10,"target":0},{"source":11,"target":0},{"source":12,"target":0},{"source":13,"target":0},{"source":14,"target":0},{"source":15,"target":0},{"source":16,"target":0}]}