{"nodes":[{"Tweet":"Deputy","UserName":"\u039b\u039f\u0392\u0395\u03a1\u0394\u039f\u03a3","Date":"null","icon":"http:\/\/www.parapolitika.gr\/Media\/Default\/images\/201409231455144910.jpg","BelongsTo":"null","size":"big","name":"basic-graph"},{"Tweet":"\u03ba\u03b1\u03c4\u03b1\u03b3\u03b3\u03ad\u03bb\u03bb\u03b5\u03b9 \u03bc\u03b5 \u03b5\u03c0\u03b9\u03c3\u03c4\u03bf\u03bb\u03ae \u03c3\u03c4\u03b7\u03bd \u0396\u03c9\u03ae \u039a\u03c9\u03bd\u03c3\u03c4\u03b1\u03bd\u03c4\u03bf\u03c0\u03bf\u03cd\u03bb\u03bf\u03c5","UserName":"Antenna News","Date":"Fri May 15 08:39:24 +0000 2015","icon":"http:\/\/pbs.twimg.com\/profile_images\/522717332980776962\/Ad9VZLaz_normal.jpeg","BelongsTo":"\u039b\u039f\u0392\u0395\u03a1\u0394\u039f\u03a3","size":"small","name":"basic-graph"},{"Tweet":"\u039b\u03bf\u03b2\u03ad\u03c1\u03b4\u03bf\u03c2: \u00ab\u039c\u03b5 \u03c4\u03bf\u03bd \u03bd\u03cc\u03bc\u03bf \u039a\u03b1\u03c4\u03c1\u03bf\u03cd\u03b3\u03ba\u03b1\u03bb\u03bf\u03c5 \u03c0\u03b1\u03c1\u03b1\u03bc\u03ad\u03bd\u03bf\u03c5\u03bd \u03bf\u03b9 \u03b5\u03bc\u03c0\u03bb\u03b5\u03ba\u03cc\u03bc\u03b5\u03bd\u03bf\u03b9 \u03c3\u03b5 \u03c0\u03b1\u03b9\u03b4\u03b5\u03c1\u03b1\u03c3\u03c4\u03af\u03b1 \u03b5\u03ba\u03c0\u03b1\u03b9\u03b4\u03b5\u03c5\u03c4\u03b9\u03ba\u03bf\u03af\u00bb via","UserName":"Fokitis   Emmanuel","Date":"Wed May 13 14:39:19 +0000 2015","icon":"http:\/\/pbs.twimg.com\/profile_images\/537440574648090624\/VYe35h1O_normal.jpeg","BelongsTo":"\u039b\u039f\u0392\u0395\u03a1\u0394\u039f\u03a3","size":"small","name":"basic-graph"},{"Tweet":"\u039b\u03bf\u03b2\u03ad\u03c1\u03b4\u03bf\u03c2: \u00ab\u039c\u03b5 \u03c4\u03bf\u03bd \u03bd\u03cc\u03bc\u03bf \u039a\u03b1\u03c4\u03c1\u03bf\u03cd\u03b3\u03ba\u03b1\u03bb\u03bf\u03c5 \u03bc\u03ad\u03bd\u03bf\u03c5\u03bd \u03c3\u03c4\u03b9\u03c2 \u03b8\u03ad\u03c3\u03b5\u03b9\u03c2 \u03c4\u03bf\u03c5\u03c2 \u03bf\u03b9 \u03b5\u03bc\u03c0\u03bb\u03b5\u03ba\u03cc\u03bc\u03b5\u03bd\u03bf\u03b9 \u03c3\u03b5 \u03c0\u03b1\u03b9\u03b4\u03b5\u03c1\u03b1\u03c3\u03c4\u03af\u03b1 \u03b5\u03ba\u03c0\u03b1\u03b9\u03b4\u03b5\u03c5\u03c4\u03b9\u03ba\u03bf\u03af\u00bb","UserName":"\u03a6","Date":"Wed May 13 13:17:57 +0000 2015","icon":"http:\/\/pbs.twimg.com\/profile_images\/486978148916285440\/Kp90o_Gn_normal.jpeg","BelongsTo":"\u039b\u039f\u0392\u0395\u03a1\u0394\u039f\u03a3","size":"small","name":"basic-graph"},{"Tweet":"\u039b\u03bf\u03b2\u03ad\u03c1\u03b4\u03bf\u03c2: \u039e\u03c5\u03c0\u03bd\u03ae\u03c3\u03c4\u03b5 \u03b5\u03c0\u03b9\u03c4\u03ad\u03bb\u03bf\u03c5\u03c2","UserName":"thestival.gr","Date":"Tue May 12 15:27:44 +0000 2015","icon":"http:\/\/pbs.twimg.com\/profile_images\/523901374673600512\/Pi99XcqG_normal.jpeg","BelongsTo":"\u039b\u039f\u0392\u0395\u03a1\u0394\u039f\u03a3","size":"small","name":"basic-graph"},{"Tweet":"\u039b\u03bf\u03b2\u03ad\u03c1\u03b4\u03bf\u03c2: \"\u0398\u03b1 \u03b8\u03ad\u03c3\u03c9 \u03c5\u03c0\u03bf\u03c8\u03b7\u03c6\u03b9\u03cc\u03c4\u03b7\u03c4\u03b1 \u03b3\u03b9\u03b1 \u03c4\u03b7\u03bd \u03b7\u03b3\u03b5\u03c3\u03af\u03b1 \u03c4\u03bf\u03c5","UserName":"\u039c\u03b1\u03b9\u03c1\u03b7 \u039b","Date":"Mon May 11 22:02:04 +0000 2015","icon":"http:\/\/pbs.twimg.com\/profile_images\/564045210963820544\/epH3izm-_normal.jpeg","BelongsTo":"\u039b\u039f\u0392\u0395\u03a1\u0394\u039f\u03a3","size":"small","name":"basic-graph"},{"Tweet":"\u0393\u03b5\u03bc\u03b1\u03c4\u03b7 \u03c4\u03c1\u03b1\u03b3\u03b5\u03bb\u03b1\u03c6\u03bf\u03c5\u03c2 \u03b7 \u03c3\u03b7\u03bc\u03b5\u03c1\u03b9\u03bd\u03b7 \u03bc\u03b5\u03c1\u03b1 \u201c \u039b\u03bf\u03b2\u03ad\u03c1\u03b4\u03bf\u03c2: \"\u0398\u03b1 \u03b8\u03ad\u03c3\u03c9 \u03c5\u03c0\u03bf\u03c8\u03b7\u03c6\u03b9\u03cc\u03c4\u03b7\u03c4\u03b1 \u03b3\u03b9\u03b1 \u03c4\u03b7\u03bd \u03b7\u03b3\u03b5\u03c3\u03af\u03b1 \u03c4\u03bf\u03c5","UserName":"\u03a6\u03b9\u03b4\u03ac\u03ba\u03b9","Date":"Mon May 11 14:03:01 +0000 2015","icon":"http:\/\/pbs.twimg.com\/profile_images\/531009777493483523\/vfZS88cF_normal.png","BelongsTo":"\u039b\u039f\u0392\u0395\u03a1\u0394\u039f\u03a3","size":"small","name":"basic-graph"},{"Tweet":"\u039b\u03bf\u03b2\u03ad\u03c1\u03b4\u03bf\u03c2: \u00ab\u0395\u03af\u03bc\u03b1\u03b9 \u03ad\u03c4\u03bf\u03b9\u03bc\u03bf\u03c2 \u03b3\u03b9\u03b1 \u03bd\u03b1 \u03b4\u03b9\u03b5\u03ba\u03b4\u03b9\u03ba\u03ae\u03c3\u03c9 \u03c4\u03b7\u03bd \u03b1\u03c1\u03c7\u03b7\u03b3\u03af\u03b1 \u03c4\u03bf\u03c5 \u03a0\u0391\u03a3\u039f\u039a\u00bb","UserName":"HellasChannel","Date":"Mon May 11 14:01:17 +0000 2015","icon":"http:\/\/pbs.twimg.com\/profile_images\/1607431027\/HC_normal.jpg","BelongsTo":"\u039b\u039f\u0392\u0395\u03a1\u0394\u039f\u03a3","size":"small","name":"basic-graph"},{"Tweet":"\u039b\u03bf\u03b2\u03ad\u03c1\u03b4\u03bf\u03c2: \u0395\u03af\u03bc\u03b1\u03b9 \u03ad\u03c4\u03bf\u03b9\u03bc\u03bf\u03c2 \u03bd\u03b1 \u03b4\u03b9\u03b5\u03ba\u03b4\u03b9\u03ba\u03ae\u03c3\u03c9 \u03c4\u03b7\u03bd \u03b7\u03b3\u03b5\u03c3\u03af\u03b1 \u03c4\u03bf\u03c5 \u03a0\u0391\u03a3\u039f\u039a","UserName":"newpost.gr","Date":"Mon May 11 13:52:36 +0000 2015","icon":"http:\/\/pbs.twimg.com\/profile_images\/3762561521\/bcfc1f203263c3ec867db15aad599d9e_normal.png","BelongsTo":"\u039b\u039f\u0392\u0395\u03a1\u0394\u039f\u03a3","size":"small","name":"basic-graph"},{"Tweet":"\u03a4\u03b7\u03bd \u03c0\u03c1\u03bf\u03b5\u03b4\u03c1\u03af\u03b1 \u03c4\u03bf\u03c5 \u03a0\u0391\u03a3\u039f\u039a \"\u03b2\u03bb\u03ad\u03c0\u03b5\u03b9\" \u03bf \u039b\u03bf\u03b2\u03ad\u03c1\u03b4\u03bf\u03c2","UserName":"thestival.gr","Date":"Mon May 11 11:22:38 +0000 2015","icon":"http:\/\/pbs.twimg.com\/profile_images\/523901374673600512\/Pi99XcqG_normal.jpeg","BelongsTo":"\u039b\u039f\u0392\u0395\u03a1\u0394\u039f\u03a3","size":"small","name":"basic-graph"},{"Tweet":"The Press Project : \u0388\u03c4\u03bf\u03b9\u03bc\u03bf\u03c2 \u03b3\u03b9\u03b1 \u03b1\u03c1\u03c7\u03b7\u03b3\u03cc\u03c2 \u03c4\u03bf\u03c5 \u03a0\u0391\u03a3\u039f\u039a \u03bf \u039b\u03bf\u03b2\u03ad\u03c1\u03b4\u03bf\u03c2: \u0388\u03c4\u03bf\u03b9\u03bc\u03bf\u03c2 \u03bd\u03b1 \u03b4\u03b7\u03bb\u03ce\u03c3\u03b5\u03b9 \u03c5\u03c0\u03bf\u03c8\u03ae\u03c6\u03b9\u03bf\u03c2 \u03b3\u03b9\u03b1 \u03c4\u03b7\u03bd \u03b1...","UserName":"\u039c\u03b1\u03c1\u03af\u03b1","Date":"Mon May 11 11:03:18 +0000 2015","icon":"http:\/\/pbs.twimg.com\/profile_images\/1775193749\/avatar_713_normal.jpg","BelongsTo":"\u039b\u039f\u0392\u0395\u03a1\u0394\u039f\u03a3","size":"small","name":"basic-graph"}],"links":[{"source":1,"target":0},{"source":2,"target":0},{"source":3,"target":0},{"source":4,"target":0},{"source":5,"target":0},{"source":6,"target":0},{"source":7,"target":0},{"source":8,"target":0},{"source":9,"target":0},{"source":10,"target":0}]}