{"nodes":[{"name":"main","size":"big","icon":"..\/backend\/assets\/center.png","Type":"M"},{"name":"\u039a\u03a9\u039d\u03a3\u03a4\u0391\u039d\u03a4\u0399\u039d\u039f\u03a3 \u0397\u03a3\u03a5\u03a7\u039f\u03a3","size":"small","icon":"http:\/\/www.eklogika.gr\/uploads\/kivernisi-vouli2015\/portraits\/isuxos.jpg","Type":"D"},{"name":"\u03a3\u03a5\u03a1\u0399\u0396\u0391\n","size":"normal","icon":"\/PoliticalTweets\/backend\/assets\/syriza.jpg","Type":"P"},{"name":"\u039d\u0399\u039a\u039f\u039b\u0391\u039f\u03a3 \u03a6\u0399\u039b\u0397\u03a3","size":"small","icon":"http:\/\/anoihtipoli.gr\/wp-content\/uploads\/2014\/05\/Filis.jpg","Type":"D"},{"name":"\u03a0\u0391\u039d\u0391\u0393\u0399\u03a9\u03a4\u0397\u03a3 \u039b\u0391\u03a6\u0391\u0396\u0391\u039d\u0397\u03a3","size":"small","icon":"https:\/\/synpeiraia.files.wordpress.com\/2012\/04\/cebbceb1cf86ceb1ceb6ceb1cebdceb7cf83-cf80ceb1cebdceb1ceb3ceb9cf89cf84ceb7cf83.jpg","Type":"D"},{"name":"\u0391\u039d\u0394\u03a1\u0395\u0391\u03a3 \u039b\u039f\u0392\u0395\u03a1\u0394\u039f\u03a3","size":"small","icon":"http:\/\/www.parapolitika.gr\/Media\/Default\/images\/201409231455144910.jpg","Type":"D"},{"name":"\u03a0\u0391.\u03a3\u039f.\u039a.\n","size":"normal","icon":"\/PoliticalTweets\/backend\/assets\/pasok.jpg","Type":"P"},{"name":"\u0394\u0397\u039c\u0397\u03a4\u03a1\u0399\u039f\u03a3 \u039a\u039f\u03a5\u03a4\u03a3\u039f\u03a5\u039c\u03a0\u0391\u03a3","size":"small","icon":"http:\/\/www.sofokleousin.gr\/files\/koutsoumpas_dimitris_144368301.jpg","Type":"D"},{"name":"\u039a.\u039a.\u0395.\n","size":"normal","icon":"\/PoliticalTweets\/backend\/assets\/kke.jpg","Type":"P"},{"name":"\u0394\u0397\u039c\u0397\u03a4\u03a1\u0399\u039f\u03a3 \u0392\u0399\u03a4\u03a3\u0391\u03a3","size":"small","icon":"http:\/\/static.pblogs.gr\/f\/254590-s5_high.jpg","Type":"D"},{"name":"\u0399\u03a9\u0391\u039d\u039d\u0397\u03a3 \u0392\u0391\u03a1\u039f\u03a5\u03a6\u0391\u039a\u0397\u03a3","size":"small","icon":"http:\/\/images32.inewsgr.com\/2040\/20403577\/1.jpg","Type":"D"}],"links":[{"source":2,"target":1},{"source":0,"target":2},{"source":0,"target":6},{"source":0,"target":8},{"source":0,"target":2},{"source":2,"target":3},{"source":0,"target":6},{"source":0,"target":8},{"source":0,"target":2},{"source":2,"target":4},{"source":0,"target":6},{"source":0,"target":8},{"source":0,"target":2},{"source":6,"target":5},{"source":0,"target":6},{"source":0,"target":8},{"source":0,"target":2},{"source":0,"target":6},{"source":8,"target":7},{"source":0,"target":8},{"source":0,"target":2},{"source":0,"target":6},{"source":0,"target":8},{"source":2,"target":9},{"source":0,"target":2},{"source":0,"target":6},{"source":0,"target":8},{"source":2,"target":10}]}