{"nodes":[{"Tweet":"Deputy","UserName":"\u039a\u039f\u03a5\u03a4\u03a3\u039f\u03a5\u039c\u03a0\u0391\u03a3","Date":"null","icon":"http:\/\/www.sofokleousin.gr\/files\/koutsoumpas_dimitris_144368301.jpg","BelongsTo":"null","size":"big","name":"basic-graph"},{"Tweet":"\u039a\u03bf\u03c5\u03c4\u03c3\u03bf\u03cd\u03bc\u03c0\u03b1\u03c2: \u0398\u03ad\u03bb\u03bf\u03c5\u03bd \u03c4\u03bf \u03bb\u03b1\u03cc \u03c3\u03c5\u03bd\u03ad\u03bd\u03bf\u03c7\u03bf \u03c3\u03b5 \u03bc\u03af\u03b1 \u03b1\u03bd\u03c4\u03b9\u03bb\u03b1\u03ca\u03ba\u03ae \u03c0\u03bf\u03bb\u03b9\u03c4\u03b9\u03ba\u03ae via","UserName":"Antenna News","Date":"Fri May 15 11:42:47 +0000 2015","icon":"http:\/\/pbs.twimg.com\/profile_images\/522717332980776962\/Ad9VZLaz_normal.jpeg","BelongsTo":"\u039a\u039f\u03a5\u03a4\u03a3\u039f\u03a5\u039c\u03a0\u0391\u03a3","size":"small","name":"basic-graph"},{"Tweet":"\u039a\u03bf\u03c5\u03c4\u03c3\u03bf\u03cd\u03bc\u03c0\u03b1\u03c2: \u00ab\u03a3\u03c4\u03ac\u03c7\u03c4\u03b7 \u03c3\u03c4\u03b1 \u03bc\u03ac\u03c4\u03b9\u03b1 \u03c4\u03bf\u03c5 \u03bb\u03b1\u03bf\u03cd \u03c4\u03b1 \u03c0\u03b5\u03c1\u03af \u03b4\u03b7\u03bc\u03bf\u03c8\u03b7\u03c6\u03af\u03c3\u03bc\u03b1\u03c4\u03bf\u03c2\u00bb","UserName":"TA NEA","Date":"Fri May 15 11:20:20 +0000 2015","icon":"http:\/\/pbs.twimg.com\/profile_images\/3286964334\/39493cf350e7b69d594378384844e94d_normal.png","BelongsTo":"\u039a\u039f\u03a5\u03a4\u03a3\u039f\u03a5\u039c\u03a0\u0391\u03a3","size":"small","name":"basic-graph"},{"Tweet":"\u039a\u03bf\u03c5\u03c4\u03c3\u03bf\u03cd\u03bc\u03c0\u03b1\u03c2: \u03a3\u03c4\u03ac\u03c7\u03c4\u03b7 \u03c3\u03c4\u03b1 \u03bc\u03ac\u03c4\u03b9\u03b1 \u03c4\u03bf\u03c5 \u03bb\u03b1\u03bf\u03cd \u03c4\u03bf \u03b4\u03b7\u03bc\u03bf\u03c8\u03ae\u03c6\u03b9\u03c3\u03bc\u03b1 \u03ba\u03b1\u03b9 \u03bf\u03b9 \u03b5\u03ba\u03bb\u03bf\u03b3\u03ad\u03c2 -","UserName":"VASILIKI!","Date":"Fri May 15 10:46:08 +0000 2015","icon":"http:\/\/pbs.twimg.com\/profile_images\/579217987653238784\/6mu3wjzQ_normal.jpg","BelongsTo":"\u039a\u039f\u03a5\u03a4\u03a3\u039f\u03a5\u039c\u03a0\u0391\u03a3","size":"small","name":"basic-graph"},{"Tweet":"\u039a\u03bf\u03c5\u03c4\u03c3\u03bf\u03cd\u03bc\u03c0\u03b1\u03c2: \u039d\u03ad\u03bf \u03bc\u03bd\u03b7\u03bc\u03cc\u03bd\u03b9\u03bf \u03bc\u03b5 \u03b1\u03c1\u03b9\u03c3\u03c4\u03b5\u03c1\u03cc \u03c0\u03b5\u03c1\u03b9\u03c4\u03cd\u03bb\u03b9\u03b3\u03bc\u03b1 \u039d\u03ad\u03bf \u039c\u03bd\u03b7\u03bc\u03cc\u03bd\u03b9\u03bf \u03bc\u03b5 \"\u03b1\u03c1\u03b9\u03c3\u03c4\u03b5\u03c1\u03cc\" \u03c0\u03b5\u03c1\u03b9\u03c4\u03cd\u03bb\u03b9\u03b3\u03bc\u03b1 \u03b8\u03b1 \u03b5\u03af\u03bd\u03b1\u03b9 \u03b7 \u03c3\u03c5\u03bc\u03c6\u03c9\u03bd\u03af\u03b1 \u03c0\u03bf\u03c5 \u03b5\u03c4\u03bf","UserName":"Abomus - \u0395\u03bb\u03bb\u03ac\u03b4\u03b1","Date":"Fri May 15 06:32:41 +0000 2015","icon":"http:\/\/pbs.twimg.com\/profile_images\/595592452796329984\/LjxuNYNS_normal.jpg","BelongsTo":"\u039a\u039f\u03a5\u03a4\u03a3\u039f\u03a5\u039c\u03a0\u0391\u03a3","size":"small","name":"basic-graph"},{"Tweet":"KKE : \u039f \u0393\u0393 \u03c4\u03b7\u03c2 \u039a\u0395 \u03c4\u03bf\u03c5 \u039a\u039a\u0395 \u0394. \u039a\u03bf\u03c5\u03c4\u03c3\u03bf\u03cd\u03bc\u03c0\u03b1\u03c2 \u03c3\u03ae\u03bc\u03b5\u03c1\u03b1 \u03c3\u03c4\u03b7 \u03a1\u03bf\u03b4\u03cc\u03c0\u03b7 via","UserName":"\u039c\u03b1\u03c1\u03af\u03b1","Date":"Fri May 15 05:37:16 +0000 2015","icon":"http:\/\/pbs.twimg.com\/profile_images\/1775193749\/avatar_713_normal.jpg","BelongsTo":"\u039a\u039f\u03a5\u03a4\u03a3\u039f\u03a5\u039c\u03a0\u0391\u03a3","size":"small","name":"basic-graph"},{"Tweet":"\u039f \u0393\u0393 \u03c4\u03b7\u03c2 \u039a\u0395 \u03c4\u03bf\u03c5 \u039a\u039a\u0395 \u0394. \u039a\u03bf\u03c5\u03c4\u03c3\u03bf\u03cd\u03bc\u03c0\u03b1\u03c2 \u03c3\u03ae\u03bc\u03b5\u03c1\u03b1 \u03c3\u03c4\u03b7 \u03a1\u03bf\u03b4\u03cc\u03c0\u03b7 - 902.gr via","UserName":"\u03a0\u0391\u03a1\u0391\u03a4\u0397\u03a1\u0397\u03a4\u0397\u03a3","Date":"Fri May 15 05:23:53 +0000 2015","icon":"http:\/\/pbs.twimg.com\/profile_images\/501639392444690433\/U2v8mUhg_normal.jpeg","BelongsTo":"\u039a\u039f\u03a5\u03a4\u03a3\u039f\u03a5\u039c\u03a0\u0391\u03a3","size":"small","name":"basic-graph"},{"Tweet":"\u039d\u0395\u039f\u039b\u0395\u03a1\u0391","UserName":"neolera","Date":"Thu May 14 23:05:35 +0000 2015","icon":"http:\/\/pbs.twimg.com\/profile_images\/1445846065\/avatar_normal.jpg","BelongsTo":"\u039a\u039f\u03a5\u03a4\u03a3\u039f\u03a5\u039c\u03a0\u0391\u03a3","size":"small","name":"basic-graph"},{"Tweet":"\u039a\u03bf\u03c5\u03c4\u03c3\u03bf\u03cd\u03bc\u03c0\u03b1\u03c2: \u039d\u03ad\u03bf \u039c\u03bd\u03b7\u03bc\u03cc\u03bd\u03b9\u03bf \u03bc\u03b5 \u00ab\u03b1\u03c1\u03b9\u03c3\u03c4\u03b5\u03c1\u03cc\u00bb \u03c0\u03b5\u03c1\u03b9\u03c4\u03cd\u03bb\u03b9\u03b3\u03bc\u03b1 \u03b7 \u03c3\u03c5\u03bc\u03c6\u03c9\u03bd\u03af\u03b1","UserName":"\u30b1\u30c4\u30a8\u30fc\u30b9","Date":"Thu May 14 22:47:32 +0000 2015","icon":"http:\/\/pbs.twimg.com\/profile_images\/423365438915887104\/dDrCM69D_normal.jpeg","BelongsTo":"\u039a\u039f\u03a5\u03a4\u03a3\u039f\u03a5\u039c\u03a0\u0391\u03a3","size":"small","name":"basic-graph"},{"Tweet":"\u0394. \u039a\u03bf\u03c5\u03c4\u03c3\u03bf\u03cd\u03bc\u03c0\u03b1\u03c2: \u039d\u03c4\u03c1\u03bf\u03c0\u03ae \u03b7 \u03ba\u03c5\u03b2\u03ad\u03c1\u03bd\u03b7\u03c3\u03b7 \u03bd\u03b1 \u03c0\u03c1\u03bf\u03c3\u03c0\u03b1\u03b8\u03ae\u03c3\u03b5\u03b9 \u03bd\u03b1 \u03b5\u03ba\u03b2\u03b9\u03ac\u03c3\u03b5\u03b9 \u03c4\u03b7 \u03c3\u03c4\u03ae\u03c1\u03b9\u03be\u03b7 \u03c4\u03bf\u03c5 \u03bb\u03b1\u03bf\u03cd \u03bc\u03b5 \u03b4\u03b7\u03bc\u03bf\u03c8\u03ae\u03c6\u03b9\u03c3\u03bc\u03b1 - See more at:...","UserName":"Gkerilla","Date":"Thu May 14 20:54:57 +0000 2015","icon":"http:\/\/pbs.twimg.com\/profile_images\/2348921680\/dhddfhd_normal.jpg","BelongsTo":"\u039a\u039f\u03a5\u03a4\u03a3\u039f\u03a5\u039c\u03a0\u0391\u03a3","size":"small","name":"basic-graph"},{"Tweet":"\u039a\u03bf\u03c5\u03c4\u03c3\u03bf\u03cd\u03bc\u03c0\u03b1\u03c2: \u039d\u03ad\u03bf \u03bc\u03bd\u03b7\u03bc\u03cc\u03bd\u03b9\u03bf \u03bc\u03b5 \u03b1\u03c1\u03b9\u03c3\u03c4\u03b5\u03c1\u03cc \u03c0\u03b5\u03c1\u03b9\u03c4\u03cd\u03bb\u03b9\u03b3\u03bc\u03b1:...","UserName":"\u03b5\u03c6\u03b7\u03bc\u03b5\u03c1\u03af\u03b4\u03b1 \u03b4\u03b7\u03bc\u03bf\u03ba\u03c1\u03b1\u03c4\u03af\u03b1","Date":"Thu May 14 18:42:53 +0000 2015","icon":"http:\/\/pbs.twimg.com\/profile_images\/2158837848\/Capture_normal.JPG","BelongsTo":"\u039a\u039f\u03a5\u03a4\u03a3\u039f\u03a5\u039c\u03a0\u0391\u03a3","size":"small","name":"basic-graph"},{"Tweet":"\u039a\u03bf\u03c5\u03c4\u03c3\u03bf\u03cd\u03bc\u03c0\u03b1\u03c2: \u0397 \u03ba\u03c5\u03b2\u03b5\u03c1\u03bd\u03b7\u03c4\u03b9\u03ba\u03ae \u03c0\u03bf\u03bb\u03b9\u03c4\u03b9\u03ba\u03ae \u03b5\u03af\u03bd\u03b1\u03b9 \u03b1\u03bd\u03c4\u03b9\u03bb\u03b1\u03ca\u03ba\u03ae \u03bc\u03b5 \u03b1\u03c1\u03b9\u03c3\u03c4\u03b5\u03c1\u03cc \u03c0\u03b5\u03c1\u03b9\u03c4\u03cd\u03bb\u03b9\u03b3\u03bc\u03b1","UserName":"Newsbomb Economy ","Date":"Thu May 14 18:42:42 +0000 2015","icon":"http:\/\/pbs.twimg.com\/profile_images\/568368129248464896\/7t8YQ1lh_normal.jpeg","BelongsTo":"\u039a\u039f\u03a5\u03a4\u03a3\u039f\u03a5\u039c\u03a0\u0391\u03a3","size":"small","name":"basic-graph"},{"Tweet":"\u039a\u03bf\u03c5\u03c4\u03c3\u03bf\u03cd\u03bc\u03c0\u03b1\u03c2: \u00ab\u039d\u03ad\u03bf \u039c\u03bd\u03b7\u03bc\u03cc\u03bd\u03b9\u03bf \u03bc\u03b5 \"\u03b1\u03c1\u03b9\u03c3\u03c4\u03b5\u03c1\u03cc\" \u03c0\u03b5\u03c1\u03b9\u03c4\u03cd\u03bb\u03b9\u03b3\u03bc\u03b1 \u03b7 \u03bd\u03ad\u03b1 \u03c3\u03c5\u03bc\u03c6\u03c9\u03bd\u03af\u03b1\u00bb","UserName":"\u03a0\u03ac\u03c1\u03b7\u03c2","Date":"Thu May 14 17:42:50 +0000 2015","icon":"http:\/\/pbs.twimg.com\/profile_images\/597412847677743106\/MBtLLIwr_normal.jpg","BelongsTo":"\u039a\u039f\u03a5\u03a4\u03a3\u039f\u03a5\u039c\u03a0\u0391\u03a3","size":"small","name":"basic-graph"},{"Tweet":"\u0394\u03b7\u03bc. \u039a\u03bf\u03c5\u03c4\u03c3\u03bf\u03cd\u03bc\u03c0\u03b1\u03c2: \u039d\u03ad\u03bf \u039c\u03bd\u03b7\u03bc\u03cc\u03bd\u03b9\u03bf \u03bc\u03b5 \"\u03b1\u03c1\u03b9\u03c3\u03c4\u03b5\u03c1\u03cc\" \u03c0\u03b5\u03c1\u03b9\u03c4\u03cd\u03bb\u03b9\u03b3\u03bc\u03b1 \u03b7 \u03bd\u03ad\u03b1 \u03c3\u03c5\u03bc\u03c6\u03c9\u03bd\u03af\u03b1 | \u039b\u03b1\u03bc\u03b9\u03b1\u03ba\u03cc\u03c2 \u03a4\u03cd\u03c0\u03bf\u03c2","UserName":"\u039b\u03b1\u03bc\u03b9\u03b1\u03ba\u03cc\u03c2 \u03a4\u03cd\u03c0\u03bf\u03c2","Date":"Thu May 14 17:25:23 +0000 2015","icon":"http:\/\/pbs.twimg.com\/profile_images\/378800000514258970\/46315ebc18e271359e0912153f47de1e_normal.png","BelongsTo":"\u039a\u039f\u03a5\u03a4\u03a3\u039f\u03a5\u039c\u03a0\u0391\u03a3","size":"small","name":"basic-graph"},{"Tweet":"\u039f \u0393\u0393 \u03c4\u03b7\u03c2 \u039a\u0395 \u03c4\u03bf\u03c5 \u039a\u039a\u0395, \u0394\u03b7\u03bc\u03ae\u03c4\u03c1\u03b7\u03c2 \u039a\u03bf\u03c5\u03c4\u03c3\u03bf\u03cd\u03bc\u03c0\u03b1\u03c2, \u03b8\u03b1 \u03c0\u03b1\u03c1\u03b5\u03c5\u03c1\u03b5\u03b8\u03b5\u03af \u03c3\u03c4\u03b7 \u03c3\u03c5\u03bd\u03b1\u03c5\u03bb\u03af\u03b1 \u03c4\u03bf\u03c5 \u0398\u03ac\u03bd\u03bf\u03c5 \u039c\u03b9\u03ba\u03c1\u03bf\u03cd\u03c4\u03c3\u03b9\u03ba\u03bf\u03c5 \u03c4\u03bf \u03a3\u03ac\u03b2\u03b2\u03b1\u03c4\u03bf 16 \u039c\u03ac\u03b7...","UserName":"Peristylio","Date":"Wed May 13 17:57:16 +0000 2015","icon":"http:\/\/pbs.twimg.com\/profile_images\/570234423178563584\/xi-t_XX3_normal.jpeg","BelongsTo":"\u039a\u039f\u03a5\u03a4\u03a3\u039f\u03a5\u039c\u03a0\u0391\u03a3","size":"small","name":"basic-graph"}],"links":[{"source":1,"target":0},{"source":2,"target":0},{"source":3,"target":0},{"source":4,"target":0},{"source":5,"target":0},{"source":6,"target":0},{"source":7,"target":0},{"source":8,"target":0},{"source":9,"target":0},{"source":10,"target":0},{"source":11,"target":0},{"source":12,"target":0},{"source":13,"target":0},{"source":14,"target":0}]}