{"nodes":[{"Tweet":"Deputy","UserName":"\u039c\u03a0\u0391\u039b\u0391\u03a6\u0391\u03a3","Date":"null","icon":"http:\/\/content-mcdn.ethnos.gr\/filesystem\/images\/20121124\/low\/2012042903685_120707355.jpg","BelongsTo":"null","size":"big","name":"basic-graph"},{"Tweet":"\u039c\u03c0\u03b1\u03bb\u03ac\u03c6\u03b1\u03c2: \u03a4\u03bf Eurogroup \u03b5\u03af\u03bd\u03b1\u03b9 \u03c3\u03ba\u03bb\u03b7\u03c1\u03bf\u03af \u03b4\u03b9\u03b1\u03c0\u03c1\u03b1\u03b3\u03bc\u03b1\u03c4\u03b5\u03c5\u03c4\u03ad\u03c2 \u03c4\u03bf\u03c5 \u03ba\u03b5\u03c1\u03b1\u03c4\u03ac","UserName":"Kangouriki","Date":"Thu May 14 00:44:06 +0000 2015","icon":"http:\/\/pbs.twimg.com\/profile_images\/476307424165384192\/qjBH5WEg_normal.jpeg","BelongsTo":"\u039c\u03a0\u0391\u039b\u0391\u03a6\u0391\u03a3","size":"small","name":"basic-graph"},{"Tweet":"\u039c\u03c0\u03b1\u03bb\u03ac\u03c6\u03b1\u03c2: \u03a4\u03bf \u03bc\u03bd\u03b7\u03bc\u03cc\u03bd\u03b9\u03bf \u03cc\u03c0\u03c9\u03c2 \u03c4\u03bf \u03be\u03ad\u03c1\u03b1\u03bc\u03b5 \u03b4\u03b5\u03bd \u03c5\u03c0\u03ac\u03c1\u03c7\u03b5\u03b9","UserName":"Meletis Rentoumis","Date":"Wed May 13 23:38:05 +0000 2015","icon":"http:\/\/pbs.twimg.com\/profile_images\/2786684134\/8e39fa4db0ff5e975c079ae7b7d1f25e_normal.png","BelongsTo":"\u039c\u03a0\u0391\u039b\u0391\u03a6\u0391\u03a3","size":"small","name":"basic-graph"},{"Tweet":"Mpalafas ta blepw... Eurogroup Casino... \u039c\u03c0\u03af\u03bb\u03b9\u03b1 \u03c3\u03c4\u03bf\u03bd \u03a6\u03a0\u0391. \u039c\u03c0\u03bb\u03b1\u03ba \u03c4\u03b6\u03b1\u03ba \u03c3\u03c4\u03bf\u03bd \u0395\u039d\u03a6\u0399\u0391. Texas holdem \u03c4\u03bf \u03c6\u03bf\u03c1\u03bf\u03bb\u03bf\u03b3\u03b9\u03ba\u2026","UserName":"Liaki","Date":"Wed May 13 22:30:26 +0000 2015","icon":"http:\/\/pbs.twimg.com\/profile_images\/578553817253441537\/7fSAzSZu_normal.jpeg","BelongsTo":"\u039c\u03a0\u0391\u039b\u0391\u03a6\u0391\u03a3","size":"small","name":"basic-graph"},{"Tweet":"Mpalafas ta blepw... Eurogroup Casino... \u039c\u03c0\u03af\u03bb\u03b9\u03b1 \u03c3\u03c4\u03bf\u03bd \u03a6\u03a0\u0391. \u039c\u03c0\u03bb\u03b1\u03ba \u03c4\u03b6\u03b1\u03ba \u03c3\u03c4\u03bf\u03bd \u0395\u039d\u03a6\u0399\u0391. Texas holdem \u03c4\u03bf \u03c6\u03bf\u03c1\u03bf\u03bb\u03bf\u03b3\u03b9\u03ba\u03cc.","UserName":"Christos Boursinos","Date":"Wed May 13 22:29:38 +0000 2015","icon":"http:\/\/pbs.twimg.com\/profile_images\/2816492340\/58c5c3b4f7fcf71e47a581ab7889458e_normal.jpeg","BelongsTo":"\u039c\u03a0\u0391\u039b\u0391\u03a6\u0391\u03a3","size":"small","name":"basic-graph"},{"Tweet":"\u03a4\u03b9 \u03c4\u03bf\u03bd \u03c1\u03c9\u03c4\u03ac\u03c4\u03b5 \u03b3\u03b9\u03b1 \u03c4\u03bf \u03a6\u03a0\u0391, \u03b5\u03b4\u03ce \u03b4\u03b5\u03bd \u03be\u03ad\u03c1\u03b5\u03b9 \u03b1\u03bd \u03ad\u03c7\u03bf\u03c5\u03bc\u03b5 \u03bc\u03bd\u03b7\u03bc\u03cc\u03bd\u03b9\u03bf?!","UserName":"Blue Dragon","Date":"Wed May 13 22:20:49 +0000 2015","icon":"http:\/\/pbs.twimg.com\/profile_images\/3555861119\/334f7513162d4997cd3262b71ac65fee_normal.png","BelongsTo":"\u039c\u03a0\u0391\u039b\u0391\u03a6\u0391\u03a3","size":"small","name":"basic-graph"},{"Tweet":"\u03b1\u03c0\u03bf \u03c4\u03bf\u03c5\u03c2 \u03ba\u03b5\u03c1\u03b1\u03c4\u03b1\u03b4\u03b5\u03c2 \u03b6\u03b7\u03c4\u03b1\u03c2 \u03bb\u03b5\u03c6\u03c4\u03b1....\u03c4\u03bf \u03be\u03b5\u03c7\u03bd\u03b1\u03c2;","UserName":"konstantinos I.V.","Date":"Wed May 13 22:18:35 +0000 2015","icon":"http:\/\/pbs.twimg.com\/profile_images\/425680540222914560\/8ud0yisY_normal.jpeg","BelongsTo":"\u039c\u03a0\u0391\u039b\u0391\u03a6\u0391\u03a3","size":"small","name":"basic-graph"},{"Tweet":"\u03a3\u0391\u039d\u039f\u03a6\u0391\u0393\u039f\u0399 \u0393\u0399\u0391 \u03a3\u0391\u03a3 \u03a4\u0391 \u039b\u0395\u0395\u0399. \u0396\u03a9\u0391 \u039c\u03c0\u03b1\u03bb\u03ac\u03c6\u03b1\u03c2: \u0395\u03bc\u03b5\u03af\u03c2 \u03b4\u03b5\u03bd \u03b5\u03af\u03c0\u03b1\u03bc\u03b5 \u03c0\u03bf\u03c4\u03ad \u03b3\u03b9\u03b1 \u03c3\u03ba\u03af\u03c3\u03b9\u03bc\u03bf \u03bc\u03bd\u03b7\u03bc\u03bf\u03bd\u03af\u03bf\u03c5","UserName":"Penelope D","Date":"Wed May 13 19:46:00 +0000 2015","icon":"http:\/\/pbs.twimg.com\/profile_images\/1627665975\/MH900399874_normal.JPG","BelongsTo":"\u039c\u03a0\u0391\u039b\u0391\u03a6\u0391\u03a3","size":"small","name":"basic-graph"},{"Tweet":"\u0393\u03b9\u03ac\u03bd\u03bd\u03b7\u03c2 \u039c\u03c0\u03b1\u03bb\u03ac\u03c6\u03b1\u03c2: \u0394\u03b5\u03bd \u03b1\u03c0\u03bf\u03b4\u03b5\u03c7\u03cc\u03bc\u03b1\u03c3\u03c4\u03b5 \u03c4\u03bf \u03bc\u03bd\u03b7\u03bc\u03cc\u03bd\u03b9\u03bf - \u0398\u03b1 \u03b5\u03c4\u03bf\u03b9\u03bc\u03ac\u03c3\u03bf\u03c5\u03bc\u03b5 \u03b4\u03b9\u03ba\u03cc \u03bc\u03b1\u03c2 \u03c0\u03c1\u03cc\u03b3\u03c1\u03b1\u03bc\u03bc\u03b1","UserName":"Make my day malaka","Date":"Wed May 13 19:17:30 +0000 2015","icon":"http:\/\/pbs.twimg.com\/profile_images\/459389046628687872\/pGtBEKoU_normal.jpeg","BelongsTo":"\u039c\u03a0\u0391\u039b\u0391\u03a6\u0391\u03a3","size":"small","name":"basic-graph"},{"Tweet":"\u039c\u03c0\u03b1\u03bb\u03ac\u03c6\u03b1\u03c2: \u0395\u03af\u03c0\u03b1\u03bc\u03b5 \u03b5\u03bc\u03b5\u03af\u03c2 \u03cc\u03c4\u03b9 \u03b8\u03b1 \u03c3\u03ba\u03af\u03c3\u03bf\u03c5\u03bc\u03b5 \u03c4\u03b1 \u03bc\u03bd\u03b7\u03bc\u03cc\u03bd\u03b9\u03b1; -","UserName":"\u03a4\u03b6\u03bf\u03c5\u03b2\u03ac\u03c1\u03b1\u03c2 \u0393\u03b9\u03ce\u03c1\u03b3\u03bf\u03c2","Date":"Wed May 13 18:32:25 +0000 2015","icon":"http:\/\/pbs.twimg.com\/profile_images\/1756410996\/DSC00009_normal.JPG","BelongsTo":"\u039c\u03a0\u0391\u039b\u0391\u03a6\u0391\u03a3","size":"small","name":"basic-graph"},{"Tweet":"\u039c\u03c0\u03b1\u03bb\u03ac\u03c6\u03b1\u03c2: \u03a0\u03bf\u03c4\u03ad \u03b4\u03b5\u03bd \u03b5\u03af\u03c0\u03b1\u03bc\u03b5 \u03c0\u03c1\u03bf\u03b5\u03ba\u03bb\u03bf\u03b3\u03b9\u03ba\u03ac \u03cc\u03c4\u03b9 \u03b8\u03b1 \u03c3\u03ba\u03af\u03c3\u03bf\u03c5\u03bc\u03b5 \u03bc\u03bd\u03b7\u03bc\u03cc\u03bd\u03b9\u03b1","UserName":"Greek-iNews.gr","Date":"Wed May 13 17:56:37 +0000 2015","icon":"http:\/\/pbs.twimg.com\/profile_images\/3517859330\/b180dab3c80317a51909554dc9b9371f_normal.jpeg","BelongsTo":"\u039c\u03a0\u0391\u039b\u0391\u03a6\u0391\u03a3","size":"small","name":"basic-graph"}],"links":[{"source":1,"target":0},{"source":2,"target":0},{"source":3,"target":0},{"source":4,"target":0},{"source":5,"target":0},{"source":6,"target":0},{"source":7,"target":0},{"source":8,"target":0},{"source":9,"target":0},{"source":10,"target":0}]}