{"nodes":[{"Tweet":"Deputy","UserName":"\u03a4\u03a3\u0399\u03a0\u03a1\u0391\u03a3","Date":"null","icon":"http:\/\/asset.tovima.gr\/vimawebstatic\/\/4FD08321545B960CB4040B951F17DB40.jpg","BelongsTo":"null","size":"big","name":"basic-graph"},{"Tweet":"\u0391\u03a0\u039f\u039a\u039b\u0395\u0399\u03a3\u03a4\u0399\u039a\u039f","UserName":"Nikki Kar.","Date":"Thu May 14 20:59:09 +0000 2015","icon":"http:\/\/pbs.twimg.com\/profile_images\/574250319380549633\/tqHlFc23_normal.jpeg","BelongsTo":"\u03a4\u03a3\u0399\u03a0\u03a1\u0391\u03a3","size":"small","name":"basic-graph"},{"Tweet":"\u03a3\u03c5\u03bd\u03ac\u03bd\u03c4\u03b7\u03c3\u03b7 \u03a4\u03c3\u03af\u03c0\u03c1\u03b1 \u03bc\u03b5 \u03b1\u03bd\u03c4\u03b9\u03c0\u03c1\u03bf\u03c3\u03c9\u03c0\u03b5\u03af\u03b1 \u03c4\u03c9\u03bd Olympics via","UserName":"Antenna News","Date":"Thu May 14 20:54:54 +0000 2015","icon":"http:\/\/pbs.twimg.com\/profile_images\/522717332980776962\/Ad9VZLaz_normal.jpeg","BelongsTo":"\u03a4\u03a3\u0399\u03a0\u03a1\u0391\u03a3","size":"small","name":"basic-graph"},{"Tweet":"\u039c\u03ac\u03bb\u03bb\u03bf\u03bd \u03c0\u03ac\u03c7\u03c5\u03bd\u03b5","UserName":"George Mitakides","Date":"Thu May 14 20:43:54 +0000 2015","icon":"http:\/\/pbs.twimg.com\/profile_images\/3152159992\/02a42ba5d2eed03ddc2329936dba18f0_normal.jpeg","BelongsTo":"\u03a4\u03a3\u0399\u03a0\u03a1\u0391\u03a3","size":"small","name":"basic-graph"},{"Tweet":"\u03a4\u03bf \u03b1\u03c0\u03cc\u03c6\u03b8\u03b5\u03b3\u03bc\u03b1 \u03c4\u03b7\u03c2 .... \u03ba\u03b1\u03bb\u03b7\u03bd\u03cd\u03c7\u03c4\u03b1\u03c2","UserName":"LaSTofTRoiKaNS","Date":"Thu May 14 20:39:49 +0000 2015","icon":"http:\/\/pbs.twimg.com\/profile_images\/551495231158243328\/vxAjdo6-_normal.jpeg","BelongsTo":"\u03a4\u03a3\u0399\u03a0\u03a1\u0391\u03a3","size":"small","name":"basic-graph"},{"Tweet":"\u03a4\u03c3\u03af\u03c0\u03c1\u03b1\u03c2: \u0397 \u03b4\u03cd\u03bd\u03b1\u03bc\u03b7 \u03c4\u03c9\u03bd \u03b1\u03b8\u03bb\u03b7\u03c4\u03ce\u03bd \u03c4\u03c9\u03bd Special Olympics \u03b5\u03af\u03bd\u03b1\u03b9 \u03c0\u03b1\u03c1\u03ac\u03b4\u03b5\u03b9\u03b3\u03bc\u03b1 (pics)","UserName":"newsbomb.gr","Date":"Thu May 14 20:33:41 +0000 2015","icon":"http:\/\/pbs.twimg.com\/profile_images\/527408728056676353\/tMFW4GEE_normal.jpeg","BelongsTo":"\u03a4\u03a3\u0399\u03a0\u03a1\u0391\u03a3","size":"small","name":"basic-graph"},{"Tweet":"\u03b5\u03b9\u03c3\u03b1\u03b9 \u03c3\u03b9\u03b3\u03bf\u03c5\u03c1\u03bf\u03c2 \u03bf\u03c4\u03b9 \u03b8\u03b1 \u03b5\u03b9\u03bd\u03b1\u03b9 \u03b5\u03bd\u03c4\u03b9\u03bc\u03bf\u03c2??\u03b3\u03b9\u03b1 \u03c0\u03bf\u03b9\u03bf\u03bd??","UserName":"Anna Mpogiatzian","Date":"Thu May 14 20:32:03 +0000 2015","icon":"http:\/\/pbs.twimg.com\/profile_images\/498067538584952833\/tQlQMqnv_normal.jpeg","BelongsTo":"\u03a4\u03a3\u0399\u03a0\u03a1\u0391\u03a3","size":"small","name":"basic-graph"},{"Tweet":"\u03a4\u03b7 \u03c3\u03c4\u03ae\u03c1\u03b9\u03be\u03b7 \u03c4\u03b7\u03c2 \u03bf\u03bc\u03bf\u03b3\u03ad\u03bd\u03b5\u03b9\u03b1\u03c2 \u03b6\u03ae\u03c4\u03b7\u03c3\u03b5 \u03bf \u0391\u03bb. \u03a4\u03c3\u03af\u03c0\u03c1\u03b1\u03c2, \u03c3\u03c4\u03b7 \u03c3\u03c5\u03bd\u03ac\u03bd\u03c4\u03b7\u03c3\u03b7 \u03bc\u03b5 \u03b1\u03bd\u03c4\u03b9\u03c0\u03c1\u03bf\u03c3\u03c9\u03c0\u03b5\u03af\u03b1 \u03c4\u03c9\u03bd \u0391\u03a7\u0395\u03a0\u0391 via","UserName":"Basilio Petkidis","Date":"Thu May 14 20:27:26 +0000 2015","icon":"http:\/\/pbs.twimg.com\/profile_images\/378800000186107581\/fd3adc5d4a9c31f2a6b41618153c5e32_normal.jpeg","BelongsTo":"\u03a4\u03a3\u0399\u03a0\u03a1\u0391\u03a3","size":"small","name":"basic-graph"},{"Tweet":"\"\u039d\u03b1 \u03c6\u03cd\u03b3\u03b5\u03b9 \u03bf \u03a4\u03c3\u03af\u03c0\u03c1\u03b1\u03c2, \u03bd\u03b1 \u03ad\u03c1\u03b8\u03bf\u03c5\u03bc\u03b5 \u03b5\u03bc\u03b5\u03af\u03c2\"","UserName":"Wananchi Wa Dunia","Date":"Thu May 14 20:10:35 +0000 2015","icon":"http:\/\/pbs.twimg.com\/profile_images\/555454797843668992\/dfflIpQW_normal.png","BelongsTo":"\u03a4\u03a3\u0399\u03a0\u03a1\u0391\u03a3","size":"small","name":"basic-graph"},{"Tweet":"\u0394\u03b9\u03b1\u03c8\u03b5\u03cd\u03b4\u03b5\u03c4\u03b1\u03b9 \u03b7 \u03c0\u03bb\u03b7\u03c1\u03bf\u03c6\u03bf\u03c1\u03af\u03b1 \u03cc\u03c4\u03b9 \u03b3\u03b9\u03b1 \u03bd\u03b1 \u03bc\u03b7\u03bd \u03c0\u03ac\u03b5\u03b9 \u03c3\u03c4\u03b7\u03bd \u0392\u03bf\u03c5\u03bb\u03ae, \u03c0\u03bf\u03c3\u03c4\u03ac\u03c1\u03b1\u03bd\u03b5 \"Nepal Earthquake Tsipras Alexis He says he's in the affected area\"","UserName":"Tasos Kourkoutas","Date":"Thu May 14 20:02:26 +0000 2015","icon":"http:\/\/pbs.twimg.com\/profile_images\/2421046675\/zrub7vgsjoszxls78en6_normal.jpeg","BelongsTo":"\u03a4\u03a3\u0399\u03a0\u03a1\u0391\u03a3","size":"small","name":"basic-graph"},{"Tweet":"\u03b7 \u03b1\u03c6\u03ae\u03b3\u03b7\u03c3\u03b7 \u03c4\u03b7\u03c2 \u03b4\u03c1\u03b1\u03c7\u03bc\u03ae\u03c2!","UserName":"True Democracy","Date":"Thu May 14 19:53:27 +0000 2015","icon":"http:\/\/pbs.twimg.com\/profile_images\/3758419537\/c063badbcbe3c4cd0c9cc3d0780a5544_normal.jpeg","BelongsTo":"\u03a4\u03a3\u0399\u03a0\u03a1\u0391\u03a3","size":"small","name":"basic-graph"},{"Tweet":"\u0397 \u03b1\u03bb\u03ae\u03b8\u03b5\u03b9\u03b1 \u03c0\u03bf\u03c5 \u03bc\u03b1\u03c2 \u03ba\u03c1\u03cd\u03b2\u03b5\u03b9 \u03bf \u03ba\u03bf\u03c2 \u03a4\u03c3\u03af\u03c0\u03c1\u03b1\u03c2 \u03b3\u03b9\u03b1 \u03c4\u03b1 \u03b4\u03ac\u03bd\u03b5\u03b9\u03b1 \u03b1\u03c0\u03cc \u03c4\u03bf\u03c5\u03c2 BRICS","UserName":"iNewsgr.com","Date":"Thu May 14 19:50:01 +0000 2015","icon":"http:\/\/pbs.twimg.com\/profile_images\/1143965130\/inews_normal.jpg","BelongsTo":"\u03a4\u03a3\u0399\u03a0\u03a1\u0391\u03a3","size":"small","name":"basic-graph"},{"Tweet":"Voice News - \u0395\u03b9\u03b4\u03ae\u03c3\u03b5\u03b9\u03c2 - \u03a0\u0391\u03a3\u039f\u039a: \u039f \u03a4\u03c3\u03af\u03c0\u03c1\u03b1\u03c2 \u03b1\u03c0\u03bf\u03c6\u03b5\u03cd\u03b3\u03b5\u03b9 \u03c4\u03b7\u03bd \u03b5\u03bd\u03b7\u03bc\u03ad\u03c1\u03c9\u03c3\u03b7 \u03c4\u03b7\u03c2 \u0392\u03bf\u03c5\u03bb\u03ae\u03c2 \u03b3\u03b9\u03b1 \u03c4\u03b7\u03bd \u03c0\u03bf\u03c1\u03b5\u03af\u03b1 \u03c4\u03b7\u03c2...","UserName":"Rodos Fm","Date":"Thu May 14 19:49:03 +0000 2015","icon":"http:\/\/pbs.twimg.com\/profile_images\/1612547429\/image_normal.jpg","BelongsTo":"\u03a4\u03a3\u0399\u03a0\u03a1\u0391\u03a3","size":"small","name":"basic-graph"},{"Tweet":"To\u03bd \u0399\u03bf\u03cd\u03bb\u03b9\u03bf \u03b7 \u03c5\u03c0\u03bf\u03b3\u03c1\u03b1\u03c6\u03ae \u03b3\u03b9\u03b1 \u03c4\u03b1 BRICS: \u039f \u0391.\u03a4\u03c3\u03af\u03c0\u03c1\u03b1\u03c2 \u03c3\u03c4\u03b7 \u03a3\u03cd\u03bd\u03bf\u03b4\u03bf \u039a\u03bf\u03c1\u03c5\u03c6\u03ae\u03c2 \u03c3\u03c4\u03b7\u03bd Ufa via","UserName":"\u039d\u03af\u03ba\u03bf\u03c2","Date":"Thu May 14 19:45:15 +0000 2015","icon":"http:\/\/pbs.twimg.com\/profile_images\/597841989934145536\/wgqSebP1_normal.jpg","BelongsTo":"\u03a4\u03a3\u0399\u03a0\u03a1\u0391\u03a3","size":"small","name":"basic-graph"},{"Tweet":"\u03a3\u03bf\u03c5 \u03bb\u03b5\u03b5\u03b9 \u03bf \u03c0\u03c1\u03bf\u03b3\u03c1\u03ac\u03bc\u03bc\u03b1\u03c4\u03bf\u03c2 12\u03b4. \u03a4\u03b1 6 \u03b8\u03b1 \u03c4\u03b1 \u03c0\u03b1\u03c1\u03bf\u03c5\u03bc\u03b5 \u03b1\u03c0\u03bf \u0395\u03a3\u03a0\u0391 \u03ba \u03a4\u03a7\u03a3 \u03c3\u03ba\u03af\u03b6\u03bf\u03bd\u03c4\u03b1\u03c2 \u03c4\u03bf \u03bc\u03bd\u03b7\u03bc\u03cc\u03bd\u03b9\u03bf. \u039a \u03c4\u03bf\u03bd \u03c8\u03b7\u03c6\u03af\u03b6\u03b5\u03b9\u03c2.\u0391\u03b5\u03c4\u03bf\u03c2...","UserName":"ThlimenosBoufos","Date":"Thu May 14 19:43:03 +0000 2015","icon":"http:\/\/pbs.twimg.com\/profile_images\/583245549220003840\/2O9bwN0O_normal.jpg","BelongsTo":"\u03a4\u03a3\u0399\u03a0\u03a1\u0391\u03a3","size":"small","name":"basic-graph"},{"Tweet":"\u03a0\u0391\u03a3\u039f\u039a: \u039f \u03a4\u03c3\u03af\u03c0\u03c1\u03b1\u03c2 \u03b1\u03bd\u03c4\u03b9\u03b4\u03c1\u03ac \u03b4\u03b9\u03b1 \u03c4\u03b7\u03c2 \u03ba\u03bf\u03b9\u03bd\u03bf\u03b2\u03bf\u03c5\u03bb\u03b5\u03c5\u03c4\u03b9\u03ba\u03ae\u03c2 \u03c6\u03c5\u03b3\u03bf\u03bc\u03b1\u03c7\u03af\u03b1\u03c2","UserName":"\u0394.\u039f.\u03a0\u0391\u03a3\u039f\u039a \u0399\u039b\u0399\u039f\u03a5","Date":"Thu May 14 19:24:48 +0000 2015","icon":"http:\/\/pbs.twimg.com\/profile_images\/378800000604815337\/84e01f58fd7eb776ac04b801d11f0e53_normal.jpeg","BelongsTo":"\u03a4\u03a3\u0399\u03a0\u03a1\u0391\u03a3","size":"small","name":"basic-graph"},{"Tweet":"\u03a3\u03c4\u03c1\u03b9\u03bc\u03c9\u03b3\u03bc\u03ad\u03bd\u03bf\u03c2 \u03c3\u03c4\u03b7 \u03b3\u03c9\u03bd\u03af\u03b1 \u03bf \u03a4\u03c3\u03af\u03c0\u03c1\u03b1\u03c2","UserName":"Antinews","Date":"Thu May 14 19:22:06 +0000 2015","icon":"http:\/\/pbs.twimg.com\/profile_images\/2057561352\/antinews31_normal.jpg","BelongsTo":"\u03a4\u03a3\u0399\u03a0\u03a1\u0391\u03a3","size":"small","name":"basic-graph"},{"Tweet":"\u03a4\u03bf \u03cc\u03bd\u03bf\u03bc\u03ac \u03c3\u03b1\u03c2 \u03c3\u03b7\u03bc\u03b1\u03af\u03bd\u03b5\u03b9: \u0395\u03af\u03c3\u03c4\u03b5 \u03c4\u03c5\u03c7\u03bf\u03b4\u03b9\u03ce\u03ba\u03c4\u03b7\u03c2, \u03bb\u03b1\u03ca\u03ba\u03b9\u03c3\u03c4\u03ae\u03c2 \u03ba\u03b1\u03b9 \u03c8\u03b5\u03cd\u03c4\u03b7\u03c2. \u039c\u03bf\u03b9\u03c1\u03ac\u03b6\u03b5\u03c4\u03b5 \u03c3\u03b1\u03bd\u03cc \u03c3\u03c4\u03b1 \u03b3\u03af\u03b4\u03b9\u03b1 \u03ba\u03b1\u03b9 \u03b1\u03c5\u03c4\u03bf\u03af \u03c3\u03b1\u03c2 \u03c7\u03b5\u03b9\u03c1\u03bf\u03ba\u03c1\u03bf\u03c4\u03bf\u03cd\u03bd.","UserName":"Dimitris Arvanitis","Date":"Thu May 14 19:20:37 +0000 2015","icon":"http:\/\/pbs.twimg.com\/profile_images\/491328358681030656\/kPIMWBaI_normal.jpeg","BelongsTo":"\u03a4\u03a3\u0399\u03a0\u03a1\u0391\u03a3","size":"small","name":"basic-graph"}],"links":[{"source":1,"target":0},{"source":2,"target":0},{"source":3,"target":0},{"source":4,"target":0},{"source":5,"target":0},{"source":6,"target":0},{"source":7,"target":0},{"source":8,"target":0},{"source":9,"target":0},{"source":10,"target":0},{"source":11,"target":0},{"source":12,"target":0},{"source":13,"target":0},{"source":14,"target":0},{"source":15,"target":0},{"source":16,"target":0},{"source":17,"target":0}]}