{"nodes":[{"name":"main","size":"big","icon":"..\/backend\/assets\/center.png","Type":"M"},{"name":"\u039a\u03a5\u03a1\u0399\u0391\u039a\u039f\u03a3 \u039c\u0397\u03a4\u03a3\u039f\u03a4\u0391\u039a\u0397\u03a3","size":"small","icon":"http:\/\/www.lifo.gr\/uploads\/image\/768220\/%CE%9C%CE%B7%CF%84%CF%83%CE%BF%CF%84%CE%AC%CE%BA%CE%B7%CF%824.jpg","Type":"D"},{"name":"\u039d.\u0394.\n","size":"normal","icon":"\/PoliticalTweets\/backend\/assets\/nd.jpg","Type":"P"},{"name":"\u0391\u039b\u0395\u039e\u0399\u039f\u03a3 \u039c\u0397\u03a4\u03a1\u039f\u03a0\u039f\u03a5\u039b\u039f\u03a3","size":"small","icon":"http:\/\/www.eklogika.gr\/uploads\/files\/vouleutes-new\/mitropoulos.jpg","Type":"D"},{"name":"\u03a3\u03a5\u03a1\u0399\u0396\u0391\n","size":"normal","icon":"\/PoliticalTweets\/backend\/assets\/syriza.jpg","Type":"P"}],"links":[{"source":2,"target":1},{"source":0,"target":2},{"source":0,"target":4},{"source":0,"target":2},{"source":4,"target":3},{"source":0,"target":4}]}