{"nodes":[{"Tweet":"Deputy","UserName":"\u039c\u0397\u03a4\u03a3\u039f\u03a4\u0391\u039a\u0397\u03a3","Date":"null","icon":"http:\/\/www.lifo.gr\/uploads\/image\/768220\/%CE%9C%CE%B7%CF%84%CF%83%CE%BF%CF%84%CE%AC%CE%BA%CE%B7%CF%824.jpg","BelongsTo":"null","size":"big","name":"basic-graph"},{"Tweet":"\u038c\u03c4\u03b1\u03bd \u03bf \u039c\u03b7\u03c4\u03c3\u03bf\u03c4\u03ac\u03ba\u03b7\u03c2 \u03c0\u03c1\u03bf\u03ad\u03b2\u03bb\u03b5\u03c8\u03b5 \u03c4\u03b7\u03bd \u03c7\u03c1\u03b5\u03bf\u03ba\u03bf\u03c0\u03af\u03b1 (1998) -","UserName":"Lentulus Batiatus","Date":"Thu May 14 06:55:51 +0000 2015","icon":"http:\/\/pbs.twimg.com\/profile_images\/496696777664262145\/oLgEnyV__normal.jpeg","BelongsTo":"\u039c\u0397\u03a4\u03a3\u039f\u03a4\u0391\u039a\u0397\u03a3","size":"small","name":"basic-graph"},{"Tweet":"\u039d\u0395\u039f\u039b\u0395\u03a1\u0391","UserName":"neolera","Date":"Thu May 14 04:01:50 +0000 2015","icon":"http:\/\/pbs.twimg.com\/profile_images\/1445846065\/avatar_normal.jpg","BelongsTo":"\u039c\u0397\u03a4\u03a3\u039f\u03a4\u0391\u039a\u0397\u03a3","size":"small","name":"basic-graph"},{"Tweet":"\u039f \u039a\u03c5\u03c1\u03b9\u03ac\u03ba\u03bf\u03c2 \u039c\u03b7\u03c4\u03c3\u03bf\u03c4\u03ac\u03ba\u03b7\u03c2 \u03c0\u03bf\u03c5 \u03c3\u03ba\u03b1\u03c4\u03ac \u03ad\u03ba\u03c1\u03c5\u03b2\u03b5 \u03c4\u03cc\u03c3\u03bf \u03c4\u03c3\u03b1\u03bc\u03c0\u03bf\u03c5\u03ba\u03ac \u03c4\u03cc\u03c3\u03b1 \u03c7\u03c1\u03bf\u03bd\u03b9\u03b1; \u03a4\u03b9 \u03c6\u03ac\u03c3\u03b7; \u039c\u03c0\u03bb\u03ad \u03b1\u03af\u03bc\u03b1 \u03c0\u03af\u03bd\u03b5\u03b9; \ud83d\udc40","UserName":"velocity69","Date":"Wed May 13 23:10:41 +0000 2015","icon":"http:\/\/pbs.twimg.com\/profile_images\/583293479444488192\/QWIkk70V_normal.jpg","BelongsTo":"\u039c\u0397\u03a4\u03a3\u039f\u03a4\u0391\u039a\u0397\u03a3","size":"small","name":"basic-graph"},{"Tweet":"\u03ad\u03bd\u03b1 \u03ba\u03ac\u03c4\u03b9 \u03bc\u03bf\u03c5 \u03ba\u03b1\u03bd\u03b5\u03b9 \u03c4\u03ce\u03c1\u03b1..","UserName":"velocity69","Date":"Wed May 13 22:46:27 +0000 2015","icon":"http:\/\/pbs.twimg.com\/profile_images\/583293479444488192\/QWIkk70V_normal.jpg","BelongsTo":"\u039c\u0397\u03a4\u03a3\u039f\u03a4\u0391\u039a\u0397\u03a3","size":"small","name":"basic-graph"},{"Tweet":"\u039a\u03b1\u03b9 \u03b5\u03b3\u03ce \u03ad\u03c7\u03c9 \u03ba\u03b1\u03c4\u03b1\u03c3\u03c4\u03b5\u03bd\u03b1\u03c7\u03c9\u03c1\u03b7\u03b8\u03b5\u03af \u03bc\u03b5 \u03c4\u03b7\u03bd \u03b5\u03c0\u03af\u03b8\u03b5\u03c3\u03b7 \u03c3\u03c4\u03bf\u03bd \u0386\u03b3\u03b9\u03bf \u03a3\u03c4\u03bf\u03c5\u03c1\u03bd\u03ac\u03c1\u03b1. \u03a4\u03bf\u03bd \u03ba\u03b1\u03ba\u03cc\u03bc\u03bf\u03b9\u03c1\u03bf, \u03ac\u03b4\u03b9\u03ba\u03bf, \u03bc\u03b5\u03b3\u03ac\u03bb\u03bf \u03ac\u03b4\u03b9\u03ba\u03bf...","UserName":"Nikos Birbakos","Date":"Wed May 13 22:09:09 +0000 2015","icon":"http:\/\/pbs.twimg.com\/profile_images\/1250917999\/30625_1464583095175_1251439988_31296890_2445117_n_normal.jpg","BelongsTo":"\u039c\u0397\u03a4\u03a3\u039f\u03a4\u0391\u039a\u0397\u03a3","size":"small","name":"basic-graph"},{"Tweet":"\u0395\u03af\u03c0\u03b1 \u03ba\u03b1\u03bb\u03cc \u03c4\u03b1\u03be\u03af\u03b4\u03b9 \u03c3\u03b5 \u03ad\u03bd\u03b1 \u03c6\u03af\u03bb\u03bf \u03c0\u03bf\u03c5 \u03c4\u03b1\u03be\u03af\u03b4\u03b5\u03c5\u03b5 \u03bc\u03b5 \u03c4\u03bf \u039a\u03a4\u0395\u039b.","UserName":"Giannis VII ","Date":"Wed May 13 21:56:37 +0000 2015","icon":"http:\/\/pbs.twimg.com\/profile_images\/598197886644572160\/DY2C4z-m_normal.png","BelongsTo":"\u039c\u0397\u03a4\u03a3\u039f\u03a4\u0391\u039a\u0397\u03a3","size":"small","name":"basic-graph"},{"Tweet":"\u039f \u039a\u03c5\u03c1\u03b9\u03ac\u03ba\u03bf\u03c2 \u039c\u03b7\u03c4\u03c3\u03bf\u03c4\u03ac\u03ba\u03b7\u03c2 \u03a0\u0391\u0395\u0399 \u0393\u03a5\u03a1\u0395\u03a5\u039f\u039d\u03a4\u0391\u03a3 \u03b3\u03b9\u03b1 \u03c4\u03bf \u03c0\u03b1\u03c1\u03b5\u03bb\u03b8\u03cc\u03bd \u03c4\u03bf\u03c5.\"Mitsotakis, Turkish odyssey\"","UserName":"\u03a3\u03c5\u03bd\u039b\u03bf\u03b3\u03b9\u03c3\u03bc\u03ce","Date":"Wed May 13 21:55:16 +0000 2015","icon":"http:\/\/pbs.twimg.com\/profile_images\/558148780520787968\/2YDP38tP_normal.jpeg","BelongsTo":"\u039c\u0397\u03a4\u03a3\u039f\u03a4\u0391\u039a\u0397\u03a3","size":"small","name":"basic-graph"},{"Tweet":"Nooz.gr : \u03a0\u03b1\u03c1\u03ad\u03bc\u03b2\u03b1\u03c3\u03b7 \u039c\u03b7\u03c4\u03c3\u03bf\u03c4\u03ac\u03ba\u03b7 \u03c5\u03c0\u03ad\u03c1 \u03a3\u03c4\u03bf\u03c5\u03c1\u03bd\u03ac\u03c1\u03b1 via","UserName":"Maria Theros","Date":"Wed May 13 21:25:21 +0000 2015","icon":"http:\/\/pbs.twimg.com\/profile_images\/461951443541307392\/-GUJQQQ4_normal.jpeg","BelongsTo":"\u039c\u0397\u03a4\u03a3\u039f\u03a4\u0391\u039a\u0397\u03a3","size":"small","name":"basic-graph"},{"Tweet":"\u0395\u03af\u03c0\u03b1\u03bd \u03cc\u03c4\u03b9 \u03ad\u03c7\u03bf\u03c5\u03bc\u03b5 \u03bc\u03bf\u03c5\u03c3\u03b5\u03af\u03bf \u03c6\u03c5\u03c3\u03b9\u03ba\u03ae\u03c2 \u03b9\u03c3\u03c4\u03bf\u03c1\u03af\u03b1\u03c2 \u03c3\u03c4\u03b7\u03bd \u0391\u03b8\u03ae\u03bd\u03b1! \u03a4\u03bf\u03c5\u03c2 \u03b5\u03af\u03c0\u03b1 \u03c4\u03bf \u03bc\u03bf\u03bd\u03b1\u03b4\u03b9\u03ba\u03cc \u03ad\u03ba\u03b8\u03b5\u03bc\u03b1 \u03b1\u03ba\u03cc\u03bc\u03b7 \u03b6\u03b5\u03b9!","UserName":"Madam_Nana","Date":"Wed May 13 20:09:17 +0000 2015","icon":"http:\/\/pbs.twimg.com\/profile_images\/3418026571\/ffc1c9502b8538ceaec4fbe79b2bec96_normal.jpeg","BelongsTo":"\u039c\u0397\u03a4\u03a3\u039f\u03a4\u0391\u039a\u0397\u03a3","size":"small","name":"basic-graph"},{"Tweet":"\u039f \u039a\u03c9\u03bd\u03c3\u03c4\u03b1\u03bd\u03c4\u03af\u03bd\u03bf\u03c2 \u039c\u03b7\u03c4\u03c3\u03bf\u03c4\u03ac\u03ba\u03b7\u03c2 \u03b5\u03ba\u03c0\u03c1\u03cc\u03c3\u03c9\u03c0\u03bf\u03c2 \u03c4\u03b7\u03c2 \u039d\u0394 \u03ba\u03b1\u03b9 \u03b7 \u039a\u03b5\u03c6\u03b1\u03bb\u03bf\u03b3\u03b9\u03ac\u03bd\u03bd\u03b7 \u03c3\u03c4\u03bf \u03a0\u03bf\u03c4\u03ac\u03bc\u03b9!","UserName":"Antenna News","Date":"Wed May 13 17:59:12 +0000 2015","icon":"http:\/\/pbs.twimg.com\/profile_images\/522717332980776962\/Ad9VZLaz_normal.jpeg","BelongsTo":"\u039c\u0397\u03a4\u03a3\u039f\u03a4\u0391\u039a\u0397\u03a3","size":"small","name":"basic-graph"},{"Tweet":"\u03a3\u03c4\u03b7\u03c1\u03af\u03b6\u03b5\u03b9 \u03c4\u03bf\u03bd \u0393\u03b9\u03ac\u03bd\u03bd\u03b7 \u03a3\u03c4\u03bf\u03c5\u03c1\u03bd\u03ac\u03c1\u03b1 \u03bf \u039a\u03c9\u03bd\u03c3\u03c4\u03b1\u03bd\u03c4\u03af\u03bd\u03bf\u03c2 \u039c\u03b7\u03c4\u03c3\u03bf\u03c4\u03ac\u03ba\u03b7\u03c2 via","UserName":"\u039d\u039f\u0394\u0395 \u0397\u03c1\u03b1\u03ba\u03bb\u03b5\u03af\u03bf\u03c5","Date":"Wed May 13 17:36:22 +0000 2015","icon":"http:\/\/pbs.twimg.com\/profile_images\/584383036722143232\/vJ6iUJoP_normal.jpg","BelongsTo":"\u039c\u0397\u03a4\u03a3\u039f\u03a4\u0391\u039a\u0397\u03a3","size":"small","name":"basic-graph"},{"Tweet":"\u03a3\u03c4\u03b7\u03c1\u03af\u03b6\u03b5\u03b9 \u03a3\u03c4\u03bf\u03c5\u03c1\u03bd\u03ac\u03c1\u03b1 \u03bf \u039a\u03c9\u03bd\u03c3\u03c4\u03b1\u03bd\u03c4\u03af\u03bd\u03bf\u03c2 \u039c\u03b7\u03c4\u03c3\u03bf\u03c4\u03ac\u03ba\u03b7\u03c2 via","UserName":"Antenna News","Date":"Wed May 13 17:28:00 +0000 2015","icon":"http:\/\/pbs.twimg.com\/profile_images\/522717332980776962\/Ad9VZLaz_normal.jpeg","BelongsTo":"\u039c\u0397\u03a4\u03a3\u039f\u03a4\u0391\u039a\u0397\u03a3","size":"small","name":"basic-graph"},{"Tweet":"\u0391\u03c0\u03af\u03c3\u03c4\u03b5\u03c5\u03c4\u03bf: \u0388\u03ba\u03b1\u03bd\u03b1\u03bd \u03b5\u03ba\u03c0\u03c1\u03cc\u03c3\u03c9\u03c0\u03bf \u03c4\u03b7\u03c2 \u039d.\u0394. \u03c4\u03bf\u03bd \u039a\u03c9\u03bd\u03c3\u03c4\u03b1\u03bd\u03c4\u03af\u03bd\u03bf \u039c\u03b7\u03c4\u03c3\u03bf\u03c4\u03ac\u03ba\u03b7! (\u0388\u03b3\u03b3\u03c1\u03b1\u03c6\u03bf)","UserName":"Kontra","Date":"Wed May 13 16:45:34 +0000 2015","icon":"http:\/\/pbs.twimg.com\/profile_images\/448804531183550464\/etuqE-xB_normal.jpeg","BelongsTo":"\u039c\u0397\u03a4\u03a3\u039f\u03a4\u0391\u039a\u0397\u03a3","size":"small","name":"basic-graph"},{"Tweet":"\u03a0\u03b1\u03c1\u03ad\u03bc\u03b2\u03b1\u03c3\u03b7 \u039c\u03b7\u03c4\u03c3\u03bf\u03c4\u03b1\u03ba\u03b7 \u03c5\u03c0\u03ad\u03c1 \u03a3\u03c4\u03bf\u03c5\u03c1\u03bd\u03b1\u03c1\u03b1! \u0395\u03b3\u03c9 \u03c3\u03c4\u03b7\u03bd \u03b8\u03ad\u03c3\u03b7 \u03c4\u03bf\u03c5 \u03b8\u03b1 \u03ad\u03c1\u03b9\u03c7\u03bd\u03b1 \u03b5\u03bd\u03b1 \u03be\u03b5\u03bc\u03ac\u03c4\u03b9\u03b1\u03c3\u03bc\u03b1 \u03ba\u03b1\u03bb\u03bf\u03cd - \u03ba\u03b1\u03ba\u03bf\u03cd!!!","UserName":"\u03a3\u03c4\u03ad\u03bb\u03b9\u03bf\u03c2 \u039c\u03c0\u03bf\u03b6\u03af\u03ba\u03b7\u03c2","Date":"Wed May 13 15:41:39 +0000 2015","icon":"http:\/\/pbs.twimg.com\/profile_images\/445897693177450497\/2WJT9Olz_normal.jpeg","BelongsTo":"\u039c\u0397\u03a4\u03a3\u039f\u03a4\u0391\u039a\u0397\u03a3","size":"small","name":"basic-graph"}],"links":[{"source":1,"target":0},{"source":2,"target":0},{"source":3,"target":0},{"source":4,"target":0},{"source":5,"target":0},{"source":6,"target":0},{"source":7,"target":0},{"source":8,"target":0},{"source":9,"target":0},{"source":10,"target":0},{"source":11,"target":0},{"source":12,"target":0},{"source":13,"target":0},{"source":14,"target":0}]}