{"nodes":[{"Tweet":"Deputy","UserName":"\u0392\u0395\u039d\u0399\u0396\u0395\u039b\u039f\u03a3","Date":"null","icon":"\/PoliticalTweets\/backend\/assets\/sampleimage.jpg","BelongsTo":"null","size":"big"},{"Tweet":"\u0392\u03b5\u03bd\u03b9\u03b6\u03ad\u03bb\u03bf\u03c2 \u03b3\u03b9\u03b1 \u03bc\u03af\u03b6\u03b5\u03c2: \u00ab\u0391\u03ba\u03cc\u03bc\u03b7 \u03ba\u03b1\u03b9 \u03b3\u03b9\u03b1 \u03c4\u03b7\u03bd \u03b1\u03b3\u03bf\u03c1\u03ac \u03ba\u03b9\u03bc\u03c9\u03bb\u03af\u03c9\u03bd \u03bc\u03c0\u03bf\u03c1\u03b5\u03af \u03bd\u03b1 \u03b3\u03af\u03bd\u03b5\u03b9 \u03b4\u03c9\u03c1\u03bf\u03b4\u03bf\u03ba\u03af\u03b1\u00bb","UserName":"TV \u03a7\u03c9\u03c1\u03af\u03c2 \u03a3\u03cd\u03bd\u03bf\u03c1\u03b1","Date":"Wed May 13 12:29:38 +0000 2015","icon":"http:\/\/pbs.twimg.com\/profile_images\/573121355123585024\/0FVzxYLU_normal.png","BelongsTo":"\u0392\u0395\u039d\u0399\u0396\u0395\u039b\u039f\u03a3","size":"small"},{"Tweet":"\u0395\u03c5. \u0392\u03b5\u03bd\u03b9\u03b6\u03ad\u03bb\u03bf\u03c2: \u0397 \u03b4\u03c9\u03c1\u03bf\u03b4\u03bf\u03ba\u03af\u03b1 \u03b5\u03af\u03bd\u03b1\u03b9 \u03b8\u03ad\u03bc\u03b1 \u03b7\u03b8\u03b9\u03ba\u03ae\u03c2 \u03c5\u03c0\u03cc\u03c3\u03c4\u03b1\u03c3\u03b7\u03c2","UserName":"Paris Hatzievagelou","Date":"Wed May 13 12:26:52 +0000 2015","icon":"http:\/\/pbs.twimg.com\/profile_images\/557473320635887617\/zTZTQoxj_normal.jpeg","BelongsTo":"\u0392\u0395\u039d\u0399\u0396\u0395\u039b\u039f\u03a3","size":"small"},{"Tweet":"\u039d\u0395\u039f\u039b\u0395\u03a1\u0391","UserName":"neolera","Date":"Wed May 13 12:23:45 +0000 2015","icon":"http:\/\/pbs.twimg.com\/profile_images\/1445846065\/avatar_normal.jpg","BelongsTo":"\u0392\u0395\u039d\u0399\u0396\u0395\u039b\u039f\u03a3","size":"small"},{"Tweet":"\u0392\u03b5\u03bd\u03b9\u03b6\u03ad\u03bb\u03bf\u03c2: \u03a4\u03bf \u03a0\u0391\u03a3\u039f\u039a \u03ad\u03c7\u03b5\u03b9 \u03c5\u03c0\u03bf\u03c3\u03c4\u03b5\u03af \u03c0\u03bf\u03bb\u03b9\u03c4\u03b9\u03ba\u03ae \u03c6\u03b8\u03bf\u03c1\u03ac \u03b1\u03c0\u03cc \u03c4\u03b7\u03bd \u03c5\u03c0\u03cc\u03b8\u03b5\u03c3\u03b7 \u03a4\u03c3\u03bf\u03c7\u03b1\u03c4\u03b6\u03cc\u03c0\u03bf\u03c5\u03bb\u03bf\u03c5: \u00ab\u0397 \u03c5\u03c0\u03cc\u03b8\u03b5\u03c3\u03b7 \u03c4\u03bf\u03c5 \u0386\u03ba\u03b7 \u03a4\u03c3\u03bf\u03c7\u03b1\u03c4\u03b6\u03cc\u03c0\u03bf\u03c5\u03bb\u03bf\u03c5\u2026","UserName":"briefingnews","Date":"Wed May 13 12:19:09 +0000 2015","icon":"http:\/\/pbs.twimg.com\/profile_images\/1603219080\/brn003_normal.jpg","BelongsTo":"\u0392\u0395\u039d\u0399\u0396\u0395\u039b\u039f\u03a3","size":"small"},{"Tweet":"\u0392\u03b5\u03bd\u03b9\u03b6\u03ad\u03bb\u03bf\u03c2 \u03c3\u03c4\u03b7 \u03b4\u03af\u03ba\u03b7 \u03a4\u03c3\u03bf\u03c7\u03b1\u03c4\u03b6\u03cc\u03c0\u03bf\u03c5\u03bb\u03bf\u03c5: \u0394\u03c9\u03c1\u03bf\u03b4\u03bf\u03ba\u03af\u03b1 ...","UserName":"PlusGazetaeAthines","Date":"Wed May 13 12:16:57 +0000 2015","icon":"http:\/\/pbs.twimg.com\/profile_images\/546366319260491776\/I6mi-z15_normal.jpeg","BelongsTo":"\u0392\u0395\u039d\u0399\u0396\u0395\u039b\u039f\u03a3","size":"small"},{"Tweet":"\u039a\u03b1\u03c4\u03b1\u03b8\u03ad\u03c4\u03b5\u03b9 \u03c3\u03c4\u03b7 \u03b4\u03af\u03ba\u03b7 \u03b3\u03b9\u03b1 \u03c4\u03b1 \u03b5\u03be\u03bf\u03c0\u03bb\u03b9\u03c3\u03c4\u03b9\u03ba\u03ac \u03bf \u0395\u03c5. \u0392\u03b5\u03bd\u03b9\u03b6\u03ad\u03bb\u03bf\u03c2","UserName":"redalert.gr","Date":"Wed May 13 12:12:55 +0000 2015","icon":"http:\/\/pbs.twimg.com\/profile_images\/520191250176040961\/7-UqjAwv_normal.png","BelongsTo":"\u0392\u0395\u039d\u0399\u0396\u0395\u039b\u039f\u03a3","size":"small"},{"Tweet":"\u039a\u03b1\u03c4\u03b1\u03b8\u03ad\u03c4\u03b5\u03b9 \u03bf \u0395\u03c5. \u0392\u03b5\u03bd\u03b9\u03b6\u03ad\u03bb\u03bf\u03c2 \u03c3\u03c4\u03b7 \u03b4\u03af\u03ba\u03b7 \u03a4\u03c3\u03bf\u03c7\u03b1\u03c4\u03b6\u03cc\u03c0\u03bf\u03c5\u03bb\u03bf\u03c5","UserName":"Paris Hatzievagelou","Date":"Wed May 13 12:12:51 +0000 2015","icon":"http:\/\/pbs.twimg.com\/profile_images\/557473320635887617\/zTZTQoxj_normal.jpeg","BelongsTo":"\u0392\u0395\u039d\u0399\u0396\u0395\u039b\u039f\u03a3","size":"small"},{"Tweet":"\u03a3\u03b7\u03bc\u03af\u03c4\u03b7\u03c2 \u03b3\u03b9\u03b1 \u0386\u03ba\u03b7: \u0398\u03bb\u03b9\u03b2\u03b5\u03c1\u03cc \u03c0\u03bf\u03c5 \u03c3\u03c5\u03bd\u03ad\u03b2\u03b7\u03c3\u03b1\u03bd \u03c4\u03ad\u03c4\u03bf\u03b9\u03b5\u03c2 \u03b1\u03b8\u03bb\u03b9\u03cc\u03c4\u03b7\u03c4\u03b5\u03c2 \u03b5\u03c0\u03af \u03c0\u03c1\u03c9\u03b8\u03c5\u03c0\u03bf\u03c5\u03c1\u03b3\u03af\u03b1\u03c2 \u03bc\u03bf\u03c5","UserName":"Stelios Kouloglou","Date":"Wed May 13 12:09:11 +0000 2015","icon":"http:\/\/pbs.twimg.com\/profile_images\/569257784554700800\/1ftfi_kQ_normal.png","BelongsTo":"\u0392\u0395\u039d\u0399\u0396\u0395\u039b\u039f\u03a3","size":"small"}],"links":[{"source":1,"target":0},{"source":2,"target":0},{"source":3,"target":0},{"source":4,"target":0},{"source":5,"target":0},{"source":6,"target":0},{"source":7,"target":0},{"source":8,"target":0}]}