{"nodes":[{"name":"main","size":"big","icon":"..\/backend\/assets\/center.png","Type":"M"},{"name":"\u03a0\u0391\u039d\u0391\u0393\u0399\u03a9\u03a4\u0397\u03a3 \u039b\u0391\u03a6\u0391\u0396\u0391\u039d\u0397\u03a3","size":"small","icon":"https:\/\/synpeiraia.files.wordpress.com\/2012\/04\/cebbceb1cf86ceb1ceb6ceb1cebdceb7cf83-cf80ceb1cebdceb1ceb3ceb9cf89cf84ceb7cf83.jpg","Type":"D"},{"name":"??????","size":"normal","icon":"\/PoliticalTweets\/backend\/assets\/","Type":"P"},{"name":"\u03a3\u03a4\u0391\u03a5\u03a1\u039f\u03a3 \u0398\u0395\u039f\u0394\u03a9\u03a1\u0391\u039a\u0397\u03a3","size":"small","icon":"http:\/\/www.iefimerida.gr\/sites\/default\/files\/theodorakis_6.jpg","Type":"D"},{"name":"\u0396\u03a9\u0397 \u039a\u03a9\u039d\u03a3\u03a4\u0391\u039d\u03a4\u039f\u03a0\u039f\u03a5\u039b\u039f\u03a5","size":"small","icon":"http:\/\/www.thetoc.gr\/images\/articles\/1\/article_35092\/pantreuetai-i-zwi-kwnstantopoulou.w_l.jpg","Type":"D"},{"name":"\u0391\u039d\u0394\u03a1\u0395\u0391\u03a3 \u039b\u039f\u0392\u0395\u03a1\u0394\u039f\u03a3","size":"small","icon":"http:\/\/www.parapolitika.gr\/Media\/Default\/images\/201409231455144910.jpg","Type":"D"},{"name":"\u0391\u039b\u0395\u039e\u0399\u039f\u03a3 \u03a4\u03a3\u0399\u03a0\u03a1\u0391\u03a3","size":"small","icon":"http:\/\/asset.tovima.gr\/vimawebstatic\/\/4FD08321545B960CB4040B951F17DB40.jpg","Type":"D"},{"name":"\u0394\u0397\u039c\u0397\u03a4\u03a1\u0399\u039f\u03a3 \u039a\u039f\u03a5\u03a4\u03a3\u039f\u03a5\u039c\u03a0\u0391\u03a3","size":"small","icon":"http:\/\/www.sofokleousin.gr\/files\/koutsoumpas_dimitris_144368301.jpg","Type":"D"},{"name":"\u0394\u0397\u039c\u0397\u03a4\u03a1\u0399\u039f\u03a3 \u039a\u03a9\u039d\u03a3\u03a4\u0391\u039d\u03a4\u039f\u03a0\u039f\u03a5\u039b\u039f\u03a3","size":"small","icon":"http:\/\/www.vouliwatch.gr\/wp-content\/uploads\/2015\/02\/KonstantopoulosDimitis.jpg","Type":"D"},{"name":"\u0399\u03a9\u0391\u039d\u039d\u0397\u03a3 \u0394\u03a1\u0391\u0393\u0391\u03a3\u0391\u039a\u0397\u03a3","size":"small","icon":"http:\/\/www.balkaneu.com\/wp-content\/uploads\/2014\/10\/gr10-565x404.jpg","Type":"D"}],"links":[{"source":2,"target":1},{"source":0,"target":2},{"source":0,"target":2},{"source":2,"target":3},{"source":0,"target":2},{"source":2,"target":4},{"source":0,"target":2},{"source":2,"target":5},{"source":0,"target":2},{"source":2,"target":6},{"source":0,"target":2},{"source":2,"target":7},{"source":0,"target":2},{"source":2,"target":8},{"source":0,"target":2},{"source":2,"target":9}]}