{"nodes":[{"Tweet":"Deputy","UserName":"\u0394\u03a1\u0391\u0393\u0391\u03a3\u0391\u039a\u0397\u03a3","Date":"null","icon":"http:\/\/www.balkaneu.com\/wp-content\/uploads\/2014\/10\/gr10-565x404.jpg","BelongsTo":"null","size":"big","name":"basic-graph"},{"Tweet":"\u03a0\u03b1\u03bb\u03b5\u03cd\u03b5\u03b9 \u03bf \u0393\u03b9\u03ac\u03bd\u03bd\u03b7\u03c2 \u0394\u03c1\u03b1\u03b3\u03b1\u03c3\u03ac\u03ba\u03b7\u03c2 \u03bd\u03b1 \u03c0\u03b5\u03af\u03c3\u03b5\u03b9 \u03c4\u03bf \u03ba\u03cc\u03bc\u03bc\u03b1, \u03b8\u03ad\u03c4\u03b5\u03b9 \u03b8\u03ad\u03bc\u03b1 \"\u03c3\u03c5\u03bb\u03bb\u03bf\u03b3\u03b9\u03ba\u03ae\u03c2 \u03b5\u03c5\u03b8\u03cd\u03bd\u03b7\u03c2\"","UserName":"Kostas Nikolaou","Date":"Sat May 16 07:43:48 +0000 2015","icon":"http:\/\/pbs.twimg.com\/profile_images\/590048657468162048\/_1CQmnVW_normal.jpg","BelongsTo":"\u0394\u03a1\u0391\u0393\u0391\u03a3\u0391\u039a\u0397\u03a3","size":"small","name":"basic-graph"},{"Tweet":"\u03a3\u03c5\u03bd\u03bf\u03bb\u03b9\u03ba\u03ae \u03b5\u03af\u03bd\u03b1\u03b9 \u03b7 \u03b5\u03c5\u03b8\u03cd\u03bd\u03b7 \u03b1\u03c0\u03b1\u03bd\u03c4\u03ac \u03bf \u0394\u03c1\u03b1\u03b3\u03b1\u03c3\u03ac\u03ba\u03b7\u03c2 \u03c3\u03c4\u03bf\u03c5\u03c2 \u201c\u03b1\u03bd\u03c4\u03ac\u03c1\u03c4\u03b5\u03c2\u201d \u03c4\u03bf\u03c5\u00a0\u03a3\u03a5\u03a1\u0399\u0396\u0391","UserName":"\u03b7 \u03b4\u03b7\u03bc\u03bf\u03ba\u03c1\u03b1\u03c4\u03b9\u03ba\u03ae ","Date":"Sat May 16 05:15:17 +0000 2015","icon":"http:\/\/pbs.twimg.com\/profile_images\/590042449885683712\/LmMcS-q__normal.png","BelongsTo":"\u0394\u03a1\u0391\u0393\u0391\u03a3\u0391\u039a\u0397\u03a3","size":"small","name":"basic-graph"},{"Tweet":"\u03a3\u03c5\u03bd\u03bf\u03bb\u03b9\u03ba\u03ae \u03b5\u03af\u03bd\u03b1\u03b9 \u03b7 \u03b5\u03c5\u03b8\u03cd\u03bd\u03b7 \u03b1\u03c0\u03b1\u03bd\u03c4\u03ac \u03bf \u0394\u03c1\u03b1\u03b3\u03b1\u03c3\u03ac\u03ba\u03b7\u03c2 \u03c3\u03c4\u03bf\u03c5\u03c2 \u201c\u03b1\u03bd\u03c4\u03ac\u03c1\u03c4\u03b5\u03c2\u201d \u03c4\u03bf\u03c5 \u03a3\u03a5\u03a1\u0399\u0396\u0391","UserName":"DAMIANOS ATHANASIOU","Date":"Sat May 16 05:15:10 +0000 2015","icon":"http:\/\/pbs.twimg.com\/profile_images\/1372094806\/173503_100001511868881_2025033_n_normal.jpg","BelongsTo":"\u0394\u03a1\u0391\u0393\u0391\u03a3\u0391\u039a\u0397\u03a3","size":"small","name":"basic-graph"},{"Tweet":"\u0393. \u0394\u03c1\u03b1\u03b3\u03b1\u03c3\u03ac\u03ba\u03b7\u03c2: \u0395\u03b3\u03c7\u03b5\u03af\u03c1\u03b7\u03bc\u03b1 \u03c3\u03c5\u03bd\u03bf\u03bb\u03b9\u03ba\u03ae\u03c2 \u03b5\u03c5\u03b8\u03cd\u03bd\u03b7\u03c2 \u03b7 \u03b4\u03b9\u03b1\u03c0\u03c1\u03b1\u03b3\u03bc\u03ac\u03c4\u03b5\u03c5\u03c3\u03b7 - \u0397 \u0391\u03c5\u03b3\u03ae Online via","UserName":"niktrah","Date":"Fri May 15 23:26:30 +0000 2015","icon":"http:\/\/abs.twimg.com\/sticky\/default_profile_images\/default_profile_3_normal.png","BelongsTo":"\u0394\u03a1\u0391\u0393\u0391\u03a3\u0391\u039a\u0397\u03a3","size":"small","name":"basic-graph"},{"Tweet":"\u03a3\u03c5\u03bd\u03bf\u03bb\u03b9\u03ba\u03ae \u03b5\u03c5\u03b8\u03cd\u03bd\u03b7 \u03b3\u03b9\u03b1 \u03c4\u03b7 \u03c3\u03c5\u03bc\u03c6\u03c9\u03bd\u03af\u03b1 \u03b6\u03b7\u03c4\u03ac \u03bf \u0394\u03c1\u03b1\u03b3\u03b1\u03c3\u03ac\u03ba\u03b7\u03c2","UserName":"Giorgos Roidis","Date":"Fri May 15 22:27:08 +0000 2015","icon":"http:\/\/pbs.twimg.com\/profile_images\/3676555576\/9fe44c16d2b61dc7e24d26791d6f86fe_normal.jpeg","BelongsTo":"\u0394\u03a1\u0391\u0393\u0391\u03a3\u0391\u039a\u0397\u03a3","size":"small","name":"basic-graph"},{"Tweet":"\u039f \u0394\u03c1\u03b1\u03b3\u03b1\u03c3\u03ac\u03ba\u03b7\u03c2 \u03b6\u03b7\u03c4\u03ac \u03c3\u03c5\u03bb\u03bb\u03bf\u03b3\u03b9\u03ba\u03ae \u03b5\u03c5\u03b8\u03cd\u03bd\u03b7 \u03b3\u03b9\u03b1 \u03c4\u03b7\u03bd \u03c3\u03c5\u03bc\u03c6\u03c9\u03bd\u03af\u03b1","UserName":"TopNews.gr","Date":"Fri May 15 16:17:35 +0000 2015","icon":"http:\/\/pbs.twimg.com\/profile_images\/544887832687296512\/WdnzqIkg_normal.png","BelongsTo":"\u0394\u03a1\u0391\u0393\u0391\u03a3\u0391\u039a\u0397\u03a3","size":"small","name":"basic-graph"},{"Tweet":"\u03a0\u03cc\u03c1\u03c4\u03b1 \u03b1\u03c0\u03cc \u03c4\u03b7\u03bd \u039a\u03c9\u03bd\u03c3\u03c4\u03b1\u03bd\u03c4\u03bf\u03c0\u03bf\u03cd\u03bb\u03bf\u03c5 \u03ad\u03c6\u03b1\u03b3\u03b5 \u03bf \u0394\u03c1\u03b1\u03b3\u03b1\u03c3\u03ac\u03ba\u03b7\u03c2 \u03b3\u03b9\u03b1 \u03c4\u03b1 \u03b1\u03c0\u03bf\u03b8\u03b5\u03bc\u03b1\u03c4\u03b9\u03ba\u03ac \u03c4\u03b7\u03c2 \u0392\u03bf\u03c5\u03bb\u03ae\u03c2!","UserName":"\u0392\u03b1\u03c3\u03b9\u03bb\u03b9\u03ac\u03c2 \u03c4\u03bf\u03c5 \u03a4\u03ac\u03b6\u03c9!","Date":"Fri May 15 15:43:02 +0000 2015","icon":"http:\/\/pbs.twimg.com\/profile_images\/537009862324920320\/qFjEt0wd_normal.jpeg","BelongsTo":"\u0394\u03a1\u0391\u0393\u0391\u03a3\u0391\u039a\u0397\u03a3","size":"small","name":"basic-graph"},{"Tweet":"\u0395\u03c0\u03b5\u03b9\u03c3\u03bf\u03b4\u03b9\u03b1\u03ba\u03ae \u03c3\u03c5\u03bd\u03b5\u03b4\u03c1\u03af\u03b1\u03c3\u03b7 \u03c4\u03bf\u03c5 - \"A\u03c0\u03b1\u03c3\u03c6\u03ac\u03bb\u03b9\u03c3\u03b5\" \u03b7 \u0396\u03c9\u03ae, \u03b1\u03c0\u03bf\u03c7\u03ce\u03c1\u03b7\u03c3\u03b5 \u03bf \u0394\u03c1\u03b1\u03b3\u03b1\u03c3\u03ac\u03ba\u03b7\u03c2 via","UserName":"Antenna News","Date":"Fri May 15 15:37:05 +0000 2015","icon":"http:\/\/pbs.twimg.com\/profile_images\/522717332980776962\/Ad9VZLaz_normal.jpeg","BelongsTo":"\u0394\u03a1\u0391\u0393\u0391\u03a3\u0391\u039a\u0397\u03a3","size":"small","name":"basic-graph"}],"links":[{"source":1,"target":0},{"source":2,"target":0},{"source":3,"target":0},{"source":4,"target":0},{"source":5,"target":0},{"source":6,"target":0},{"source":7,"target":0},{"source":8,"target":0}]}