{"nodes":[{"Tweet":"Deputy","UserName":"\u03a4\u03a3\u0399\u03a0\u03a1\u0391\u03a3","Date":"null","icon":"http:\/\/asset.tovima.gr\/vimawebstatic\/\/4FD08321545B960CB4040B951F17DB40.jpg","BelongsTo":"null","size":"big","name":"basic-graph"},{"Tweet":"\u03a4\u03c3\u03b9\u03c0\u03c1\u03b1\u03c2: \u039f\u03b9 \u03c4\u03ad\u03c3\u03c3\u03b5\u03c1\u03b9\u03c2 \u03c0\u03c1\u03bf\u03cb\u03c0\u03bf\u03b8\u03ad\u03c3\u03b5\u03b9\u03c2 \u03b3\u03b9\u03b1 \u03ad\u03bd\u03c4\u03b9\u03bc\u03b7 \u03c3\u03c5\u03bc\u03c6\u03c9\u03bd\u03af\u03b1 - \u0397 \u039a\u03b1\u03b8\u03b7\u03bc\u03b5\u03c1\u03b9\u03bd\u03ae |","UserName":"Newstalk","Date":"Sat May 16 07:52:39 +0000 2015","icon":"http:\/\/pbs.twimg.com\/profile_images\/3383970022\/3f15fff8fd58823c14b6241cb645fd42_normal.jpeg","BelongsTo":"\u03a4\u03a3\u0399\u03a0\u03a1\u0391\u03a3","size":"small","name":"basic-graph"},{"Tweet":"\u039d\u0394 \u03c0\u03c1\u03bf\u03c2 \u03a4\u03c3\u03af\u03c0\u03c1\u03b1: \u0391\u03bc\u03c6\u03b9\u03b2\u03ac\u03bb\u03bb\u03bf\u03c5\u03bc\u03b5 \u03b1\u03bd \u03ba\u03b1\u03b9 \u03bf \u03af\u03b4\u03b9\u03bf\u03c2 \u03c0\u03b9\u03c3\u03c4\u03b5\u03cd\u03b5\u03b9 \u03c4\u03b1 \u03c8\u03ad\u03bc\u03b1\u03c4\u03b1 \u03c4\u03bf\u03c5 via","UserName":"THE CITIZEN","Date":"Sat May 16 07:44:45 +0000 2015","icon":"http:\/\/pbs.twimg.com\/profile_images\/568916020908154880\/Mnbjdwmf_normal.png","BelongsTo":"\u03a4\u03a3\u0399\u03a0\u03a1\u0391\u03a3","size":"small","name":"basic-graph"},{"Tweet":"X\u03c1\u03ae\u03bc\u03b1 \u03c3\u03b5 \u03b5\u03bb\u03bb\u03b7\u03bd\u03b9\u03ba\u03ad\u03c2 \u03b4\u03b7\u03bc\u03cc\u03c3\u03b9\u03b5\u03c2 \u03ba\u03b1\u03b9 \u03b9\u03b4\u03b9\u03c9\u03c4\u03b9\u03ba\u03ad\u03c2 \u03b5\u03c0\u03b9\u03c7\u03b5\u03b9\u03c1\u03ae\u03c3\u03b5\u03b9\u03c2, \u03c0\u03bf\u03c5 \u03b8\u03b1 \u03b5\u03bd\u03b5\u03c1\u03b3\u03bf\u03c0\u03bf\u03b9\u03b7\u03b8\u03bf\u03cd\u03bd \u03c3\u03c4\u03bf \u0395\u03bb\u03bb\u03b7\u03bd\u03b9\u03ba\u03cc \u03ba\u03bf\u03bc\u03bc\u03ac\u03c4\u03b9 \u03c4\u03bf\u03c5 \u03c1\u03c9\u03c3\u03b9\u03ba\u03bf\u03cd...","UserName":"GAZPRO Hellas Group","Date":"Sat May 16 07:42:10 +0000 2015","icon":"http:\/\/pbs.twimg.com\/profile_images\/437167476313313280\/sIMf5dXm_normal.jpeg","BelongsTo":"\u03a4\u03a3\u0399\u03a0\u03a1\u0391\u03a3","size":"small","name":"basic-graph"},{"Tweet":"\u03a9\u03a1\u0391\u0399\u039f\u03a3!","UserName":"toxwni","Date":"Sat May 16 07:36:07 +0000 2015","icon":"http:\/\/pbs.twimg.com\/profile_images\/2025069591\/sd_normal.jpg","BelongsTo":"\u03a4\u03a3\u0399\u03a0\u03a1\u0391\u03a3","size":"small","name":"basic-graph"},{"Tweet":"\u039f \u03a4\u03c3\u03af\u03c0\u03c1\u03b1\u03c2 \u03b8\u03b1 \u03b6\u03b5\u03b9 \u03c4\u03bf \u03cc\u03bd\u03b5\u03b9\u03c1\u03bf \u03ba\u03b9 \u03b5\u03bc\u03b5\u03af\u03c2 \u03c4\u03bf\u03bd \u03b5\u03c6\u03b9\u03ac\u03bb\u03c4\u03b7","UserName":"George Mitakides","Date":"Sat May 16 07:36:06 +0000 2015","icon":"http:\/\/pbs.twimg.com\/profile_images\/3152159992\/02a42ba5d2eed03ddc2329936dba18f0_normal.jpeg","BelongsTo":"\u03a4\u03a3\u0399\u03a0\u03a1\u0391\u03a3","size":"small","name":"basic-graph"},{"Tweet":"\u039a\u03b1\u03bb\u03ae \u03b1\u03bd\u03c4\u03ac\u03bc\u03c9\u03c3\u03b7!","UserName":"Harald Vilimsky","Date":"Sat May 16 07:32:46 +0000 2015","icon":"http:\/\/pbs.twimg.com\/profile_images\/514788941732392960\/epMX-wbs_normal.jpeg","BelongsTo":"\u03a4\u03a3\u0399\u03a0\u03a1\u0391\u03a3","size":"small","name":"basic-graph"},{"Tweet":"Sigmalivecom: \u0388\u03c7\u03b5\u03b9 \u03b2\u03c1\u03b5\u03b8\u03b5\u03af \u03ba\u03bf\u03b9\u03bd\u03cc \u03ad\u03b4\u03b1\u03c6\u03bf\u03c2 \u03bc\u03b5 \u03c4\u03bf\u03c5\u03c2 \u03b8\u03b5\u03c3\u03bc\u03bf\u03cd\u03c2, \u03b4\u03b7\u03bb\u03ce\u03bd\u03b5\u03b9 \u03bf \u03a4\u03c3\u03af\u03c0\u03c1\u03b1\u03c2","UserName":"Dias Media\n","Date":"Sat May 16 07:30:08 +0000 2015","icon":"http:\/\/pbs.twimg.com\/profile_images\/2575986479\/DIAS_group_GREEK_473_355_normal.JPG","BelongsTo":"\u03a4\u03a3\u0399\u03a0\u03a1\u0391\u03a3","size":"small","name":"basic-graph"},{"Tweet":"\u039c\u03b1\u03be\u03af\u03bc\u03bf\u03c5: \u03b1\u03c0\u03bf\u03bb\u03bf\u03b3\u03b9\u03c3\u03bc\u03cc\u03c2 \u03c4\u03c9\u03bd 100 \u03c0\u03c1\u03c9\u03c4\u03c9\u03bd \u03b7\u03bc\u03b5\u03c1\u03ce\u03bd via","UserName":"Marie-Laure Coulmin","Date":"Sat May 16 07:29:13 +0000 2015","icon":"http:\/\/pbs.twimg.com\/profile_images\/1210469541\/favicon_normal.png","BelongsTo":"\u03a4\u03a3\u0399\u03a0\u03a1\u0391\u03a3","size":"small","name":"basic-graph"},{"Tweet":"\u0391. \u03a4\u03c3\u03af\u03c0\u03c1\u03b1\u03c2: \u03a3\u03c4\u03c1\u03bf\u03c6\u03ae \u03c3\u03c4\u03bf\u03bd \u03c1\u03b5\u03b1\u03bb\u03b9\u03c3\u03bc\u03cc \u03ae... blamegame;","UserName":"PanosM_GR","Date":"Sat May 16 07:28:55 +0000 2015","icon":"http:\/\/pbs.twimg.com\/profile_images\/596512602387292160\/6uj7CBWn_normal.jpg","BelongsTo":"\u03a4\u03a3\u0399\u03a0\u03a1\u0391\u03a3","size":"small","name":"basic-graph"},{"Tweet":"\u03a4\u03c3\u03af\u03c0\u03c1\u03b1\u03c2: \u0394\u03b5\u03bd \u03ba\u03ac\u03bd\u03c9 \u03c0\u03af\u03c3\u03c9 \u03c3\u03b5 \u03bc\u03b9\u03c3\u03b8\u03bf\u03cd\u03c2 \u03ba\u03b1\u03b9\u00a0\u03c3\u03c5\u03bd\u03c4\u03ac\u03be\u03b5\u03b9\u03c2","UserName":"to-kounavi","Date":"Sat May 16 07:27:31 +0000 2015","icon":"http:\/\/pbs.twimg.com\/profile_images\/543186152212029440\/DAzxea2a_normal.png","BelongsTo":"\u03a4\u03a3\u0399\u03a0\u03a1\u0391\u03a3","size":"small","name":"basic-graph"},{"Tweet":"\u039f \u03a4\u03c3\u03af\u03c0\u03c1\u03b1\u03c2 \u03c5\u03c0\u03bf\u03b4\u03ad\u03c7\u03c4\u03b7\u03ba\u03b5 \u03c4\u03bf\u03c5\u03c2 \u03b1\u03b8\u03bb\u03b7\u03c4\u03ad\u03c2 \u03c4\u03c9\u03bd Special Olympics","UserName":"Az\u0131nl\u0131k\u00e7a Online","Date":"Sat May 16 07:27:00 +0000 2015","icon":"http:\/\/pbs.twimg.com\/profile_images\/467775682865819648\/euP4KYXh_normal.jpeg","BelongsTo":"\u03a4\u03a3\u0399\u03a0\u03a1\u0391\u03a3","size":"small","name":"basic-graph"},{"Tweet":"\u039c\u03b7\u03bd \u03b1\u03c6\u03ae\u03bd\u03b5\u03c4\u03b5 \u03c4\u03b7\u03bd \u03c0\u03c1\u03b1\u03b3\u03bc\u03b1\u03c4\u03b9\u03ba\u03cc\u03c4\u03b7\u03c4\u03b1 \u03bd\u03b1 \u03c7\u03b1\u03bb\u03ac\u03b5\u03b9 \u03ad\u03bd\u03b1 \u03c4\u03cc\u03c3\u03bf \u03c9\u03c1\u03b1\u03af\u03bf \u03cc\u03bd\u03b5\u03b9\u03c1\u03bf","UserName":"LaSTofTRoiKaNS","Date":"Sat May 16 07:25:36 +0000 2015","icon":"http:\/\/pbs.twimg.com\/profile_images\/551495231158243328\/vxAjdo6-_normal.jpeg","BelongsTo":"\u03a4\u03a3\u0399\u03a0\u03a1\u0391\u03a3","size":"small","name":"basic-graph"},{"Tweet":"\u03a5\u03c0\u03ac\u03c1\u03c7\u03b5\u03b9 \u0391\u03b9\u03c3\u03b9\u03bf\u03b4\u03bf\u03be\u03af\u03b1 - \u0388\u03c7\u03b5\u03b9 \u03b2\u03c1\u03b5\u03b8\u03b5\u03af \u03ba\u03bf\u03b9\u03bd\u03cc \u03ad\u03b4\u03b1\u03c6\u03bf\u03c2 \u03bc\u03b5 \u03c4\u03bf\u03c5\u03c2 \u03b8\u03b5\u03c3\u03bc\u03bf\u03cd\u03c2, \u03b4\u03b7\u03bb\u03ce\u03bd\u03b5\u03b9 \u03bf \u03a4\u03c3\u03af\u03c0\u03c1\u03b1\u03c2","UserName":"Offsite News ","Date":"Sat May 16 07:24:28 +0000 2015","icon":"http:\/\/pbs.twimg.com\/profile_images\/3085293056\/db4f3b06161ec5700e7122702d6f9071_normal.jpeg","BelongsTo":"\u03a4\u03a3\u0399\u03a0\u03a1\u0391\u03a3","size":"small","name":"basic-graph"},{"Tweet":"\u03c3\u03c4\u03b5\u03b9\u03bb\u03b1\u03bd \u03ba\u03c5\u03b2\u03b5\u03c1\u03bd\u03b7\u03c3\u03b7 \u03bc\u03b1\u03bb\u03b1\u03ba\u03b1 \u03bd\u03b1\u03c1\u03b8\u03b5\u03b9 \u03bd\u03b1 \u03c4\u03bd \u03c1\u03b9\u03be\u03bf\u03c5\u03bd k \u03bd\u03b1 \u03b2\u03b1\u03bb\u03bf\u03c5\u03bd \u0391\u03b2\u03c1\u03b1\u03bc\u03bf \u03c0\u03bf\u03c5\u03c4\u03b1\u03ba\u03b1\u03bd\u03b1\u03bd \u03c0\u03bb\u03b1\u03ba\u03b1\u03ba\u03b9\u03b1 \u03b5\u03b3\u03c9 \u03b1\u03c5\u03c4\u03bf \u03ba\u03b1\u03c4\u03b1\u03bb\u03b1\u03b2\u03b1","UserName":"Nellie Oleson ","Date":"Sat May 16 07:21:42 +0000 2015","icon":"http:\/\/pbs.twimg.com\/profile_images\/577833638160506880\/Wj6ZTi3g_normal.jpeg","BelongsTo":"\u03a4\u03a3\u0399\u03a0\u03a1\u0391\u03a3","size":"small","name":"basic-graph"},{"Tweet":"\u0388\u03c7\u03b5\u03b9 \u03b2\u03c1\u03b5\u03b8\u03b5\u03af \u03ba\u03bf\u03b9\u03bd\u03cc \u03ad\u03b4\u03b1\u03c6\u03bf\u03c2 \u03bc\u03b5 \u03c4\u03bf\u03c5\u03c2 \u03b8\u03b5\u03c3\u03bc\u03bf\u03cd\u03c2, \u03b4\u03b7\u03bb\u03ce\u03bd\u03b5\u03b9 \u03bf \u03a4\u03c3\u03af\u03c0\u03c1\u03b1\u03c2","UserName":"Sigmalive","Date":"Sat May 16 07:20:41 +0000 2015","icon":"http:\/\/pbs.twimg.com\/profile_images\/456696065668808704\/jVAtt63C_normal.jpeg","BelongsTo":"\u03a4\u03a3\u0399\u03a0\u03a1\u0391\u03a3","size":"small","name":"basic-graph"},{"Tweet":"\u0391\u039b. \u03a4\u03a3\u0399\u03a0\u03a1\u0391\u03a3: \u0394\u03b5\u03bd \u03ad\u03c7\u03bf\u03c5\u03bc\u03b5 \u03bd\u03b1 \u03ba\u03c1\u03cd\u03c8\u03bf\u03c5\u03bc\u03b5 \u03c4\u03af\u03c0\u03bf\u03c4\u03b1 \u03b1\u03c0\u03cc \u03c4\u03bf\u03bd \u03b5\u03bb\u03bb\u03b7\u03bd\u03b9\u03ba\u03cc \u03bb\u03b1\u03cc","UserName":"news.makedonias.gr","Date":"Sat May 16 07:20:04 +0000 2015","icon":"http:\/\/pbs.twimg.com\/profile_images\/508943239882108928\/_w5vKqke_normal.jpeg","BelongsTo":"\u03a4\u03a3\u0399\u03a0\u03a1\u0391\u03a3","size":"small","name":"basic-graph"},{"Tweet":"\u0391\u039b. \u03a4\u03a3\u0399\u03a0\u03a1\u0391\u03a3: \u0394\u03b5\u03bd \u03ad\u03c7\u03bf\u03c5\u03bc\u03b5 \u03bd\u03b1 \u03ba\u03c1\u03cd\u03c8\u03bf\u03c5\u03bc\u03b5 \u03c4\u03af\u03c0\u03bf\u03c4\u03b1 \u03b1\u03c0\u03cc \u03c4\u03bf\u03bd \u03b5\u03bb\u03bb\u03b7\u03bd\u03b9\u03ba\u03cc\u00a0\u03bb\u03b1\u03cc","UserName":"news.makedonias.gr","Date":"Sat May 16 07:19:16 +0000 2015","icon":"http:\/\/pbs.twimg.com\/profile_images\/508943239882108928\/_w5vKqke_normal.jpeg","BelongsTo":"\u03a4\u03a3\u0399\u03a0\u03a1\u0391\u03a3","size":"small","name":"basic-graph"}],"links":[{"source":1,"target":0},{"source":2,"target":0},{"source":3,"target":0},{"source":4,"target":0},{"source":5,"target":0},{"source":6,"target":0},{"source":7,"target":0},{"source":8,"target":0},{"source":9,"target":0},{"source":10,"target":0},{"source":11,"target":0},{"source":12,"target":0},{"source":13,"target":0},{"source":14,"target":0},{"source":15,"target":0},{"source":16,"target":0},{"source":17,"target":0}]}