{"nodes":[{"Tweet":"Deputy","UserName":"\u039a\u03a9\u039d\u03a3\u03a4\u0391\u039d\u03a4\u039f\u03a0\u039f\u03a5\u039b\u039f\u03a3","Date":"null","icon":"http:\/\/www.vouliwatch.gr\/wp-content\/uploads\/2015\/02\/KonstantopoulosDimitis.jpg","BelongsTo":"null","size":"big","name":"basic-graph"},{"Tweet":"\u00ab\u03a4\u03c1\u03b5\u03bb\u03ae\u00bb \u03b3\u03ba\u03ac\u03c6\u03b1 \u03bf \u039a\u03c9\u03bd\u03c3\u03c4\u03b1\u03bd\u03c4\u03cc\u03c0\u03bf\u03c5\u03bb\u03bf\u03c2","UserName":"Apoel Stream","Date":"Sat May 09 13:04:09 +0000 2015","icon":"http:\/\/pbs.twimg.com\/profile_images\/2590444017\/apoel-logo-600x600_normal.jpg","BelongsTo":"\u039a\u03a9\u039d\u03a3\u03a4\u0391\u039d\u03a4\u039f\u03a0\u039f\u03a5\u039b\u039f\u03a3","size":"small","name":"basic-graph"}],"links":[{"source":1,"target":0}]}