{"nodes":[{"Tweet":"Deputy","UserName":"\u039b\u0391\u03a6\u0391\u0396\u0391\u039d\u0397\u03a3","Date":"null","icon":"https:\/\/synpeiraia.files.wordpress.com\/2012\/04\/cebbceb1cf86ceb1ceb6ceb1cebdceb7cf83-cf80ceb1cebdceb1ceb3ceb9cf89cf84ceb7cf83.jpg","BelongsTo":"null","size":"big","name":"basic-graph"},{"Tweet":"\u039b\u03bf\u03b2\u03ad\u03c1\u03b4\u03bf\u03c2: \u039f \u039b\u03b1\u03c6\u03b1\u03b6\u03ac\u03bd\u03b7\u03c2 \u03b4\u03b5 \u03c3\u03ad\u03b2\u03b5\u03c4\u03b1\u03b9 \u03c4\u03b7 \u0392\u03bf\u03c5\u03bb\u03ae \u03ba\u03b1\u03b9 \u03c4\u03b7\u03bd \u03c0\u03b1\u03c4\u03c1\u03af\u03b4\u03b1 \u03c4\u03bf\u03c5","UserName":"iereiaki","Date":"Sat May 16 07:54:02 +0000 2015","icon":"http:\/\/pbs.twimg.com\/profile_images\/1348472967\/9de78a146f8f722ce7343385759b3371_normal.jpg","BelongsTo":"\u039b\u0391\u03a6\u0391\u0396\u0391\u039d\u0397\u03a3","size":"small","name":"basic-graph"},{"Tweet":"\u039f \u03a0\u03b1\u03c0\u03c0\u03ac\u03c2 \u03c0\u03c1\u03bf\u03b5\u03b9\u03b4\u03bf\u03c0\u03bf\u03b9\u03b5\u03af \u0396\u03c9\u03ae \u03ba\u03b1\u03b9 \u03bf\u03bc\u03ac\u03b4\u03b1 \u039b\u03b1\u03c6\u03b1\u03b6\u03ac\u03bd\u03b7 \u00ab Aixmi.gr: pappas","UserName":"aixmi.gr","Date":"Sat May 16 07:06:26 +0000 2015","icon":"http:\/\/pbs.twimg.com\/profile_images\/553215740069675011\/SOUnxeLK_normal.jpeg","BelongsTo":"\u039b\u0391\u03a6\u0391\u0396\u0391\u039d\u0397\u03a3","size":"small","name":"basic-graph"},{"Tweet":"\u039d\u0395\u039f\u039b\u0395\u03a1\u0391","UserName":"neolera","Date":"Sat May 16 06:51:42 +0000 2015","icon":"http:\/\/pbs.twimg.com\/profile_images\/1445846065\/avatar_normal.jpg","BelongsTo":"\u039b\u0391\u03a6\u0391\u0396\u0391\u039d\u0397\u03a3","size":"small","name":"basic-graph"},{"Tweet":"\u0391\u039d \u03c5\u03c0\u03ae\u03c1\u03c7\u03b5 \u03bd\u03bf\u03c5\u03bc\u03b5\u03c1\u03cc\u03bc\u03b5\u03c4\u03c1\u03bf \u03bf \u039b\u03b1\u03c6\u03b1\u03b6\u03ac\u03bd \u03bc\u03c0\u03b5\u03c1\u03bd\u03c4\u03ad \u03b8\u03b1 \u03c4\u03bf \u03b5\u03af\u03c7\u03b5 \u03c3\u03c0\u03ac\u03c3\u03b5\u03b9...","UserName":"Yorgo Kontorouhas","Date":"Sat May 16 06:50:18 +0000 2015","icon":"http:\/\/pbs.twimg.com\/profile_images\/2385850230\/v0v3mtx0f1gmzvmzvbj9_normal.jpeg","BelongsTo":"\u039b\u0391\u03a6\u0391\u0396\u0391\u039d\u0397\u03a3","size":"small","name":"basic-graph"},{"Tweet":"IOU IOU \u03a4\u03b9 \u03bc\u03b1\u03c2 \u03c0\u03b5\u03c1\u03b9\u03bc\u03ad\u03bd\u03b5\u03b9! \u03a0\u03c1\u03ce\u03c4\u03bf \u0398\u0395\u039c\u0391: \u039f \u039b\u03b1\u03c6\u03b1\u03b6\u03ac\u03bd\u03b7\u03c2 \u03b8\u03ad\u03bb\u03b5\u03b9 \u03bd\u03b1 \u03bc\u03b1\u03c2 \u03ba\u03ac\u03bd\u03b5\u03b9... \u0392\u03b5\u03bd\u03b5\u03b6\u03bf\u03c5\u03ad\u03bb\u03b1!","UserName":"kataras","Date":"Sat May 16 06:49:46 +0000 2015","icon":"http:\/\/pbs.twimg.com\/profile_images\/551505422788870145\/W5X1Zmoj_normal.jpeg","BelongsTo":"\u039b\u0391\u03a6\u0391\u0396\u0391\u039d\u0397\u03a3","size":"small","name":"basic-graph"},{"Tweet":"\u03a4\u03b1 \u03bb\u03cd\u03c3\u03b1\u03bc\u03b5 \u03c4\u03b1 \u03c0\u03c1\u03bf\u03b2\u03bb\u03ae\u03bc\u03b1\u03c4\u03b1, \u03c3\u03c5\u03bc\u03c6\u03c9\u03bd\u03af\u03b1 \u03bc\u03b5 \u0392\u03b5\u03bd\u03b5\u03b6\u03bf\u03c5\u03ad\u03bb\u03b1 \u03c5\u03c0\u03ad\u03b3\u03c1\u03b1\u03c8\u03b5 \u03bf\u00a0\u039b\u03b1\u03c6\u03b1\u03b6\u03ac\u03bd\u03b7\u03c2","UserName":"\u03b7 \u03b4\u03b7\u03bc\u03bf\u03ba\u03c1\u03b1\u03c4\u03b9\u03ba\u03ae ","Date":"Sat May 16 05:38:45 +0000 2015","icon":"http:\/\/pbs.twimg.com\/profile_images\/590042449885683712\/LmMcS-q__normal.png","BelongsTo":"\u039b\u0391\u03a6\u0391\u0396\u0391\u039d\u0397\u03a3","size":"small","name":"basic-graph"},{"Tweet":"\u03a4\u03b1 \u03bb\u03cd\u03c3\u03b1\u03bc\u03b5 \u03c4\u03b1 \u03c0\u03c1\u03bf\u03b2\u03bb\u03ae\u03bc\u03b1\u03c4\u03b1, \u03c3\u03c5\u03bc\u03c6\u03c9\u03bd\u03af\u03b1 \u03bc\u03b5 \u0392\u03b5\u03bd\u03b5\u03b6\u03bf\u03c5\u03ad\u03bb\u03b1 \u03c5\u03c0\u03ad\u03b3\u03c1\u03b1\u03c8\u03b5 \u03bf \u039b\u03b1\u03c6\u03b1\u03b6\u03ac\u03bd\u03b7\u03c2","UserName":"DAMIANOS ATHANASIOU","Date":"Sat May 16 05:38:39 +0000 2015","icon":"http:\/\/pbs.twimg.com\/profile_images\/1372094806\/173503_100001511868881_2025033_n_normal.jpg","BelongsTo":"\u039b\u0391\u03a6\u0391\u0396\u0391\u039d\u0397\u03a3","size":"small","name":"basic-graph"},{"Tweet":"\u0394\u03b7\u03bb\u03b1\u03b4\u03b7 \u03c4\u03bf 36,6% \u03c3\u03c5\u03bd \u03c4\u03bf 3,5% \u03c0\u03bf\u03c5 \u03c8\u03ae\u03c6\u03b9\u03b6\u03b1\u03bd \u03c0\u03b9\u03c3\u03c4\u03b5\u03cd\u03bf\u03c5\u03bd \u03cc\u03c4\u03b9 \u03b5\u03b9\u03bd\u03b1\u03b9 \u03c0\u03c1\u03bf\u03c4\u03b9\u03bc\u03cc\u03c4\u03b5\u03c1\u03bf \u03bd\u03b1 \u03b5\u03af\u03bc\u03b1\u03c3\u03c4\u03b5 \u03c3\u03cd\u03bc\u03bc\u03b1\u03c7\u03bf\u03b9 &amp; \u03b5\u03c4\u03b1\u03af\u03c1\u03bf\u03b9...","UserName":"\u039d\u03af\u03ba\u03bf\u03c2 \u039c\u03b7\u03bb\u03b9\u03ce\u03bd\u03b7\u03c2","Date":"Sat May 16 01:09:14 +0000 2015","icon":"http:\/\/pbs.twimg.com\/profile_images\/575877989461663744\/1PLzJzEv_normal.jpeg","BelongsTo":"\u039b\u0391\u03a6\u0391\u0396\u0391\u039d\u0397\u03a3","size":"small","name":"basic-graph"},{"Tweet":"\u03a3\u03c5\u03bd\u03b5\u03c1\u03b3\u03b1\u03c3\u03af\u03b1 \u03bc\u03b5 \u03c4\u03b7 \u0392\u03b5\u03bd\u03b5\u03b6\u03bf\u03c5\u03ad\u03bb\u03b1 \u03bf\u03b9\u03ba\u03bf\u03b4\u03bf\u03bc\u03b5\u03af \u03bf \u03a0. \u039b\u03b1\u03c6\u03b1\u03b6\u03ac\u03bd\u03b7\u03c2 - Capital.gr | \u2026","UserName":"Online Shopping","Date":"Fri May 15 22:42:49 +0000 2015","icon":"http:\/\/pbs.twimg.com\/profile_images\/583876237308792832\/lVTR713__normal.jpg","BelongsTo":"\u039b\u0391\u03a6\u0391\u0396\u0391\u039d\u0397\u03a3","size":"small","name":"basic-graph"},{"Tweet":"\u03a3\u03c5\u03bd\u03b5\u03c1\u03b3\u03b1\u03c3\u03af\u03b1 \u03bc\u03b5 \u03c4\u03b7 \u0392\u03b5\u03bd\u03b5\u03b6\u03bf\u03c5\u03ad\u03bb\u03b1 \u03bf\u03b9\u03ba\u03bf\u03b4\u03bf\u03bc\u03b5\u03af \u03bf \u03a0. \u039b\u03b1\u03c6\u03b1\u03b6\u03ac\u03bd\u03b7\u03c2 - Capital.gr |","UserName":"Newstalk","Date":"Fri May 15 22:42:20 +0000 2015","icon":"http:\/\/pbs.twimg.com\/profile_images\/3383970022\/3f15fff8fd58823c14b6241cb645fd42_normal.jpeg","BelongsTo":"\u039b\u0391\u03a6\u0391\u0396\u0391\u039d\u0397\u03a3","size":"small","name":"basic-graph"},{"Tweet":"\u0389\u03be\u03b5\u03c1\u03b1 \u03b4\u03cd\u03bf \u03c4\u03c1\u03b1\u03ba\u03b1\u03b4\u03cc\u03c1\u03bf\u03c5\u03c2 \u03c0\u03bf\u03c5 \u03be\u03b5\u03ba\u03af\u03bd\u03b7\u03c3\u03b1\u03bd \u03bd\u03b1 \u03c0\u03ac\u03bd\u03b5 \u03b4\u03b9\u03b1\u03ba\u03bf\u03c0\u03ad\u03c2 \u03ba\u03b1\u03b9 \u03cc\u03c4\u03b1\u03bd \u03ad\u03c6\u03c4\u03b1\u03c3\u03b1\u03bd \u03b4\u03b9\u03b1\u03c0\u03af\u03c3\u03c4\u03c9\u03c3\u03b1\u03bd \u03cc\u03c4\u03b9 \u03ba\u03b1\u03bd\u03b5\u03af\u03c2 \u03c4\u03bf\u03c5\u03c2 \u03b4\u03b5\u03bd \u03b5\u03af\u03c7\u03b5 \u03c7\u03c1\u03ae\u03bc\u03b1\u03c4\u03b1.","UserName":"special K","Date":"Fri May 15 22:30:32 +0000 2015","icon":"http:\/\/pbs.twimg.com\/profile_images\/424697976242864128\/9O4yuXRZ_normal.jpeg","BelongsTo":"\u039b\u0391\u03a6\u0391\u0396\u0391\u039d\u0397\u03a3","size":"small","name":"basic-graph"},{"Tweet":"\u03a4\u03bf \u03ba\u03b1\u03bb\u03c5\u03c4\u03b5\u03c1\u03bf \u03b1\u03bd\u03b5\u03ba\u03b4\u03bf\u03c4\u03bf... \u039a\u03bb\u03b1\u03c5\u03c3\u03b9\u03b3\u03b5\u03bb\u03bf\u03c2","UserName":"Thomas R","Date":"Fri May 15 21:58:40 +0000 2015","icon":"http:\/\/pbs.twimg.com\/profile_images\/378800000010024572\/a6a971a89ece903cb19221460aa03d97_normal.jpeg","BelongsTo":"\u039b\u0391\u03a6\u0391\u0396\u0391\u039d\u0397\u03a3","size":"small","name":"basic-graph"},{"Tweet":"\u0394\u0395\u039d \u0395\u0399\u039d\u0391\u0399 \u0397 \u00ab\u039a\u0391\u03a4\u0391\u03a1\u0391\u039c\u0395\u039d\u0397\u00bb \u0391\u03a1\u0399\u03a3\u03a4\u0395\u03a1\u0391 \u03a4\u039f \u03a0\u03a1\u039f\u0392\u039b\u0397\u039c\u0391 \u03a4\u0397\u03a3 \u0395\u03a5\u03a1\u03a9\u03a0\u0397\u03a3","UserName":"\u039a\u03bf\u03bc\u03c0\u03bf\u03cd\u03b3\u03b9\u03b1\u03c2 \u039a\u03ce\u03c3\u03c4\u03b1\u03c2","Date":"Fri May 15 21:51:19 +0000 2015","icon":"http:\/\/pbs.twimg.com\/profile_images\/3282405258\/baa7dbc14d42c1b17d57efe7e3ede28f_normal.jpeg","BelongsTo":"\u039b\u0391\u03a6\u0391\u0396\u0391\u039d\u0397\u03a3","size":"small","name":"basic-graph"},{"Tweet":"\u03a0\u03ac\u03bd\u03b5 \u03ba\u03b1\u03b9 \u03c4\u03b1 \u03bb\u03b5\u03c6\u03c4\u03ac \u03b1\u03c0\u03cc","UserName":"Fed Stringas","Date":"Fri May 15 21:41:40 +0000 2015","icon":"http:\/\/abs.twimg.com\/sticky\/default_profile_images\/default_profile_5_normal.png","BelongsTo":"\u039b\u0391\u03a6\u0391\u0396\u0391\u039d\u0397\u03a3","size":"small","name":"basic-graph"}],"links":[{"source":1,"target":0},{"source":2,"target":0},{"source":3,"target":0},{"source":4,"target":0},{"source":5,"target":0},{"source":6,"target":0},{"source":7,"target":0},{"source":8,"target":0},{"source":9,"target":0},{"source":10,"target":0},{"source":11,"target":0},{"source":12,"target":0},{"source":13,"target":0},{"source":14,"target":0}]}