{"nodes":[{"Tweet":"Deputy","UserName":"\u039a\u03a9\u039d\u03a3\u03a4\u0391\u039d\u03a4\u039f\u03a0\u039f\u03a5\u039b\u039f\u03a5","Date":"null","icon":"http:\/\/www.thetoc.gr\/images\/articles\/1\/article_35092\/pantreuetai-i-zwi-kwnstantopoulou.w_l.jpg","BelongsTo":"null","size":"big","name":"basic-graph"},{"Tweet":"\u03a3\u03c5\u03bd\u03ac\u03bd\u03c4\u03b7\u03c3\u03b7 \u039a\u03c9\u03bd\u03c3\u03c4\u03b1\u03bd\u03c4\u03bf\u03c0\u03bf\u03cd\u03bb\u03bf\u03c5 \u03bc\u03b5 \u03b1\u03bd\u03c4\u03b9\u03c0\u03c1\u03bf\u03c3\u03c9\u03c0\u03b5\u03af\u03b1 \u03c4\u03b7\u03c2 AHEPA","UserName":"Newsbomb Economy ","Date":"Sat May 16 07:08:36 +0000 2015","icon":"http:\/\/pbs.twimg.com\/profile_images\/568368129248464896\/7t8YQ1lh_normal.jpeg","BelongsTo":"\u039a\u03a9\u039d\u03a3\u03a4\u0391\u039d\u03a4\u039f\u03a0\u039f\u03a5\u039b\u039f\u03a5","size":"small","name":"basic-graph"},{"Tweet":"\u0397 \u039a\u03c9\u03bd\u03c3\u03c4\u03b1\u03bd\u03c4\u03bf\u03c0\u03bf\u03cd\u03bb\u03bf\u03c5 \u03b1\u03c1\u03bd\u03b5\u03af\u03c4\u03b1\u03b9 \u03bd\u03b1 \u03b4\u03ce\u03c3\u03b5\u03b9 \u03c4\u03b1 \u03b1\u03c0\u03bf\u03b8\u03b5\u03bc\u03b1\u03c4\u03b9\u03ba\u03ac \u03c4\u03b7\u03c2 \u0392\u03bf\u03c5\u03bb\u03ae\u03c2","UserName":"Businessnews.gr","Date":"Sat May 16 06:30:08 +0000 2015","icon":"http:\/\/pbs.twimg.com\/profile_images\/553482494649974784\/2FXPQ3P__normal.jpeg","BelongsTo":"\u039a\u03a9\u039d\u03a3\u03a4\u0391\u039d\u03a4\u039f\u03a0\u039f\u03a5\u039b\u039f\u03a5","size":"small","name":"basic-graph"},{"Tweet":"\u0397 \u039a\u03c9\u03bd\u03c3\u03c4\u03b1\u03bd\u03c4\u03bf\u03c0\u03bf\u03cd\u03bb\u03bf\u03c5 \u03b1\u03c1\u03bd\u03ae\u03b8\u03b7\u03ba\u03b5 \u03bd\u03b1 \u03b4\u03ce\u03c3\u03b5\u03b9 \u03c7\u03c1\u03ae\u03bc\u03b1\u03c4\u03b1 \u03c4\u03b7\u03c2 \u0392\u03bf\u03c5\u03bb\u03ae\u03c2 \u03c3\u03c4\u03bf \u0394\u03b7\u03bc\u03cc\u03c3\u03b9\u03bf","UserName":"Pontos-News.Gr","Date":"Fri May 15 17:51:07 +0000 2015","icon":"http:\/\/pbs.twimg.com\/profile_images\/562164015204298753\/mbaYDR2t_normal.png","BelongsTo":"\u039a\u03a9\u039d\u03a3\u03a4\u0391\u039d\u03a4\u039f\u03a0\u039f\u03a5\u039b\u039f\u03a5","size":"small","name":"basic-graph"},{"Tweet":"\u03a3\u03a5\u03a1\u0399\u0396\u0391: \u03a4\u03b1 \u03bd\u03c4\u03b1\u03bf\u03cd\u03bb\u03b9\u03b1 \u03ba \u03b6\u03bf\u03c5\u03c1\u03bd\u03ac\u03b4\u03b5\u03c2 \u03b3\u03b9\u03b1 \u03bd\u03b1 \u03c7\u03bf\u03c1\u03ad\u03c8\u03bf\u03c5\u03bd \u03c0\u03b1\u03c1\u03b1\u03ba\u03b1\u03bb\u03ce...","UserName":"Achill Christodoulou","Date":"Fri May 15 11:39:41 +0000 2015","icon":"http:\/\/pbs.twimg.com\/profile_images\/471006194803290112\/PyVKtGwx_normal.jpeg","BelongsTo":"\u039a\u03a9\u039d\u03a3\u03a4\u0391\u039d\u03a4\u039f\u03a0\u039f\u03a5\u039b\u039f\u03a5","size":"small","name":"basic-graph"},{"Tweet":"\u03a7\u03b1\u03bc\u03cc\u03c2 \u03c3\u03c4\u03b7\u03bd \u03ba\u03c5\u03b2\u03ad\u03c1\u03bd\u03b7\u03c3\u03b7 - \u03a1\u03bf\u03c5\u03ba\u03ad\u03c4\u03b5\u03c2 \u03b1\u03c0\u03cc \u0396\u03c9\u03ae \u039a\u03c9\u03bd\u03c3\u03c4\u03b1\u03bd\u03c4\u03bf\u03c0\u03bf\u03cd\u03bb\u03bf\u03c5 \u03ba\u03b1\u03b9 \u03a3\u03a5\u03a1\u0399\u0396\u0391","UserName":"OnlyCy News","Date":"Fri May 15 10:55:20 +0000 2015","icon":"http:\/\/pbs.twimg.com\/profile_images\/456782944690913281\/ehdNBE_N_normal.png","BelongsTo":"\u039a\u03a9\u039d\u03a3\u03a4\u0391\u039d\u03a4\u039f\u03a0\u039f\u03a5\u039b\u039f\u03a5","size":"small","name":"basic-graph"},{"Tweet":"\u00ab\u03a4\u03b9 \u03c3\u03b7\u03bc\u03b1\u03af\u03bd\u03b5\u03b9 \u03c4\u03bf \u03cc\u03bd\u03bf\u03bc\u03ac \u03c3\u03bf\u03c5\u00bb -\u03a4\u03b9 \u03bb\u03ad\u03b5\u03b9 \u03b3\u03b9\u03b1 \u0392\u03b1\u03c1\u03bf\u03c5\u03c6\u03ac\u03ba\u03b7, \u03a4\u03c3\u03af\u03c0\u03c1\u03b1, \u039a\u03c9\u03bd\u03c3\u03c4\u03b1\u03bd\u03c4\u03bf\u03c0\u03bf\u03cd\u03bb\u03bf\u03c5 \u03b7 \u03bd\u03ad\u03b1 \u03b5\u03c6\u03b1\u03c1\u03bc\u03bf\u03b3\u03ae \u03c0\u03bf\u03c5 \u03ba\u03ac\u03bd\u03b5\u03b9 \u03b8\u03c1\u03b1\u03cd\u03c3\u03b7 [\u03b5\u03b9...","UserName":"TA NEA online","Date":"Fri May 15 08:44:04 +0000 2015","icon":"http:\/\/pbs.twimg.com\/profile_images\/485400295988400129\/ollRCYGf_normal.png","BelongsTo":"\u039a\u03a9\u039d\u03a3\u03a4\u0391\u039d\u03a4\u039f\u03a0\u039f\u03a5\u039b\u039f\u03a5","size":"small","name":"basic-graph"},{"Tweet":"\u03ba\u03b1\u03c4\u03b1\u03b3\u03b3\u03ad\u03bb\u03bb\u03b5\u03b9 \u03bc\u03b5 \u03b5\u03c0\u03b9\u03c3\u03c4\u03bf\u03bb\u03ae \u03c3\u03c4\u03b7\u03bd \u0396\u03c9\u03ae \u039a\u03c9\u03bd\u03c3\u03c4\u03b1\u03bd\u03c4\u03bf\u03c0\u03bf\u03cd\u03bb\u03bf\u03c5","UserName":"Antenna News","Date":"Fri May 15 08:39:24 +0000 2015","icon":"http:\/\/pbs.twimg.com\/profile_images\/522717332980776962\/Ad9VZLaz_normal.jpeg","BelongsTo":"\u039a\u03a9\u039d\u03a3\u03a4\u0391\u039d\u03a4\u039f\u03a0\u039f\u03a5\u039b\u039f\u03a5","size":"small","name":"basic-graph"},{"Tweet":"\u0391\u03c6\u03cc\u03c0\u03bb\u03b9\u03c3\u03b5 \u03b7 \u0396\u03c9\u03ae \u039a\u03c9\u03bd\u03c3\u03c4\u03b1\u03bd\u03c4\u03bf\u03c0\u03bf\u03cd\u03bb\u03bf\u03c5! - Bam.gr via","UserName":"Andreas Morfopoulos","Date":"Fri May 15 05:46:03 +0000 2015","icon":"http:\/\/pbs.twimg.com\/profile_images\/378800000026770349\/60a193b8b41e8b3ee8da4d6e99267bdc_normal.jpeg","BelongsTo":"\u039a\u03a9\u039d\u03a3\u03a4\u0391\u039d\u03a4\u039f\u03a0\u039f\u03a5\u039b\u039f\u03a5","size":"small","name":"basic-graph"},{"Tweet":"\u0395\u03c0\u03af\u03b8\u03b5\u03c3\u03b7 \u03c4\u03b7\u03c2 \u039a\u03c9\u03bd\u03c3\u03c4\u03b1\u03bd\u03c4\u03bf\u03c0\u03bf\u03cd\u03bb\u03bf\u03c5 \u03c3\u03c4\u03b7\u03bd \u03ba\u03c5\u03b2\u03ad\u03c1\u03bd\u03b7\u03c3\u03b7 \u03b3\u03b9\u03b1 \u03c4\u03b9\u03c2 \u03c5\u03c0\u03bf\u03c7\u03c9\u03c1\u03ae\u03c3\u03b5\u03b9\u03c2...","UserName":"\u03b5\u03c6\u03b7\u03bc\u03b5\u03c1\u03af\u03b4\u03b1 \u03b4\u03b7\u03bc\u03bf\u03ba\u03c1\u03b1\u03c4\u03af\u03b1","Date":"Fri May 15 05:29:48 +0000 2015","icon":"http:\/\/pbs.twimg.com\/profile_images\/2158837848\/Capture_normal.JPG","BelongsTo":"\u039a\u03a9\u039d\u03a3\u03a4\u0391\u039d\u03a4\u039f\u03a0\u039f\u03a5\u039b\u039f\u03a5","size":"small","name":"basic-graph"},{"Tweet":"H \u039a\u03c9\u03bd\u03c3\u03c4\u03b1\u03bd\u03c4\u03bf\u03c0\u03bf\u03cd\u03bb\u03bf\u03c5 \u03c3\u03c6\u03c5\u03c1\u03bf\u03ba\u03cc\u03c0\u03b7\u03c3\u03b5 \u03c4\u03bf\u03bd \u0394\u03c1\u03b1\u03b3\u03b1\u03c3\u03ac\u03ba\u03b7 \u03b3\u03b9\u03b1 \u03c4\u03b7 \u03c3\u03c5\u03bc\u03c6\u03c9\u03bd\u03af\u03b1","UserName":"nocomments.gr","Date":"Fri May 15 05:18:35 +0000 2015","icon":"http:\/\/pbs.twimg.com\/profile_images\/2762496993\/6f579a562bf1ab0b59569b416aa9561b_normal.png","BelongsTo":"\u039a\u03a9\u039d\u03a3\u03a4\u0391\u039d\u03a4\u039f\u03a0\u039f\u03a5\u039b\u039f\u03a5","size":"small","name":"basic-graph"},{"Tweet":"\u0395\u03c0\u03b9\u03c3\u03c4\u03bf\u03bb\u03ae \u03c4\u03bf\u03c5 \u039d. \u039a\u03c9\u03bd\u03c3\u03c4\u03b1\u03bd\u03c4\u03cc\u03c0\u03bf\u03c5\u03bb\u03bf\u03c5 \u03b3\u03b9\u03b1 \u03c4\u03b7 \u03c3\u03c5\u03bd\u03ad\u03bd\u03c4\u03b5\u03c5\u03be\u03b7 \u0393. \u03a0\u03b1\u03bd\u03bf\u03cd\u03c3\u03b7 \u03c3\u03c4\u03bf UNFOLLOW \u03bc\u03b1 \u03ad\u03bb\u03b5\u03b3\u03b5 \u03c8\u03ad\u03bc\u03bc\u03b1\u03c4\u03b1 \u03bf \u03a0\u03b1\u03bd\u03bf\u03cd\u03c3\u03b7\u03c2; \u03c8\u03ad\u03bc\u03bc\u03b1\u03c4\u03b1;","UserName":"ptsiaras","Date":"Thu May 14 13:46:09 +0000 2015","icon":"http:\/\/pbs.twimg.com\/profile_images\/1376635743\/04-03-31_19-32_normal.jpg","BelongsTo":"\u039a\u03a9\u039d\u03a3\u03a4\u0391\u039d\u03a4\u039f\u03a0\u039f\u03a5\u039b\u039f\u03a5","size":"small","name":"basic-graph"},{"Tweet":"\u0397 \u03c3\u03c5\u03bd\u03ac\u03bd\u03c4\u03b7\u03c3\u03b7 \u03c4\u03b7\u03c2 \u0396\u03c9\u03ae\u03c2 \u039a\u03c9\u03bd\u03c3\u03c4\u03b1\u03bd\u03c4\u03bf\u03c0\u03bf\u03cd\u03bb\u03bf\u03c5 \u03bc\u03b5 \u03b5\u03bb\u03bb\u03b7\u03bd\u03b9\u03ba\u03bf\u03cd\u03c2 \u03c3\u03c5\u03bb\u03bb\u03cc\u03b3\u03bf\u03c5\u03c2 \u03c4\u03b7\u03c2 \u039c\u03cc\u03c3\u03c7\u03b1\u03c2","UserName":"Pontos-News.Gr","Date":"Thu May 14 13:42:36 +0000 2015","icon":"http:\/\/pbs.twimg.com\/profile_images\/562164015204298753\/mbaYDR2t_normal.png","BelongsTo":"\u039a\u03a9\u039d\u03a3\u03a4\u0391\u039d\u03a4\u039f\u03a0\u039f\u03a5\u039b\u039f\u03a5","size":"small","name":"basic-graph"},{"Tweet":"\u0395\u03c0\u03b9\u03c3\u03c4\u03bf\u03bb\u03ae \u03c4\u03bf\u03c5 \u039d. \u039a\u03c9\u03bd\u03c3\u03c4\u03b1\u03bd\u03c4\u03cc\u03c0\u03bf\u03c5\u03bb\u03bf\u03c5 \u03b3\u03b9\u03b1 \u03c4\u03b7 \u03c3\u03c5\u03bd\u03ad\u03bd\u03c4\u03b5\u03c5\u03be\u03b7 \u0393. \u03a0\u03b1\u03bd\u03bf\u03cd\u03c3\u03b7 \u03c3\u03c4\u03bf UNFOLLOW :: left.gr","UserName":"left.gr","Date":"Thu May 14 13:23:47 +0000 2015","icon":"http:\/\/pbs.twimg.com\/profile_images\/3112082968\/50abdb26e5264ee195bbea612e9c265e_normal.jpeg","BelongsTo":"\u039a\u03a9\u039d\u03a3\u03a4\u0391\u039d\u03a4\u039f\u03a0\u039f\u03a5\u039b\u039f\u03a5","size":"small","name":"basic-graph"},{"Tweet":"\u03a9\u03c1\u03b1\u03af\u03bf \u03b1\u03c5\u03c4\u03cc \u03c4\u03bf \u03c4\u03c3\u03af\u03c1\u03ba\u03bf \u03bc\u03cc\u03bb\u03b9\u03c2 3 \u03c7\u03c1\u03cc\u03bd\u03b9\u03b1 \u03b1\u03c0\u03cc \u03c4\u03bf \u03ba\u03bf\u03cd\u03c1\u03b5\u03bc\u03b1 \u03c4\u03bf\u03c5 \u03b4\u03b7\u03bc\u03bf\u03c3\u03af\u03bf\u03c5 \u03c7\u03c1\u03ad\u03bf\u03c5\u03c2 (PSI). \u0398\u03b1 \u03b2\u03ac\u03bb\u03b5\u03b9 \u03b7 \u03ba\u03cc\u03c1\u03b7 \u03c4\u03bf\u03c5 \u039a\u03c9\u03c3\u03c4\u03b1\u03bd\u03c4\u03cc\u03c0\u03bf\u03c5\u03bb\u03bf\u03c5...","UserName":"sotiris loustas","Date":"Thu May 14 08:55:06 +0000 2015","icon":"http:\/\/pbs.twimg.com\/profile_images\/1362252540\/koitao_ourano_normal.jpg","BelongsTo":"\u039a\u03a9\u039d\u03a3\u03a4\u0391\u039d\u03a4\u039f\u03a0\u039f\u03a5\u039b\u039f\u03a5","size":"small","name":"basic-graph"},{"Tweet":"\u039c\u03bf\u03af\u03c1\u03b1\u03c3\u03b5...\u03b4\u03ce\u03c1\u03b1 \u03b7 \u039a\u03c9\u03bd\u03c3\u03c4\u03b1\u03bd\u03c4\u03bf\u03c0\u03bf\u03cd\u03bb\u03bf\u03c5 (\u0392\u0399\u039d\u03a4\u0395\u039f)","UserName":"\u03a4\u03bf \u03a0\u03b1\u03c1\u03b1\u03c3\u03ba\u03ae\u03bd\u03b9\u03bf","Date":"Wed May 13 19:59:02 +0000 2015","icon":"http:\/\/pbs.twimg.com\/profile_images\/2293415199\/zwk5yc8lvbqoyxx6swd5_normal.png","BelongsTo":"\u039a\u03a9\u039d\u03a3\u03a4\u0391\u039d\u03a4\u039f\u03a0\u039f\u03a5\u039b\u039f\u03a5","size":"small","name":"basic-graph"},{"Tweet":"\u039c\u03bf\u03af\u03c1\u03b1\u03c3\u03b5\u2026\u03b4\u03ce\u03c1\u03b1 \u03b7 \u039a\u03c9\u03bd\u03c3\u03c4\u03b1\u03bd\u03c4\u03bf\u03c0\u03bf\u03cd\u03bb\u03bf\u03c5 (\u0392\u0399\u039d\u03a4\u0395\u039f)","UserName":"Dimitris Leonov","Date":"Wed May 13 19:50:17 +0000 2015","icon":"http:\/\/pbs.twimg.com\/profile_images\/1599465638\/che_2_normal.jpg","BelongsTo":"\u039a\u03a9\u039d\u03a3\u03a4\u0391\u039d\u03a4\u039f\u03a0\u039f\u03a5\u039b\u039f\u03a5","size":"small","name":"basic-graph"},{"Tweet":"\u039a\u03c9\u03bd\u03c3\u03c4\u03b1\u03bd\u03c4\u03bf\u03c0\u03bf\u03cd\u03bb\u03bf\u03c5: \u0395\u03af\u03bd\u03b1\u03b9 \u03c0\u03b1\u03c1\u03ac\u03bd\u03bf\u03bc\u03bf \u03ba\u03b1\u03b9 \u03c0\u03c1\u03ad\u03c0\u03b5\u03b9 \u03bd\u03b1 \u03b4\u03b9\u03b1\u03b3\u03c1\u03b1\u03c6\u03b5\u03af \u03c3\u03b7\u03bc\u03b1\u03bd\u03c4\u03b9\u03ba\u03cc \u03bc\u03ad\u03c1\u03bf\u03c2 \u03c4\u03bf\u03c5 \u03b5\u03bb\u03bb\u03b7\u03bd\u03b9\u03ba\u03bf\u03cd \u03c7\u03c1\u03ad\u03bf\u03c5\u03c2","UserName":"Zacharias Pelekis","Date":"Wed May 13 17:07:33 +0000 2015","icon":"http:\/\/abs.twimg.com\/sticky\/default_profile_images\/default_profile_0_normal.png","BelongsTo":"\u039a\u03a9\u039d\u03a3\u03a4\u0391\u039d\u03a4\u039f\u03a0\u039f\u03a5\u039b\u039f\u03a5","size":"small","name":"basic-graph"}],"links":[{"source":1,"target":0},{"source":2,"target":0},{"source":3,"target":0},{"source":4,"target":0},{"source":5,"target":0},{"source":6,"target":0},{"source":7,"target":0},{"source":8,"target":0},{"source":9,"target":0},{"source":10,"target":0},{"source":11,"target":0},{"source":12,"target":0},{"source":13,"target":0},{"source":14,"target":0},{"source":15,"target":0},{"source":16,"target":0},{"source":17,"target":0}]}