{"nodes":[{"Tweet":"Deputy","UserName":"\u039a\u039f\u03a5\u03a4\u03a3\u039f\u03a5\u039c\u03a0\u0391\u03a3","Date":"null","icon":"http:\/\/www.sofokleousin.gr\/files\/koutsoumpas_dimitris_144368301.jpg","BelongsTo":"null","size":"big","name":"basic-graph"},{"Tweet":"\u0394\u03b7\u03bc. \u039a\u03bf\u03c5\u03c4\u03c3\u03bf\u03cd\u03bc\u03c0\u03b1\u03c2: \u0395\u03af\u03bd\u03b1\u03b9 \u03c3\u03c4\u03b1 \u03c3\u03ba\u03b1\u03c1\u03b9\u03ac \u03ad\u03bd\u03b1 \u03bd\u03ad\u03bf \u03bc\u03bd\u03b7\u03bc\u03cc\u03bd\u03b9\u03bf","UserName":"vassilis nedos","Date":"Sat May 16 07:51:41 +0000 2015","icon":"http:\/\/pbs.twimg.com\/profile_images\/477873715741753346\/Y5iWx4PO_normal.jpeg","BelongsTo":"\u039a\u039f\u03a5\u03a4\u03a3\u039f\u03a5\u039c\u03a0\u0391\u03a3","size":"small","name":"basic-graph"},{"Tweet":"\u039a\u03bf\u03c5\u03c4\u03c3\u03bf\u03cd\u03bc\u03c0\u03b1\u03c2: \u039a\u03ac\u03bb\u03c0\u03b9\u03ba\u03bf \u03c4\u03bf \u03b4\u03af\u03bb\u03b7\u03bc\u03bc\u03b1 \u03c3\u03c5\u03bc\u03c6\u03c9\u03bd\u03af\u03b1 \u03ae \u03c7\u03c1\u03b5\u03bf\u03ba\u03bf\u03c0\u03af\u03b1","UserName":"alter thess","Date":"Sat May 16 07:24:06 +0000 2015","icon":"http:\/\/pbs.twimg.com\/profile_images\/1134337648\/logo_normal.png","BelongsTo":"\u039a\u039f\u03a5\u03a4\u03a3\u039f\u03a5\u039c\u03a0\u0391\u03a3","size":"small","name":"basic-graph"},{"Tweet":"\u039a\u03bf\u03c5\u03c4\u03c3\u03bf\u03cd\u03bc\u03c0\u03b1\u03c2: \u039a\u03ac\u03bb\u03c0\u03b9\u03ba\u03bf \u03c4\u03bf \u03b4\u03af\u03bb\u03b7\u03bc\u03bc\u03b1 \u00ab\u03c3\u03c5\u03bc\u03c6\u03c9\u03bd\u03af\u03b1 \u03ae \u03c7\u03c1\u03b5\u03bf\u03ba\u03bf\u03c0\u03af\u03b1\u00bb","UserName":"LENA","Date":"Fri May 15 19:59:10 +0000 2015","icon":"http:\/\/pbs.twimg.com\/profile_images\/2136743022\/_______093_normal.jpg","BelongsTo":"\u039a\u039f\u03a5\u03a4\u03a3\u039f\u03a5\u039c\u03a0\u0391\u03a3","size":"small","name":"basic-graph"},{"Tweet":"\u039a\u03bf\u03c5\u03c4\u03c3\u03bf\u03cd\u03bc\u03c0\u03b1\u03c2: \u039a\u03ac\u03bb\u03c0\u03b9\u03ba\u03bf \u03c4\u03bf \u03b4\u03af\u03bb\u03b7\u03bc\u03bc\u03b1 \u00ab\u03c3\u03c5\u03bc\u03c6\u03c9\u03bd\u03af\u03b1 \u03ae \u03c7\u03c1\u03b5\u03bf\u03ba\u03bf\u03c0\u03af\u03b1\u00bb:...","UserName":"\u03b5\u03c6\u03b7\u03bc\u03b5\u03c1\u03af\u03b4\u03b1 \u03b4\u03b7\u03bc\u03bf\u03ba\u03c1\u03b1\u03c4\u03af\u03b1","Date":"Fri May 15 19:33:47 +0000 2015","icon":"http:\/\/pbs.twimg.com\/profile_images\/2158837848\/Capture_normal.JPG","BelongsTo":"\u039a\u039f\u03a5\u03a4\u03a3\u039f\u03a5\u039c\u03a0\u0391\u03a3","size":"small","name":"basic-graph"},{"Tweet":"\u039a\u03bf\u03c5\u03c4\u03c3\u03bf\u03cd\u03bc\u03c0\u03b1\u03c2: \u039a\u03b1\u03bd\u03b5\u03af\u03c2 \u03b4\u03b5\u03bd \u03bc\u03c0\u03bf\u03c1\u03b5\u03af \u03bd\u03b1 \u03b1\u03bd\u03c4\u03b9\u03bc\u03b5\u03c4\u03c9\u03c0\u03af\u03c3\u03b5\u03b9 \u03bc\u03cc\u03bd\u03bf\u03c2 \u03c4\u03b7\u03bd \u03ba\u03b1\u03c4\u03ac\u03c3\u03c4\u03b1\u03c3\u03b7","UserName":"\u30b1\u30c4\u30ed\u30bc\u30c3\u30bf","Date":"Fri May 15 19:23:48 +0000 2015","icon":"http:\/\/pbs.twimg.com\/profile_images\/423173076847579136\/p-p-oiEj_normal.jpeg","BelongsTo":"\u039a\u039f\u03a5\u03a4\u03a3\u039f\u03a5\u039c\u03a0\u0391\u03a3","size":"small","name":"basic-graph"},{"Tweet":"\u0394. \u039a\u03bf\u03c5\u03c4\u03c3\u03bf\u03cd\u03bc\u03c0\u03b1\u03c2: ''\u039d\u03b1 \u03c0\u03ac\u03c1\u03bf\u03c5\u03bd \u03c0\u03af\u03c3\u03c9 \u03bf\u03b9 \u03b5\u03c1\u03b3\u03b1\u03b6\u03cc\u03bc\u03b5\u03bd\u03bf\u03b9 \u03c4\u03bf 13\u03bf \u03ba\u03b1\u03b9 14\u03bf \u03bc\u03b9\u03c3\u03b8\u03cc, \u03bf\u03b9 \u03c3\u03c5\u03bd\u03c4\u03b1\u03be\u03b9\u03bf\u03cd\u03c7\u03bf\u03b9 \u03c4\u03b7 13\u03b7 \u03ba\u03b1\u03b9 14\u03b7 \u03c3\u03cd\u03bd\u03c4\u03b1\u03be\u03b7''","UserName":"Dimitris Kolios","Date":"Fri May 15 18:37:50 +0000 2015","icon":"http:\/\/pbs.twimg.com\/profile_images\/1877678015\/48904_1297111359_6888_n_normal.jpg","BelongsTo":"\u039a\u039f\u03a5\u03a4\u03a3\u039f\u03a5\u039c\u03a0\u0391\u03a3","size":"small","name":"basic-graph"},{"Tweet":"\u039a\u03bf\u03c5\u03c4\u03c3\u03bf\u03cd\u03bc\u03c0\u03b1\u03c2: \u039a\u03ac\u03bb\u03c0\u03b9\u03ba\u03bf \u03c4\u03bf \u03b4\u03af\u03bb\u03b7\u03bc\u03bc\u03b1 \u03c3\u03c5\u03bc\u03c6\u03c9\u03bd\u03af\u03b1 \u03ae \u03c7\u03c1\u03b5\u03bf\u03ba\u03bf\u03c0\u03af\u03b1 \u03ba\u03b1\u03b9 \u03ad\u03be\u03bf\u03b4\u03bf\u03c2 \u03b1\u03c0\u03cc \u03c4\u03bf \u03b5\u03c5\u03c1\u03ce","UserName":"Newsbomb Economy ","Date":"Fri May 15 18:09:08 +0000 2015","icon":"http:\/\/pbs.twimg.com\/profile_images\/568368129248464896\/7t8YQ1lh_normal.jpeg","BelongsTo":"\u039a\u039f\u03a5\u03a4\u03a3\u039f\u03a5\u039c\u03a0\u0391\u03a3","size":"small","name":"basic-graph"},{"Tweet":"\u039a\u03bf\u03c5\u03c4\u03c3\u03bf\u03cd\u03bc\u03c0\u03b1\u03c2: \u00ab\u0394\u03b5\u03bd \u03c5\u03c0\u03ac\u03c1\u03c7\u03bf\u03c5\u03bd \u03c3\u03c9\u03c4\u03ae\u03c1\u03b5\u03c2 \u03b3\u03b9\u03b1 \u03c4\u03bf \u03bb\u03b1\u03cc \u03c3\u03c4\u03b9\u03c2 \u03ba\u03c5\u03b2\u03b5\u03c1\u03bd\u03ae\u03c3\u03b5\u03b9\u03c2\u00bb","UserName":"\u03a4\u039f \u03a0\u039f\u039d\u03a4\u0399\u039a\u0399","Date":"Fri May 15 17:59:05 +0000 2015","icon":"http:\/\/pbs.twimg.com\/profile_images\/811634028\/pontikaki_normal.jpg","BelongsTo":"\u039a\u039f\u03a5\u03a4\u03a3\u039f\u03a5\u039c\u03a0\u0391\u03a3","size":"small","name":"basic-graph"},{"Tweet":"\u039a\u03bf\u03c5\u03c4\u03c3\u03bf\u03cd\u03bc\u03c0\u03b1\u03c2: \u00ab\u039a\u03ac\u03bb\u03c0\u03b9\u03ba\u03bf \u03c4\u03bf \u03b4\u03af\u03bb\u03b7\u03bc\u03bc\u03b1 \u03c3\u03c5\u03bc\u03c6\u03c9\u03bd\u03af\u03b1 \u03ae \u03c7\u03c1\u03b5\u03bf\u03ba\u03bf\u03c0\u03af\u03b1\u00bb","UserName":"TA NEA","Date":"Fri May 15 17:48:22 +0000 2015","icon":"http:\/\/pbs.twimg.com\/profile_images\/3286964334\/39493cf350e7b69d594378384844e94d_normal.png","BelongsTo":"\u039a\u039f\u03a5\u03a4\u03a3\u039f\u03a5\u039c\u03a0\u0391\u03a3","size":"small","name":"basic-graph"},{"Tweet":"\u039a\u03bf\u03c5\u03c4\u03c3\u03bf\u03cd\u03bc\u03c0\u03b1\u03c2: \u00ab\u03a3\u03c4\u03ac\u03c7\u03c4\u03b7 \u03c3\u03c4\u03b1 \u03bc\u03ac\u03c4\u03b9\u03b1 \u03c4\u03bf\u03c5 \u03bb\u03b1\u03bf\u03cd\u00bb","UserName":"Newsbomb Economy ","Date":"Fri May 15 14:29:21 +0000 2015","icon":"http:\/\/pbs.twimg.com\/profile_images\/568368129248464896\/7t8YQ1lh_normal.jpeg","BelongsTo":"\u039a\u039f\u03a5\u03a4\u03a3\u039f\u03a5\u039c\u03a0\u0391\u03a3","size":"small","name":"basic-graph"},{"Tweet":"\u039a\u03bf\u03c5\u03c4\u03c3\u03bf\u03cd\u03bc\u03c0\u03b1\u03c2: \u03a3\u03c4\u03ac\u03c7\u03c4\u03b7 \u03c3\u03c4\u03b1 \u03bc\u03ac\u03c4\u03b9\u03b1 \u03c4\u03bf\u03c5 \u03bb\u03b1\u03bf\u03cd \u03c4\u03bf \u03b4\u03b7\u03bc\u03bf\u03c8\u03ae\u03c6\u03b9\u03c3\u03bc\u03b1 | iefimerida.gr -","UserName":"iefimerida","Date":"Fri May 15 12:35:39 +0000 2015","icon":"http:\/\/pbs.twimg.com\/profile_images\/532185642864623616\/AK8fkG3f_normal.png","BelongsTo":"\u039a\u039f\u03a5\u03a4\u03a3\u039f\u03a5\u039c\u03a0\u0391\u03a3","size":"small","name":"basic-graph"},{"Tweet":"\u039a\u03bf\u03c5\u03c4\u03c3\u03bf\u03cd\u03bc\u03c0\u03b1\u03c2: \u00ab\u03a3\u03c4\u03ac\u03c7\u03c4\u03b7 \u03c3\u03c4\u03b1 \u03bc\u03ac\u03c4\u03b9\u03b1 \u03c4\u03bf\u03c5 \u03bb\u03b1\u03bf\u03cd\u00bb \u03c4\u03b1 \u03c0\u03b5\u03c1\u03af \u03b4\u03b7\u03bc\u03bf\u03c8\u03b7\u03c6\u03af\u03c3\u03bc\u03b1\u03c4\u03bf\u03c2 \u03ba\u03b1\u03b9 \u03b5\u03ba\u03bb\u03bf\u03b3\u03ce\u03bd","UserName":"alter thess","Date":"Fri May 15 12:10:06 +0000 2015","icon":"http:\/\/pbs.twimg.com\/profile_images\/1134337648\/logo_normal.png","BelongsTo":"\u039a\u039f\u03a5\u03a4\u03a3\u039f\u03a5\u039c\u03a0\u0391\u03a3","size":"small","name":"basic-graph"},{"Tweet":"\u039a\u03bf\u03c5\u03c4\u03c3\u03bf\u03cd\u03bc\u03c0\u03b1\u03c2: \u0398\u03ad\u03bb\u03bf\u03c5\u03bd \u03c4\u03bf \u03bb\u03b1\u03cc \u03c3\u03c5\u03bd\u03ad\u03bd\u03bf\u03c7\u03bf \u03c3\u03b5 \u03bc\u03af\u03b1 \u03b1\u03bd\u03c4\u03b9\u03bb\u03b1\u03ca\u03ba\u03ae \u03c0\u03bf\u03bb\u03b9\u03c4\u03b9\u03ba\u03ae via","UserName":"Antenna News","Date":"Fri May 15 11:42:47 +0000 2015","icon":"http:\/\/pbs.twimg.com\/profile_images\/522717332980776962\/Ad9VZLaz_normal.jpeg","BelongsTo":"\u039a\u039f\u03a5\u03a4\u03a3\u039f\u03a5\u039c\u03a0\u0391\u03a3","size":"small","name":"basic-graph"},{"Tweet":"\u039a\u03bf\u03c5\u03c4\u03c3\u03bf\u03cd\u03bc\u03c0\u03b1\u03c2: \u00ab\u03a3\u03c4\u03ac\u03c7\u03c4\u03b7 \u03c3\u03c4\u03b1 \u03bc\u03ac\u03c4\u03b9\u03b1 \u03c4\u03bf\u03c5 \u03bb\u03b1\u03bf\u03cd \u03c4\u03b1 \u03c0\u03b5\u03c1\u03af \u03b4\u03b7\u03bc\u03bf\u03c8\u03b7\u03c6\u03af\u03c3\u03bc\u03b1\u03c4\u03bf\u03c2\u00bb","UserName":"TA NEA","Date":"Fri May 15 11:20:20 +0000 2015","icon":"http:\/\/pbs.twimg.com\/profile_images\/3286964334\/39493cf350e7b69d594378384844e94d_normal.png","BelongsTo":"\u039a\u039f\u03a5\u03a4\u03a3\u039f\u03a5\u039c\u03a0\u0391\u03a3","size":"small","name":"basic-graph"},{"Tweet":"\u039a\u03bf\u03c5\u03c4\u03c3\u03bf\u03cd\u03bc\u03c0\u03b1\u03c2: \u03a3\u03c4\u03ac\u03c7\u03c4\u03b7 \u03c3\u03c4\u03b1 \u03bc\u03ac\u03c4\u03b9\u03b1 \u03c4\u03bf\u03c5 \u03bb\u03b1\u03bf\u03cd \u03c4\u03bf \u03b4\u03b7\u03bc\u03bf\u03c8\u03ae\u03c6\u03b9\u03c3\u03bc\u03b1 \u03ba\u03b1\u03b9 \u03bf\u03b9 \u03b5\u03ba\u03bb\u03bf\u03b3\u03ad\u03c2 -","UserName":"VASILIKI!","Date":"Fri May 15 10:46:08 +0000 2015","icon":"http:\/\/pbs.twimg.com\/profile_images\/579217987653238784\/6mu3wjzQ_normal.jpg","BelongsTo":"\u039a\u039f\u03a5\u03a4\u03a3\u039f\u03a5\u039c\u03a0\u0391\u03a3","size":"small","name":"basic-graph"},{"Tweet":"\u039a\u03bf\u03c5\u03c4\u03c3\u03bf\u03cd\u03bc\u03c0\u03b1\u03c2: \u039d\u03ad\u03bf \u03bc\u03bd\u03b7\u03bc\u03cc\u03bd\u03b9\u03bf \u03bc\u03b5 \u03b1\u03c1\u03b9\u03c3\u03c4\u03b5\u03c1\u03cc \u03c0\u03b5\u03c1\u03b9\u03c4\u03cd\u03bb\u03b9\u03b3\u03bc\u03b1 \u039d\u03ad\u03bf \u039c\u03bd\u03b7\u03bc\u03cc\u03bd\u03b9\u03bf \u03bc\u03b5 \"\u03b1\u03c1\u03b9\u03c3\u03c4\u03b5\u03c1\u03cc\" \u03c0\u03b5\u03c1\u03b9\u03c4\u03cd\u03bb\u03b9\u03b3\u03bc\u03b1 \u03b8\u03b1 \u03b5\u03af\u03bd\u03b1\u03b9 \u03b7 \u03c3\u03c5\u03bc\u03c6\u03c9\u03bd\u03af\u03b1 \u03c0\u03bf\u03c5 \u03b5\u03c4\u03bf","UserName":"Abomus - \u0395\u03bb\u03bb\u03ac\u03b4\u03b1","Date":"Fri May 15 06:32:41 +0000 2015","icon":"http:\/\/pbs.twimg.com\/profile_images\/595592452796329984\/LjxuNYNS_normal.jpg","BelongsTo":"\u039a\u039f\u03a5\u03a4\u03a3\u039f\u03a5\u039c\u03a0\u0391\u03a3","size":"small","name":"basic-graph"}],"links":[{"source":1,"target":0},{"source":2,"target":0},{"source":3,"target":0},{"source":4,"target":0},{"source":5,"target":0},{"source":6,"target":0},{"source":7,"target":0},{"source":8,"target":0},{"source":9,"target":0},{"source":10,"target":0},{"source":11,"target":0},{"source":12,"target":0},{"source":13,"target":0},{"source":14,"target":0},{"source":15,"target":0},{"source":16,"target":0}]}