{"nodes":[{"Tweet":"Deputy","UserName":"\u039c\u0397\u03a4\u03a3\u039f\u03a4\u0391\u039a\u0397\u03a3","Date":"null","icon":"http:\/\/www.lifo.gr\/uploads\/image\/768220\/%CE%9C%CE%B7%CF%84%CF%83%CE%BF%CF%84%CE%AC%CE%BA%CE%B7%CF%824.jpg","BelongsTo":"null","size":"big","name":"basic-graph"},{"Tweet":"\u039c\u03b7\u03c4\u03c3\u03bf\u03c4\u03ac\u03ba\u03b7\u03c2: \u00ab\u039b\u03ac\u03b8\u03bf\u03c2 \u03bc\u03b1\u03c2 \u03c9\u03c2 \u039d\u0394 \u03c0\u03bf\u03c5 \u03b4\u03b5\u03bd \u03c3\u03c4\u03b7\u03c1\u03af\u03be\u03b1\u03bc\u03b5 \u03c4\u03bf \u03c0\u03c1\u03ce\u03c4\u03bf \u03c0\u03c1\u03cc\u03b3\u03c1\u03b1\u03bc\u03bc\u03b1 \u03c4\u03bf\u03c5 2010\u00bb - epikairo.gr via","UserName":"Spyros Kalogeropoulo","Date":"Mon May 18 22:47:00 +0000 2015","icon":"http:\/\/pbs.twimg.com\/profile_images\/2806820602\/db822c979bb4a27a6899cd709bb2cb18_normal.jpeg","BelongsTo":"\u039c\u0397\u03a4\u03a3\u039f\u03a4\u0391\u039a\u0397\u03a3","size":"small","name":"basic-graph"},{"Tweet":"\u039f\u03cd\u03c4\u03b5 \u03ad\u03bd\u03b1 ISO \u03b4\u03b5 \u03bc\u03bf\u03c5 \u03ad\u03c7\u03bf\u03c5\u03bd \u03b4\u03ce\u03c3\u03b5\u03b9.","UserName":"o\u03c1\u03c6\u03b1\u03bd\u03cc \u03c4\u03bf\u03c5 \u03a3\u03c4\u03ac\u03bb\u03b9\u03bd \u262d","Date":"Mon May 18 22:36:22 +0000 2015","icon":"http:\/\/pbs.twimg.com\/profile_images\/554742400443117568\/BBQPDBMs_normal.jpeg","BelongsTo":"\u039c\u0397\u03a4\u03a3\u039f\u03a4\u0391\u039a\u0397\u03a3","size":"small","name":"basic-graph"},{"Tweet":"\u0393\u03b9\u03b1 \u03c0\u03b5\u03c2 \u03ba\u03b9 \u03b5\u03c3\u03cd \u03c0\u03cc\u03c3\u03bf \u03b5\u03af\u03c7\u03b5\u03c2 \u03b3\u03c1\u03ac\u03c8\u03b5\u03b9 \u03c4\u03bf\u03b9\u03c7\u03bf\u03b3\u03c1\u03b1\u03c6\u03af\u03b1 \u03ba\u03b1\u03c4\u03b5\u03cd\u03b8\u03c5\u03bd\u03c3\u03b7\u03c2;","UserName":"Lt Cdr Valaris","Date":"Mon May 18 22:31:12 +0000 2015","icon":"http:\/\/pbs.twimg.com\/profile_images\/598547036355563520\/2OIMBVos_normal.jpg","BelongsTo":"\u039c\u0397\u03a4\u03a3\u039f\u03a4\u0391\u039a\u0397\u03a3","size":"small","name":"basic-graph"},{"Tweet":"\u039f\u03c4\u03b1\u03bd \u03b3\u03b5\u03bd\u03bd\u03ae\u03b8\u03b7\u03ba\u03b5 \u03bf \u03c4\u03bf \u03bc\u03b5\u03b3\u03b1\u03bb\u03bf \u03c0\u03b5\u03c5\u03ba\u03bf \u03b7\u03c4\u03b1\u03bd \u03b3\u03bb\u03b1\u03c3\u03c4\u03c1\u03b1...","UserName":"H_TSOYXTRA","Date":"Mon May 18 21:52:00 +0000 2015","icon":"http:\/\/pbs.twimg.com\/profile_images\/587592304984064001\/W8Ho35P-_normal.jpg","BelongsTo":"\u039c\u0397\u03a4\u03a3\u039f\u03a4\u0391\u039a\u0397\u03a3","size":"small","name":"basic-graph"},{"Tweet":"\u039a\u03c5\u03c1\u03b9\u03ac\u03ba\u03bf\u03c2 \u039c\u03b7\u03c4\u03c3\u03bf\u03c4\u03ac\u03ba\u03b7\u03c2: [\u03b1\u03bd \u03b7 \u039d\u0394 \u03ba\u03b1\u03c4\u03b1\u03c8\u03b7\u03c6\u03af\u03c3\u03b5\u03b9 \u03c4\u03b1 \u03bc\u03ad\u03c4\u03c1\u03b1]: \"\u03ba\u03b9\u03bd\u03b4\u03c5\u03bd\u03b5\u03cd\u03bf\u03c5\u03bc\u03b5 \u03bd\u03b1 \u03b6\u03b1\u03bb\u03b9\u03c3\u03c4\u03bf\u03cd\u03bc\u03b5 \u03b5\u03bc\u03b5\u03af\u03c2 \u03b1\u03c0\u03cc \u03c4\u03b9\u03c2 \u03c0\u03b9\u03c1\u03bf\u03c5\u03ad\u03c4\u03b5\u03c2 \u03bc\u03b1\u03c2\"","UserName":"bahaleiro","Date":"Mon May 18 21:23:21 +0000 2015","icon":"http:\/\/pbs.twimg.com\/profile_images\/594240829889318913\/0xd1sxhM_normal.jpg","BelongsTo":"\u039c\u0397\u03a4\u03a3\u039f\u03a4\u0391\u039a\u0397\u03a3","size":"small","name":"basic-graph"},{"Tweet":"GREEK TIPSTERS TIMES '\u039f\u03cd\u03c4\u03b5 \u03ad\u03bd\u03b1 ISO \u03b4\u03b5 \u03bc\u03bf\u03c5 \u03ad\u03c7\u03bf\u03c5\u03bd \u03b4\u03ce\u03c3\u03b5\u03b9. '","UserName":"\u039cytipsters","Date":"Mon May 18 20:34:52 +0000 2015","icon":"http:\/\/pbs.twimg.com\/profile_images\/547746129484320768\/6uyH1J24_normal.jpeg","BelongsTo":"\u039c\u0397\u03a4\u03a3\u039f\u03a4\u0391\u039a\u0397\u03a3","size":"small","name":"basic-graph"},{"Tweet":"'\u039f\u03cd\u03c4\u03b5 \u03ad\u03bd\u03b1 ISO \u03b4\u03b5 \u03bc\u03bf\u03c5 \u03ad\u03c7\u03bf\u03c5\u03bd \u03b4\u03ce\u03c3\u03b5\u03b9. '","UserName":"\u039cytipsters","Date":"Mon May 18 20:34:49 +0000 2015","icon":"http:\/\/pbs.twimg.com\/profile_images\/547746129484320768\/6uyH1J24_normal.jpeg","BelongsTo":"\u039c\u0397\u03a4\u03a3\u039f\u03a4\u0391\u039a\u0397\u03a3","size":"small","name":"basic-graph"},{"Tweet":"\u039c\u03ae\u03c0\u03c9\u03c2 \u03b5\u03c5\u03c7\u03b7\u03b8\u03b7\u03ba\u03b5\u03c2 \u03c3\u03c4\u03bf \u03a3\u03b1\u03bc\u03b1\u03c1\u03ac \u03c0\u03c1\u03b9\u03bd \u03c4\u03bf \u03ba\u03ac\u03c4\u03b1\u03b3\u03bc\u03b1;","UserName":"ekmekkataifi","Date":"Mon May 18 20:06:05 +0000 2015","icon":"http:\/\/pbs.twimg.com\/profile_images\/589023605272354816\/1W3ET4E3_normal.jpg","BelongsTo":"\u039c\u0397\u03a4\u03a3\u039f\u03a4\u0391\u039a\u0397\u03a3","size":"small","name":"basic-graph"},{"Tweet":"\u039c\u03b7\u03c4\u03c3\u03bf\u03c4\u03ac\u03ba\u03b7\u03c2: \u039d\u03b1 \u03bc\u03b7\u03bd \u03ba\u03ac\u03bd\u03bf\u03c5\u03bc\u03b5 \u03c4\u03bf \u03bb\u03ac\u03b8\u03bf\u03c2 \u03c4\u03bf\u03c5 2010 | \u03a4\u03bf \u039a\u03bf\u03c5\u03c4\u03af \u03c4\u03b7\u03c2 \u03a0\u03b1\u03bd\u03b4\u03ce\u03c1\u03b1\u03c2 via","UserName":"\u03c0\u03c1\u03bf\u03c7\u03b5\u03b9\u03c1\u03bf\u03b3\u03c1\u03ac\u03c6\u03bf\u03c2","Date":"Mon May 18 19:58:50 +0000 2015","icon":"http:\/\/pbs.twimg.com\/profile_images\/457267330838323200\/B4a3Zzex_normal.jpeg","BelongsTo":"\u039c\u0397\u03a4\u03a3\u039f\u03a4\u0391\u039a\u0397\u03a3","size":"small","name":"basic-graph"}],"links":[{"source":1,"target":0},{"source":2,"target":0},{"source":3,"target":0},{"source":4,"target":0},{"source":5,"target":0},{"source":6,"target":0},{"source":7,"target":0},{"source":8,"target":0},{"source":9,"target":0}]}