{"nodes":[{"Tweet":"Deputy","UserName":"\u0392\u03a1\u039f\u03a5\u03a4\u03a3\u0397\u03a3","Date":"null","icon":"http:\/\/www.ivroutsis.gr\/Uploads\/Images\/vroutsis.png","BelongsTo":"null","size":"big","name":"basic-graph"},{"Tweet":"B\u03c1\u03bf\u03cd\u03c4\u03c3\u03b7\u03c2: K\u03b1\u03bd\u03b5\u03af\u03c2 \u03b4\u03b5\u03bd \u03be\u03ad\u03c1\u03b5\u03b9 \u03c4\u03b9 \u03ba\u03ac\u03bd\u03b5\u03b9 \u03b7 \u03ba\u03c5\u03b2\u03ad\u03c1\u03bd\u03b7\u03c3\u03b7- \u03a4\u03b1 \u03ba\u03c1\u03b1\u03c4\u03bf\u03cd\u03bd \u03ba\u03c1\u03c5\u03c6\u03ac","UserName":"\u039a\u03c5\u03c1\u03b9\u03ac\u03ba\u03bf\u03c2 \u0392\u03b5\u03bb\u03cc\u03c0\u03bf\u03c5\u03bb\u03bf\u03c2","Date":"Sun May 17 15:29:31 +0000 2015","icon":"http:\/\/pbs.twimg.com\/profile_images\/573877036076437505\/6ZX-q3ns_normal.jpeg","BelongsTo":"\u0392\u03a1\u039f\u03a5\u03a4\u03a3\u0397\u03a3","size":"small","name":"basic-graph"},{"Tweet":"\u0392\u03c1\u03bf\u03cd\u03c4\u03c3\u03b7\u03c2: \u039f\u03b9 \u03b3\u03c1\u03b1\u03bc\u03bc\u03ad\u03c2 \u03c4\u03b7\u03c2 \u03ba\u03c5\u03b2\u03ad\u03c1\u03bd\u03b7\u03c3\u03b7\u03c2 \u03b5\u03af\u03bd\u03b1\u03b9 \u03ba\u03cc\u03ba\u03ba\u03b9\u03bd\u03b5\u03c2, \u03ba\u03af\u03c4\u03c1\u03b9\u03bd\u03b5\u03c2, \u03bc\u03c0\u03bb\u03b5, \u03c0\u03bf\u03c1\u03c4\u03bf\u03ba\u03b1\u03bb\u03af\u2026","UserName":"Antenna News","Date":"Wed May 13 13:26:46 +0000 2015","icon":"http:\/\/pbs.twimg.com\/profile_images\/522717332980776962\/Ad9VZLaz_normal.jpeg","BelongsTo":"\u0392\u03a1\u039f\u03a5\u03a4\u03a3\u0397\u03a3","size":"small","name":"basic-graph"},{"Tweet":"\u03a3\u03a4\u039f \u03a0\u0391\u03a1\u03a4\u03a5 \u03a4\u03a9\u039d \u039a\u0391\u0398\u0391\u03a1\u0399\u03a3\u03a4\u03a1\u0399\u03a9\u039d \u03a4\u039f\u03a5 \u03a5\u03a0\u039f\u039a. \u03a0\u03a1\u03a9\u03a4\u039f \u03a4\u03a1\u0391\u03a0\u0395\u0396\u0399 \u03a0\u0399\u03a3\u03a4\u0391 \u03a0\u039b\u0391\u039a\u0391 \u039a\u0391\u039d\u03a9!!!!!!!!!","UserName":"@sarafudis","Date":"Tue May 12 19:39:51 +0000 2015","icon":"http:\/\/pbs.twimg.com\/profile_images\/580015860166701056\/DgB7PKcg_normal.jpg","BelongsTo":"\u0392\u03a1\u039f\u03a5\u03a4\u03a3\u0397\u03a3","size":"small","name":"basic-graph"}],"links":[{"source":1,"target":0},{"source":2,"target":0},{"source":3,"target":0}]}