{"nodes":[{"Tweet":"Deputy","UserName":"\u03a3\u03a4\u03a1\u0391\u03a4\u039f\u03a5\u039b\u0397\u03a3","Date":"null","icon":"http:\/\/www.tribune.gr\/wp-content\/uploads\/2015\/02\/stratoulis1.jpg","BelongsTo":"null","size":"big","name":"basic-graph"},{"Tweet":"\u03a3\u03c4\u03c1\u03b1\u03c4\u03bf\u03cd\u03bb\u03b7\u03c2: \u039d\u03b1 \u03c0\u03ac\u03bc\u03b5 \u03c3\u03c4\u03bf\u03c5\u03c2 BRICS \u03bd\u03b1 \u03c0\u03ac\u03c1\u03bf\u03c5\u03bc\u03b5 \u03c7\u03c1\u03ae\u03bc\u03b1\u03c4\u03b1 \u03c7\u03c9\u03c1\u03af\u03c2 \u03bc\u03bd\u03b7\u03bc\u03cc\u03bd\u03b9\u03b1","UserName":"Tobias Schorr","Date":"Mon May 18 16:39:53 +0000 2015","icon":"http:\/\/pbs.twimg.com\/profile_images\/566350381177778176\/xGYk_F15_normal.jpeg","BelongsTo":"\u03a3\u03a4\u03a1\u0391\u03a4\u039f\u03a5\u039b\u0397\u03a3","size":"small","name":"basic-graph"},{"Tweet":"\u0394. \u03a3\u03c4\u03c1\u03b1\u03c4\u03bf\u03cd\u03bb\u03b7\u03c2: \u00ab\u039a\u03ac\u03b8\u03b5 \u03b7\u03bc\u03ad\u03c1\u03b1 \u03bf \u03ba. \u03bb\u03ad\u03b5\u03b9 \u03ba\u03b1\u03b9 \u03ad\u03bd\u03b1 \u03bd\u03ad\u03bf \u03c8\u03ad\u03bc\u03b1\u00bb O\u03cd\u03c4\u03b5 \u03bf \u0386\u03b4\u03c9\u03bd\u03b9\u03c2 \u03c7\u03b1\u03c7\u03b1 https:\u2026","UserName":"\u0393\u03b9\u03ac\u03bd\u03bd\u03b7\u03c2 @arkoudos","Date":"Mon May 18 15:52:48 +0000 2015","icon":"http:\/\/pbs.twimg.com\/profile_images\/2818170510\/36d2931322c33ba792c0583c38edd898_normal.jpeg","BelongsTo":"\u03a3\u03a4\u03a1\u0391\u03a4\u039f\u03a5\u039b\u0397\u03a3","size":"small","name":"basic-graph"},{"Tweet":"\u0394. \u03a3\u03c4\u03c1\u03b1\u03c4\u03bf\u03cd\u03bb\u03b7\u03c2: \u00ab\u039a\u03ac\u03b8\u03b5 \u03b7\u03bc\u03ad\u03c1\u03b1 \u03bf \u03ba. \u03bb\u03ad\u03b5\u03b9 \u03ba\u03b1\u03b9 \u03ad\u03bd\u03b1 \u03bd\u03ad\u03bf \u03c8\u03ad\u03bc\u03b1\u00bb O\u03cd\u03c4\u03b5 \u03bf \u0386\u03b4\u03c9\u03bd\u03b9\u03c2 \u03c7\u03b1\u03c7\u03b1","UserName":"\u30b8\u30a7\u30cb ","Date":"Mon May 18 15:48:27 +0000 2015","icon":"http:\/\/pbs.twimg.com\/profile_images\/587383907634515968\/asxTnjEg_normal.png","BelongsTo":"\u03a3\u03a4\u03a1\u0391\u03a4\u039f\u03a5\u039b\u0397\u03a3","size":"small","name":"basic-graph"},{"Tweet":"\u03a3\u03c4\u03c1\u03b1\u03c4\u03bf\u03cd\u03bb\u03b7\u03c2: \u039a\u03b1\u03c4\u03ac\u03c1\u03b3\u03b7\u03c3\u03b7 \u03c1\u03ae\u03c4\u03c1\u03b1\u03c2 \u03bc\u03b7\u03b4\u03b5\u03bd\u03b9\u03ba\u03bf\u03cd \u03b5\u03bb\u03bb\u03b5\u03af\u03bc\u03bc\u03b1\u03c4\u03bf\u03c2","UserName":"Spyros Langkos","Date":"Mon May 18 14:16:25 +0000 2015","icon":"http:\/\/pbs.twimg.com\/profile_images\/525980661614538752\/GrJtefHv_normal.jpeg","BelongsTo":"\u03a3\u03a4\u03a1\u0391\u03a4\u039f\u03a5\u039b\u0397\u03a3","size":"small","name":"basic-graph"},{"Tweet":"\u0394. \u03a3\u03c4\u03c1\u03b1\u03c4\u03bf\u03cd\u03bb\u03b7\u03c2: \u00ab\u039a\u03ac\u03b8\u03b5 \u03b7\u03bc\u03ad\u03c1\u03b1 \u03bf \u03ba. \u0392\u03c1\u03bf\u03cd\u03c4\u03c3\u03b7\u03c2 \u03bb\u03ad\u03b5\u03b9 \u03ba\u03b1\u03b9 \u03ad\u03bd\u03b1 \u03bd\u03ad\u03bf \u03c8\u03ad\u03bc\u03b1\u00bb via","UserName":"Vasilis  Andritsos","Date":"Mon May 18 13:51:18 +0000 2015","icon":"http:\/\/pbs.twimg.com\/profile_images\/519220658220171265\/O-dU3tS3_normal.jpeg","BelongsTo":"\u03a3\u03a4\u03a1\u0391\u03a4\u039f\u03a5\u039b\u0397\u03a3","size":"small","name":"basic-graph"},{"Tweet":"\u0394. \u03a3\u03c4\u03c1\u03b1\u03c4\u03bf\u03cd\u03bb\u03b7\u03c2: \u00ab\u039a\u03ac\u03b8\u03b5 \u03b7\u03bc\u03ad\u03c1\u03b1 \u03bf \u03ba. \u0392\u03c1\u03bf\u03cd\u03c4\u03c3\u03b7\u03c2 \u03bb\u03ad\u03b5\u03b9 \u03ba\u03b1\u03b9 \u03ad\u03bd\u03b1 \u03bd\u03ad\u03bf \u03c8\u03ad\u03bc\u03b1\u00bb","UserName":"left.gr","Date":"Mon May 18 13:42:45 +0000 2015","icon":"http:\/\/pbs.twimg.com\/profile_images\/3112082968\/50abdb26e5264ee195bbea612e9c265e_normal.jpeg","BelongsTo":"\u03a3\u03a4\u03a1\u0391\u03a4\u039f\u03a5\u039b\u0397\u03a3","size":"small","name":"basic-graph"},{"Tweet":"\u03a3\u03c4\u03c1\u03b1\u03c4\u03bf\u03cd\u03bb\u03b7\u03c2: \u0395\u03af\u03c4\u03b5 \u03b1\u03ba\u03c5\u03c1\u03c9\u03b8\u03b5\u03af, \u03b5\u03af\u03c4\u03b5 \u03b1\u03bd\u03b1\u03c3\u03c4\u03b1\u03bb\u03b5\u03af \u03b7 \u03c1\u03ae\u03c4\u03c1\u03b1 \u03bc\u03b7\u03b4\u03b5\u03bd\u03b9\u03ba\u03bf\u03cd \u03b5\u03bb\u03bb\u03b5\u03af\u03bc\u03b1\u03c4\u03bf\u03c2 \u03b4\u03b5\u03bd \u03b8\u03b1 \u03b5\u03c6\u03b1\u03c1\u03bc\u03bf\u03c3\u03c4\u03b5\u03af...","UserName":"\u03b5\u03c6\u03b7\u03bc\u03b5\u03c1\u03af\u03b4\u03b1 \u03b4\u03b7\u03bc\u03bf\u03ba\u03c1\u03b1\u03c4\u03af\u03b1","Date":"Mon May 18 13:33:31 +0000 2015","icon":"http:\/\/pbs.twimg.com\/profile_images\/2158837848\/Capture_normal.JPG","BelongsTo":"\u03a3\u03a4\u03a1\u0391\u03a4\u039f\u03a5\u039b\u0397\u03a3","size":"small","name":"basic-graph"},{"Tweet":"\u0391\u03bb\u03bb\u03b1\u03b3\u03ad\u03c2 \u03c3\u03c4\u03bf\u03c5\u03c2 \u03ad\u03bb\u03b5\u03b3\u03c7\u03bf\u03c5\u03c2 \u03b3\u03b9\u03b1 \u03c4\u03b7\u03bd \u03b1\u03bd\u03b1\u03c3\u03c6\u03ac\u03bb\u03b9\u03c3\u03c4\u03b7 \u03b5\u03c1\u03b3\u03b1\u03c3\u03af\u03b1 \u03c0\u03c1\u03bf\u03b1\u03bd\u03ae\u03b3\u03b3\u03b5\u03b9\u03bb\u03b5 \u03bf \u03a3\u03c4\u03c1\u03b1\u03c4\u03bf\u03cd\u03bb\u03b7\u03c2","UserName":"dikaiologitika","Date":"Mon May 18 13:25:52 +0000 2015","icon":"http:\/\/pbs.twimg.com\/profile_images\/452058414634385408\/KkePAQ44_normal.jpeg","BelongsTo":"\u03a3\u03a4\u03a1\u0391\u03a4\u039f\u03a5\u039b\u0397\u03a3","size":"small","name":"basic-graph"},{"Tweet":"\u03a3\u03c4\u03c1\u03b1\u03c4\u03bf\u03cd\u03bb\u03b7\u03c2: \u0397 \u03c1\u03ae\u03c4\u03c1\u03b1 \u03bc\u03b7\u03b4\u03b5\u03bd\u03b9\u03ba\u03bf\u03cd \u03b5\u03bb\u03bb\u03b5\u03af\u03bc\u03bc\u03b1\u03c4\u03bf\u03c2 \u03b4\u03b5\u03bd \u03b8\u03b1 \u03b5\u03c6\u03b1\u03c1\u03bc\u03bf\u03c3\u03c4\u03b5\u03af","UserName":"TV \u03a7\u03c9\u03c1\u03af\u03c2 \u03a3\u03cd\u03bd\u03bf\u03c1\u03b1","Date":"Mon May 18 12:57:45 +0000 2015","icon":"http:\/\/pbs.twimg.com\/profile_images\/573121355123585024\/0FVzxYLU_normal.png","BelongsTo":"\u03a3\u03a4\u03a1\u0391\u03a4\u039f\u03a5\u039b\u0397\u03a3","size":"small","name":"basic-graph"},{"Tweet":": \u0394. \u03a3\u03c4\u03c1\u03b1\u03c4\u03bf\u03cd\u03bb\u03b7\u03c2: \u00ab\u0397 \u03c1\u03ae\u03c4\u03c1\u03b1 \u03bc\u03b7\u03b4\u03b5\u03bd\u03b9\u03ba\u03bf\u03cd \u03b5\u03bb\u03bb\u03b5\u03af\u03bc\u03bc\u03b1\u03c4\u03bf\u03c2 \u03b4\u03b5\u03bd \u03b8\u03b1 \u03b5\u03c6\u03b1\u03c1\u03bc\u03bf\u03c3\u03c4\u03b5\u03af \u03b1\u03c0\u03cc \u03b1\u03c5\u03c4\u03ae\u03bd \u03c4\u03b7\u03bd \u03ba\u03c5\u03b2\u03ad\u03c1\u03bd\u03b7\u03c3\u03b7!\u00bb","UserName":"atypos.com","Date":"Mon May 18 12:02:43 +0000 2015","icon":"http:\/\/pbs.twimg.com\/profile_images\/2973789794\/bd9adf8c2f9a6466e42be0635ab40674_normal.png","BelongsTo":"\u03a3\u03a4\u03a1\u0391\u03a4\u039f\u03a5\u039b\u0397\u03a3","size":"small","name":"basic-graph"},{"Tweet":"\u0394\u0395\u039d \u0398\u0391 \u0395\u03a6\u0391\u03a1\u039c\u039f\u03a3\u03a4\u0395\u0399!","UserName":"toxwni","Date":"Mon May 18 11:55:00 +0000 2015","icon":"http:\/\/pbs.twimg.com\/profile_images\/2025069591\/sd_normal.jpg","BelongsTo":"\u03a3\u03a4\u03a1\u0391\u03a4\u039f\u03a5\u039b\u0397\u03a3","size":"small","name":"basic-graph"},{"Tweet":"\u03a3\u03c4\u03bf\u03c0 \u03c3\u03c4\u03bf \u03c3\u03c0\u03ac\u03c3\u03b9\u03bc\u03bf \u03bf\u03bc\u03bf\u03bb\u03cc\u03b3\u03bf\u03c5 \u03b1\u03c0\u03cc \u03c4\u03bf \u0395\u03a4\u0395\u0391 \u03b2\u03ac\u03b6\u03b5\u03b9 \u03bf \u03a3\u03c4\u03c1\u03b1\u03c4\u03bf\u03cd\u03bb\u03b7\u03c2 | alterthess.gr :: via","UserName":"Vasilis  Andritsos","Date":"Mon May 18 07:12:19 +0000 2015","icon":"http:\/\/pbs.twimg.com\/profile_images\/519220658220171265\/O-dU3tS3_normal.jpeg","BelongsTo":"\u03a3\u03a4\u03a1\u0391\u03a4\u039f\u03a5\u039b\u0397\u03a3","size":"small","name":"basic-graph"},{"Tweet":"\u0397 \u03ba\u03c5\u03b2\u03ad\u03c1\u03bd\u03b7\u03c3\u03b7 \u03bc\u03b1\u03c2 \u03b5\u03b3\u03b3\u03c5\u03ac\u03c4\u03b1\u03b9 \u03cc\u03c4\u03b9 \u03bf\u03b9 \u03b5\u03c0\u03b9\u03ba\u03bf\u03c5\u03c1\u03b9\u03ba\u03ad\u03c2 \u03c3\u03c5\u03bd\u03c4\u03ac\u03be\u03b5\u03b9\u03c2 \u03cc\u03c7\u03b9 \u03bc\u03cc\u03bd\u03bf \u03b8\u03b1 \u03ba\u03b1\u03c4\u03b1\u03b2\u03ac\u03bb\u03bb\u03bf\u03bd\u03c4\u03b1\u03b9 \u03ba\u03b1\u03bd\u03bf\u03bd\u03b9\u03ba\u03ac, \u03c0\u03bf\u03c5 \u03b5\u03af\u03bd\u03b1\u03b9 \u03c4\u03bf \u03b1\u03c5\u03c4\u03bf\u03bd\u03cc\u03b7\u03c4\u03bf,...","UserName":"Anastasia Antoniadou","Date":"Sun May 17 22:32:00 +0000 2015","icon":"http:\/\/pbs.twimg.com\/profile_images\/2138879670\/tweet_normal.jpg","BelongsTo":"\u03a3\u03a4\u03a1\u0391\u03a4\u039f\u03a5\u039b\u0397\u03a3","size":"small","name":"basic-graph"},{"Tweet":"\u03a3\u03c4\u03c1\u03b1\u03c4\u03bf\u03cd\u03bb\u03b7\u03c2 \u03b3\u03b9\u03b1 \u03bb\u03b5\u03b7\u03bb\u03b1\u03c3\u03af\u03b1 \u03a4\u03b1\u03bc\u03b5\u03af\u03c9\u03bd: \u039d\u0394 - \u03a0\u0391\u03a3\u039f\u039a \u03b8\u03b1 \u03bb\u03bf\u03b3\u03bf\u03b4\u03bf\u03c4\u03ae\u03c3\u03bf\u03c5\u03bd | TVXS - TV \u03a7\u03c9\u03c1\u03af\u03c2 \u03a3\u03cd\u03bd\u03bf\u03c1\u03b1","UserName":"niktrah","Date":"Sun May 17 22:08:52 +0000 2015","icon":"http:\/\/abs.twimg.com\/sticky\/default_profile_images\/default_profile_3_normal.png","BelongsTo":"\u03a3\u03a4\u03a1\u0391\u03a4\u039f\u03a5\u039b\u0397\u03a3","size":"small","name":"basic-graph"},{"Tweet":"\u0394\u03b5\u03bd \u03b8\u03b1 \u03c3\u03c0\u03ac\u03c3\u03bf\u03c5\u03bd \u03bf\u03bc\u03cc\u03bb\u03bf\u03b3\u03b1 \u03c4\u03bf\u03c5 \u0395\u03a4\u0395\u0391 \u03b4\u03b9\u03b1\u03b2\u03b5\u03b2\u03b1\u03b9\u03ce\u03bd\u03b5\u03b9 \u03bf \u03a3\u03c4\u03c1\u03b1\u03c4\u03bf\u03cd\u03bb\u03b7\u03c2","UserName":"Pontos-News.Gr","Date":"Sun May 17 20:49:08 +0000 2015","icon":"http:\/\/pbs.twimg.com\/profile_images\/562164015204298753\/mbaYDR2t_normal.png","BelongsTo":"\u03a3\u03a4\u03a1\u0391\u03a4\u039f\u03a5\u039b\u0397\u03a3","size":"small","name":"basic-graph"},{"Tweet":"\u03a3\u03c4\u03c1\u03b1\u03c4\u03bf\u03cd\u03bb\u03b7\u03c2: \u039d\u0394 - \u03a0\u0391\u03a3\u039f\u039a \u03b8\u03b1 \u03bb\u03bf\u03b3\u03bf\u03b4\u03bf\u03c4\u03ae\u03c3\u03bf\u03c5\u03bd \u03b3\u03b9\u03b1 \u03c4\u03b7 \u03bb\u03b5\u03b7\u03bb\u03b1\u03c3\u03af\u03b1 \u03c4\u03c9\u03bd \u03a4\u03b1\u03bc\u03b5\u03af\u03c9\u03bd","UserName":"\u039a\u03bf\u03bc\u03c0\u03bf\u03cd\u03b3\u03b9\u03b1\u03c2 \u039a\u03ce\u03c3\u03c4\u03b1\u03c2","Date":"Sun May 17 19:27:40 +0000 2015","icon":"http:\/\/pbs.twimg.com\/profile_images\/3282405258\/baa7dbc14d42c1b17d57efe7e3ede28f_normal.jpeg","BelongsTo":"\u03a3\u03a4\u03a1\u0391\u03a4\u039f\u03a5\u039b\u0397\u03a3","size":"small","name":"basic-graph"}],"links":[{"source":1,"target":0},{"source":2,"target":0},{"source":3,"target":0},{"source":4,"target":0},{"source":5,"target":0},{"source":6,"target":0},{"source":7,"target":0},{"source":8,"target":0},{"source":9,"target":0},{"source":10,"target":0},{"source":11,"target":0},{"source":12,"target":0},{"source":13,"target":0},{"source":14,"target":0},{"source":15,"target":0},{"source":16,"target":0}]}