{"nodes":[{"Tweet":"Deputy","UserName":"\u0394\u0397\u039c\u0391\u03a3","Date":"null","icon":"http:\/\/dimas.gr.185-4-133-49.linuxzone36.grserver.gr\/wp-content\/uploads\/2012\/04\/christos-dimas.jpg","BelongsTo":"null","size":"big","name":"basic-graph"},{"Tweet":"\u039f \u03a7. \u0394\u03ae\u03bc\u03b1\u03c2 \u03c3\u03c5\u03b6\u03ae\u03c4\u03b7\u03c3\u03b5 \u03bc\u03b5 \u03c4\u03bf\u03bd \u03b1\u03c3\u03c4\u03c5\u03bd\u03bf\u03bc\u03b9\u03ba\u03cc \u03b4\u03b9\u03b5\u03c5\u03b8\u03c5\u03bd\u03c4\u03ae \u039a\u03bf\u03c1\u03b9\u03bd\u03b8\u03af\u03b1\u03c2 \u03c4\u03b1 \u03c0\u03c1\u03bf\u03b2\u03bb\u03ae\u03bc\u03b1\u03c4\u03b1 \u03c0\u03bf\u03c5 \u03c5\u03c0\u03ac\u03c1\u03c7\u03bf\u03c5\u03bd\u2026","UserName":"EOE.gr","Date":"Sat May 16 17:07:14 +0000 2015","icon":"http:\/\/pbs.twimg.com\/profile_images\/1673814999\/logo_normal.png","BelongsTo":"\u0394\u0397\u039c\u0391\u03a3","size":"small","name":"basic-graph"},{"Tweet":"\u0391\u03bd \u03ba\u03c1\u03b9\u03bd\u03bf\u03c5\u03bc\u03b5 \u03b1\u03c0\u03bf \u03c4\u03bf \u03c0\u03bf\u03b9\u03bf\u03c5\u03c2 \u03b5\u03b2\u03b1\u03bb\u03b1\u03bd \u03c3\u03b5 \u03ba\u03c1\u03b9\u03c3\u03b9\u03bc\u03b5\u03c2 \u03b8\u03b5\u03c3\u03b5\u03b9\u03c2 \u03c4\u03bf\u03c5 \u039a\u03c1\u03b1\u03c4\u03b9\u03ba\u03bf\u03c5 \u03bc\u03b7\u03c7\u03b1\u03bd\u03b9\u03c3\u03bc\u03bf\u03c5(\u0393\u0393\u03a5\u03c0),\u03c3\u03c4\u03b1 \u039d\/\u03bc \u0394\u03b9\u03bf\u03b9\u03ba\u03b7\u03c4\u03b5\u03c2 \u03b8\u03b1 \u03bc\u03c0\u03bf\u03c5\u03bd \u03bf\u03b9 \u03ba\u03bb\u03b7\u03c4\u03b7\u03c1\u03b5\u03c2 \u03c4\u03bf\u03c5\u03c2..","UserName":"Christos Dimas","Date":"Fri May 15 18:56:17 +0000 2015","icon":"http:\/\/pbs.twimg.com\/profile_images\/574252568412487680\/IH_dov0p_normal.jpeg","BelongsTo":"\u0394\u0397\u039c\u0391\u03a3","size":"small","name":"basic-graph"},{"Tweet":"\u03a7\u03c1. \u0391\u03bd\u03b5\u03c0\u03b1\u03c1\u03ba\u03b5\u03af\u03c2 \u03bf ...","UserName":"\u0393\u03b9\u03ac\u03bd\u03bd\u03b7\u03c2 \u039a\u03b1\u03c1\u03ac\u03bc\u03c0\u03b5\u03bb\u03b1\u03c2","Date":"Thu May 14 12:08:56 +0000 2015","icon":"http:\/\/pbs.twimg.com\/profile_images\/599452476681625600\/O2czVEVo_normal.jpg","BelongsTo":"\u0394\u0397\u039c\u0391\u03a3","size":"small","name":"basic-graph"},{"Tweet":"\u039f \u03a7\u03c1\u03af\u03c3\u03c4\u03bf\u03c2 \u0394\u03ae\u03bc\u03b1\u03c2 \u03b3\u03b9\u03b1 \u03c4\u03b7\u03bd \u03ba\u03b1\u03c4\u03ac\u03c1\u03b3\u03b7\u03c3\u03b7 \u03c4\u03bf\u03c5 \"\u03a6\u03c1\u03bf\u03cd\u03c4\u03b1 \u03c3\u03c4\u03b1 \u03c3\u03c7\u03bf\u03bb\u03b5\u03af\u03b1\" - ekorinthos.gr","UserName":"Vassilis Kikilias","Date":"Thu May 14 12:01:29 +0000 2015","icon":"http:\/\/pbs.twimg.com\/profile_images\/505020896235356160\/zp4pi9Hq_normal.jpeg","BelongsTo":"\u0394\u0397\u039c\u0391\u03a3","size":"small","name":"basic-graph"},{"Tweet":"\u0391\u03bb\u03bb\u03b7 \u03bc\u03b9\u03b1 \u03b1\u03c0\u03bf\u03b4\u03b5\u03b9\u03be\u03b7,\u03bf\u03c4\u03b9 \u03b7 \u03ba\u03b1\u03c4\u03c1\u03b1\u03ba\u03c5\u03bb\u03b1 \u03b4\u03b5\u03bd \u03b5\u03c7\u03b5\u03b9 \u03c4\u03b5\u03bb\u03b5\u03b9\u03c9\u03bc\u03bf \u03c3\u03c4\u03b7 \u03c7\u03c9\u03c1\u03b1 \u03bc\u03b1\u03c2.\u0394\u03b5\u03bd \u03c4\u03bf \u03ba\u03b1\u03c4\u03b1\u03bb\u03b1\u03b2\u03b1\u03b9\u03bd\u03bf\u03c5\u03bd \u03bf\u03b9 \u03a0\u03bd\u03b5\u03c5\u03bc\u03b1\u03c4\u03b9\u03ba\u03bf\u03b9 \u0391\u03c1\u03c7\u03bf\u03bd\u03c4\u03ad\u03c2 \u03bc\u03b1\u03c2???","UserName":"Christos Dimas","Date":"Wed May 13 07:29:47 +0000 2015","icon":"http:\/\/pbs.twimg.com\/profile_images\/574252568412487680\/IH_dov0p_normal.jpeg","BelongsTo":"\u0394\u0397\u039c\u0391\u03a3","size":"small","name":"basic-graph"},{"Tweet":": \u23ec\u2605 \u20b8h\u03be \u2606 B\u03be\u00a7\u20b8 \u2605\u23ec","UserName":"Dimas Bayu Satria","Date":"Tue May 12 19:07:06 +0000 2015","icon":"http:\/\/pbs.twimg.com\/profile_images\/480001223068626946\/a_xDqH29_normal.jpeg","BelongsTo":"\u0394\u0397\u039c\u0391\u03a3","size":"small","name":"basic-graph"},{"Tweet":"\u23ec\u2605 \u20b8h\u03be \u2606 B\u03be\u00a7\u20b8 \u2605\u23ec","UserName":"Dimas Bayu Satria","Date":"Tue May 12 18:58:43 +0000 2015","icon":"http:\/\/pbs.twimg.com\/profile_images\/480001223068626946\/a_xDqH29_normal.jpeg","BelongsTo":"\u0394\u0397\u039c\u0391\u03a3","size":"small","name":"basic-graph"},{"Tweet":"\u2653\u03ac\u2653\u03ac....\u2653\u03ac\u2653\u03ac\u2653\u03ac....\u2653\u03ac\u2653\u03ac.... Whu\u00e1k\u00e4..ki..k\u00e4 *\u2022.\u2027::\u2027 \u2022\u263a\u263a*\u2022.\u2027::\u2027 \u2022~\u2122 \u00b0\u02da\u02da\u00bao(\u2022\u0303\u0361-\u032e\u2022\u0303\u0361) h\u03adh\u03adh\u03ad (\u2022\u0303\u0361-\u032e\u2022\u0303\u0361)o\u00ba\u02da\u02da\u00b0...","UserName":"Dimas Gulbar","Date":"Sat May 09 23:16:23 +0000 2015","icon":"http:\/\/pbs.twimg.com\/profile_images\/591009601165926400\/bvs2bwjh_normal.jpg","BelongsTo":"\u0394\u0397\u039c\u0391\u03a3","size":"small","name":"basic-graph"}],"links":[{"source":1,"target":0},{"source":2,"target":0},{"source":3,"target":0},{"source":4,"target":0},{"source":5,"target":0},{"source":6,"target":0},{"source":7,"target":0},{"source":8,"target":0}]}