{"nodes":[{"Tweet":"Deputy","UserName":"\u0392\u0391\u03a1\u039f\u03a5\u03a6\u0391\u039a\u0397\u03a3","Date":"null","icon":"http:\/\/images32.inewsgr.com\/2040\/20403577\/1.jpg","BelongsTo":"null","size":"big","name":"basic-graph"},{"Tweet":"\u0392\u03b1\u03c1\u03bf\u03c5\u03c6\u03ac\u03ba\u03b7\u03c2 \u03b4\u03b9\u03b1\u03c8\u03b5\u03cd\u03b4\u03b5\u03b9 \u03a0\u03c1\u03ce\u03c4\u03bf \u0398\u03ad\u03bc\u03b1: \u039b\u03af\u03b3\u03b7 \u03c3\u03bf\u03b2\u03b1\u03c1\u03cc\u03c4\u03b7\u03c4\u03b1 \u03b4\u03b5\u03bd \u03b2\u03bb\u03ac\u03c0\u03c4\u03b5\u03b9 | TVXS - TV \u03a7\u03c9\u03c1\u03af\u03c2 \u03a3\u03cd\u03bd\u03bf\u03c1\u03b1","UserName":"avgi jovanovic","Date":"Sun May 17 17:02:39 +0000 2015","icon":"http:\/\/pbs.twimg.com\/profile_images\/565976197696221184\/adh8lAdb_normal.jpeg","BelongsTo":"\u0392\u0391\u03a1\u039f\u03a5\u03a6\u0391\u039a\u0397\u03a3","size":"small","name":"basic-graph"},{"Tweet":"\u03a3\u03c4\u03bf \u03bc\u03c0\u03b1\u03c1 \u03c4\u03bf\u03c5 \u039d\u03af\u03ba\u03bf\u03c5 \u039c\u03c0\u03bf\u03b3\u03b9\u03cc\u03c0\u03bf\u03c5\u03bb\u03bf\u03c5 \u03c4\u03b1 \u03ad\u03c0\u03b9\u03bd\u03b5 \u03bf \u0393\u03b9\u03ac\u03bd\u03b7\u03c2 \u0392\u03b1\u03c1\u03bf\u03c5\u03c6\u03ac\u03ba\u03b7\u03c2 (\u03a6\u03a9\u03a4\u039f)","UserName":"thestival.gr","Date":"Sun May 17 15:28:32 +0000 2015","icon":"http:\/\/pbs.twimg.com\/profile_images\/523901374673600512\/Pi99XcqG_normal.jpeg","BelongsTo":"\u0392\u0391\u03a1\u039f\u03a5\u03a6\u0391\u039a\u0397\u03a3","size":"small","name":"basic-graph"},{"Tweet":"\u039f \u0392\u03b1\u03c1\u03bf\u03c5\u03c6\u03ac\u03ba\u03b7\u03c2 \u03b4\u03b9\u03b1\u03c8\u03b5\u03cd\u03b4\u03b5\u03b9 \u03c4\u03bf \u03a0\u03c1\u03ce\u03c4\u03bf \u0398\u03ad\u03bc\u03b1: \u039b\u03af\u03b3\u03b7 \u03c3\u03bf\u03b2\u03b1\u03c1\u03cc\u03c4\u03b7\u03c4\u03b1 \u03b4\u03b5\u03bd \u03b2\u03bb\u03ac\u03c0\u03c4\u03b5\u03b9 | TVXS - TV \u03a7\u03c9\u03c1\u03af\u03c2 \u03a3\u03cd\u03bd\u03bf\u03c1\u03b1","UserName":"niktrah","Date":"Sun May 17 14:27:50 +0000 2015","icon":"http:\/\/abs.twimg.com\/sticky\/default_profile_images\/default_profile_3_normal.png","BelongsTo":"\u0392\u0391\u03a1\u039f\u03a5\u03a6\u0391\u039a\u0397\u03a3","size":"small","name":"basic-graph"},{"Tweet":"Media: \u039f \u0393\u03b9\u03ac\u03bd\u03b7\u03c2 \u0392\u03b1\u03c1\u03bf\u03c5\u03c6\u03ac\u03ba\u03b7\u03c2 \"\u03c3\u03c4\u03bf\u03bd \u03b5\u03bd\u03b9\u03ba\u03cc\" \u03bc\u03b5 \u03c4\u03bf\u03bd \u039d\u03af\u03ba\u03bf \u03a7\u03b1\u03c4\u03b6\u03b7\u03bd\u03b9\u03ba\u03bf\u03bb\u03ac\u03bf\u03c5!","UserName":"Dimitris Markos","Date":"Sun May 17 12:21:11 +0000 2015","icon":"http:\/\/pbs.twimg.com\/profile_images\/1960668678\/CONTACT51_normal.jpg","BelongsTo":"\u0392\u0391\u03a1\u039f\u03a5\u03a6\u0391\u039a\u0397\u03a3","size":"small","name":"basic-graph"},{"Tweet":"\u039f \u0393\u03b9\u03ac\u03bd\u03b7\u03c2 \u0392\u03b1\u03c1\u03bf\u03c5\u03c6\u03ac\u03ba\u03b7\u03c2 \"\u03c3\u03c4\u03bf\u03bd \u03b5\u03bd\u03b9\u03ba\u03cc\" \u03bc\u03b5 \u03c4\u03bf\u03bd \u039d\u03af\u03ba\u03bf \u03a7\u03b1\u03c4\u03b6\u03b7\u03bd\u03b9\u03ba\u03bf\u03bb\u03ac\u03bf\u03c5!","UserName":"Dimitris Markos","Date":"Sun May 17 12:14:34 +0000 2015","icon":"http:\/\/pbs.twimg.com\/profile_images\/1960668678\/CONTACT51_normal.jpg","BelongsTo":"\u0392\u0391\u03a1\u039f\u03a5\u03a6\u0391\u039a\u0397\u03a3","size":"small","name":"basic-graph"},{"Tweet":"\u039f \u0392\u03b1\u03c1\u03bf\u03c5\u03c6\u03ac\u03ba\u03b7\u03c2 \u03b4\u03b9\u03b1\u03c8\u03b5\u03cd\u03b4\u03b5\u03b9 \u03c4\u03bf \u03a0\u03c1\u03ce\u03c4\u03bf \u0398\u03ad\u03bc\u03b1: \u039b\u03af\u03b3\u03b7 \u03c3\u03bf\u03b2\u03b1\u03c1\u03cc\u03c4\u03b7\u03c4\u03b1 \u03b4\u03b5\u03bd \u03b2\u03bb\u03ac\u03c0\u03c4\u03b5\u03b9","UserName":"\u03a0\u03b9\u03ba\u03bf\u03c2@\u0391\u03c0\u03b9\u03ba\u03bf\u03c2","Date":"Sun May 17 11:54:17 +0000 2015","icon":"http:\/\/pbs.twimg.com\/profile_images\/585179876338049024\/DmwxzsNb_normal.jpg","BelongsTo":"\u0392\u0391\u03a1\u039f\u03a5\u03a6\u0391\u039a\u0397\u03a3","size":"small","name":"basic-graph"},{"Tweet":"\u039f \u0392\u03b1\u03c1\u03bf\u03c5\u03c6\u03ac\u03ba\u03b7\u03c2 \u03b4\u03b9\u03b1\u03c8\u03b5\u03cd\u03b4\u03b5\u03b9 \u03c4\u03bf \u03a0\u03c1\u03ce\u03c4\u03bf \u0398\u03ad\u03bc\u03b1: \u039b\u03af\u03b3\u03b7 \u03c3\u03bf\u03b2\u03b1\u03c1\u03cc\u03c4\u03b7\u03c4\u03b1 \u03b4\u03b5\u03bd \u03b2\u03bb\u03ac\u03c0\u03c4\u03b5\u03b9. \u03a0\u03c1\u03ce\u03c4\u03b7... \u039c\u03bf\u03bd\u03c4\u03b1\u03b6\u03b9\u03ad\u03c1\u03b1.","UserName":"Corina Vasilopoulou","Date":"Sun May 17 09:26:45 +0000 2015","icon":"http:\/\/pbs.twimg.com\/profile_images\/576748882895360000\/MV4jSEXe_normal.jpeg","BelongsTo":"\u0392\u0391\u03a1\u039f\u03a5\u03a6\u0391\u039a\u0397\u03a3","size":"small","name":"basic-graph"}],"links":[{"source":1,"target":0},{"source":2,"target":0},{"source":3,"target":0},{"source":4,"target":0},{"source":5,"target":0},{"source":6,"target":0},{"source":7,"target":0}]}