{"nodes":[{"Tweet":"Deputy","UserName":"\u0393\u0395\u03a9\u03a1\u0393\u0399\u0391\u0394\u0397\u03a3","Date":"null","icon":"http:\/\/static.myworld.gr\/assets\/media\/Top\/picture%20prosopa\/92394.jpg","BelongsTo":"null","size":"big","name":"basic-graph"},{"Tweet":"\u039f \u0386\u03b4\u03c9\u03bd\u03b9\u03c2 \u0393\u03b5\u03c9\u03c1\u03b3\u03b9\u03ac\u03b4\u03b7\u03c2 \u03b4\u03af\u03bd\u03b5\u03b9 \u03c8\u03ae\u03c6\u03bf \u03b5\u03bc\u03c0\u03b9\u03c3\u03c4\u03bf\u03c3\u03cd\u03bd\u03b7\u03c2 \u03c3\u03c4\u03bf\u03bd \u03a3\u03ac\u03ba\u03b7 \u03a1\u03bf\u03c5\u03b2\u03ac -","UserName":"\u03a0\u03b1\u03bd\u03bf\u03c1\u03b1\u03bc\u03af\u03be","Date":"Thu May 14 09:21:53 +0000 2015","icon":"http:\/\/pbs.twimg.com\/profile_images\/564533890291740672\/WTqITqzZ_normal.jpeg","BelongsTo":"\u0393\u0395\u03a9\u03a1\u0393\u0399\u0391\u0394\u0397\u03a3","size":"small","name":"basic-graph"},{"Tweet":"\u0386\u03b4\u03c9\u03bd\u03b9\u03c2 \u0393\u03b5\u03c9\u03c1\u03b3\u03b9\u03ac\u03b4\u03b7\u03c2: \u03a4\u03b1 \u03c0\u03b1\u03b9\u03b4\u03b9\u03ac \u03c4\u03b7\u03c2 \u0394\u0391\u03a0 \u03bd\u03af\u03ba\u03b7\u03c3\u03b1\u03bd \u03c4\u03b7\u03bd \u03c4\u03c1\u03bf\u03bc\u03bf\u03ba\u03c1\u03b1\u03c4\u03af\u03b1 \u03ba\u03b1\u03b9 \u03c4\u03b7 \u03b2\u03af\u03b1. \u039c\u03c0\u03c1\u03ac\u03b2\u03bf \u03c4\u03bf\u03c5\u03c2! -","UserName":"ASTERIX","Date":"Thu May 14 07:57:22 +0000 2015","icon":"http:\/\/pbs.twimg.com\/profile_images\/564159199534264322\/zk4mix9M_normal.jpeg","BelongsTo":"\u0393\u0395\u03a9\u03a1\u0393\u0399\u0391\u0394\u0397\u03a3","size":"small","name":"basic-graph"},{"Tweet":": \u03a4\u03b1 \u03c0\u03b1\u03b9\u03b4\u03b9\u03ac \u03c4\u03b7\u03c2 \u0394\u0391\u03a0 \u03bd\u03af\u03ba\u03b7\u03c3\u03b1\u03bd \u03c4\u03b7\u03bd \u03c4\u03c1\u03bf\u03bc\u03bf\u03ba\u03c1\u03b1\u03c4\u03af\u03b1 \u03ba\u03b1\u03b9 \u03c4\u03b7 \u03b2\u03af\u03b1. \u039c\u03c0\u03c1\u03ac\u03b2\u03bf \u03c4\u03bf\u03c5\u03c2!","UserName":"\u03a4\u03bf \u03a0\u03b1\u03c1\u03b1\u03c3\u03ba\u03ae\u03bd\u03b9\u03bf","Date":"Thu May 14 06:34:04 +0000 2015","icon":"http:\/\/pbs.twimg.com\/profile_images\/2293415199\/zwk5yc8lvbqoyxx6swd5_normal.png","BelongsTo":"\u0393\u0395\u03a9\u03a1\u0393\u0399\u0391\u0394\u0397\u03a3","size":"small","name":"basic-graph"},{"Tweet":"\u0386\u03b4\u03c9\u03bd\u03b9\u03c2 \u0393\u03b5\u03c9\u03c1\u03b3\u03b9\u03ac\u03b4\u03b7\u03c2: \u03a4\u03b1 \u03c0\u03b1\u03b9\u03b4\u03b9\u03ac \u03c4\u03b7\u03c2 \u0394\u0391\u03a0 \u03bd\u03af\u03ba\u03b7\u03c3\u03b1\u03bd \u03c4\u03b7\u03bd \u03c4\u03c1\u03bf\u03bc\u03bf\u03ba\u03c1\u03b1\u03c4\u03af\u03b1 \u03ba\u03b1\u03b9 \u03c4\u03b7 \u03b2\u03af\u03b1. \u039c\u03c0\u03c1\u03ac\u03b2\u03bf \u03c4\u03bf\u03c5\u03c2!","UserName":"Dimitris Leonov","Date":"Thu May 14 05:53:06 +0000 2015","icon":"http:\/\/pbs.twimg.com\/profile_images\/1599465638\/che_2_normal.jpg","BelongsTo":"\u0393\u0395\u03a9\u03a1\u0393\u0399\u0391\u0394\u0397\u03a3","size":"small","name":"basic-graph"},{"Tweet":"\u03a0\u03b5\u03c1\u03ad\u03b9\u03c1\u03b1, \u0392\u03b9\u03bd\u03c4\u03ac\u03bb, \u03a0\u03bf\u03b3\u03ba\u03bc\u03c0\u03ac \u03ba\u03b1\u03b9 \u03a4\u03ad\u03b2\u03b5\u03c2 \u03bc\u03bf\u03b9\u03ac\u03b6\u03bf\u03c5\u03bd \u03bc\u03b5 \u03c3\u03c5\u03b3\u03ba\u03ac\u03c4\u03bf\u03b9\u03ba\u03bf\u03b9 \u03c4\u03b5\u03c4\u03c1\u03ac\u03ba\u03bb\u03b9\u03bd\u03bf\u03c5 \u03ba\u03b5\u03bb\u03b9\u03bf\u03cd \u03c4\u03bf \u03bf\u03c0\u03bf\u03af\u03bf \u03b4\u03b5\u03bd \u03c4\u03bf\u03bb\u03bc\u03bf\u03cd\u03bd \u03bd\u03b1 \u03c0\u03bb\u03b7\u03c3\u03b9\u03ac\u03c3\u03bf\u03c5\u03bd \u03bf\u03cd\u03c4\u03b5 \u03bf\u03b9 \u03b4\u03b5\u2026","UserName":"George Georgiadis","Date":"Wed May 13 22:26:38 +0000 2015","icon":"http:\/\/pbs.twimg.com\/profile_images\/378800000859362225\/vocaFLHY_normal.jpeg","BelongsTo":"\u0393\u0395\u03a9\u03a1\u0393\u0399\u0391\u0394\u0397\u03a3","size":"small","name":"basic-graph"},{"Tweet":"\u03a3\u03bf, \u03a3\u03bf\u03c5\u03ac\u03c1\u03b5\u03c2 \u03b1\u03bd\u03c4\u03b1\u03bc\u03ce\u03bd\u03b5\u03b9 \u03bc\u03b5 \u039a\u03b9\u03b5\u03bb\u03af\u03bd\u03b9-\u0395\u03b2\u03c1\u03ac \u03c3\u03c4\u03bf\u03bd \u03c0\u03c1\u03ce\u03c4\u03bf \u03c4\u03b5\u03bb\u03b9\u03ba\u03cc \u03c4\u03bf\u03c5, \u039c\u03c0\u03bf\u03c5\u03c6\u03cc\u03bd-\u03a0\u03af\u03c1\u03bb\u03bf \u03b5\u03c0\u03b9\u03c3\u03c4\u03c1\u03ad\u03c6\u03bf\u03c5\u03bd \u03c3\u03c4\u03bf \u03b3\u03ae\u03c0\u03b5\u03b4\u03bf \u03c0\u03bf\u03c5 \u03ad\u03b3\u03b9\u03bd\u03b1\u03bd \u03a0\u03b1\u03b3\u03ba\u03cc\u03c3\u03bc\u03b9\u03bf\u03b9 \u03a0\u03c1\u03c9\u03c4\u2026","UserName":"George Georgiadis","Date":"Wed May 13 22:23:52 +0000 2015","icon":"http:\/\/pbs.twimg.com\/profile_images\/378800000859362225\/vocaFLHY_normal.jpeg","BelongsTo":"\u0393\u0395\u03a9\u03a1\u0393\u0399\u0391\u0394\u0397\u03a3","size":"small","name":"basic-graph"}],"links":[{"source":1,"target":0},{"source":2,"target":0},{"source":3,"target":0},{"source":4,"target":0},{"source":5,"target":0},{"source":6,"target":0}]}