{"nodes":[{"Tweet":"Deputy","UserName":"\u03a4\u03a3\u0399\u03a0\u03a1\u0391\u03a3","Date":"null","icon":"http:\/\/asset.tovima.gr\/vimawebstatic\/\/4FD08321545B960CB4040B951F17DB40.jpg","BelongsTo":"null","size":"big","name":"basic-graph"},{"Tweet":"\u03a4\u03b7 \u03c3\u03c4\u03ae\u03c1\u03b9\u03be\u03b7 \u03c4\u03b7\u03c2 \u03bf\u03bc\u03bf\u03b3\u03ad\u03bd\u03b5\u03b9\u03b1\u03c2 \u03b6\u03ae\u03c4\u03b7\u03c3\u03b5 \u03b1\u03c0\u03cc \u03c4\u03bf\u03c5\u03c2 \u0391\u03a7\u0395\u03a0\u0391 \u03bf \u0391\u03bb. \u03a4\u03c3\u03af\u03c0\u03c1\u03b1\u03c2","UserName":"eklogika.gr","Date":"Thu May 14 12:35:26 +0000 2015","icon":"http:\/\/pbs.twimg.com\/profile_images\/1087582052\/logo_eklogika_normal.jpg","BelongsTo":"\u03a4\u03a3\u0399\u03a0\u03a1\u0391\u03a3","size":"small","name":"basic-graph"},{"Tweet":"\u03a4\u03c3\u03af\u03c0\u03c1\u03b1\u03c2: \u03a3\u03b7\u03bc\u03b1\u03bd\u03c4\u03b9\u03ba\u03ae \u03b7 \u03c3\u03c4\u03ae\u03c1\u03b9\u03be\u03b7 \u03c4\u03b7\u03c2 \u03bf\u03bc\u03bf\u03b3\u03ad\u03bd\u03b5\u03b9\u03b1\u03c2","UserName":"Giorgos Roidis","Date":"Thu May 14 12:31:19 +0000 2015","icon":"http:\/\/pbs.twimg.com\/profile_images\/3676555576\/9fe44c16d2b61dc7e24d26791d6f86fe_normal.jpeg","BelongsTo":"\u03a4\u03a3\u0399\u03a0\u03a1\u0391\u03a3","size":"small","name":"basic-graph"},{"Tweet":"\u00ab\u0391\u03bd\u03cc\u03b7\u03c4\u03bf\u03c2 \u03bf \u03a4\u03c3\u03af\u03c0\u03c1\u03b1\u03c2 \u03b1\u03bd \u03b4\u03b9\u03ce\u03be\u03b5\u03b9 \u03c4\u03bf\u03bd \u03a3\u03c4\u03bf\u03c5\u03c1\u03bd\u03ac\u03c1\u03b1 \u03b5\u03ba\u03c4\u03cc\u03c2 \u03b1\u03bd \u03b8\u03ad\u03bb\u03b5\u03b9\u03c2","UserName":"Fortune Greece","Date":"Thu May 14 11:56:35 +0000 2015","icon":"http:\/\/pbs.twimg.com\/profile_images\/525636991556128769\/amnaVD62_normal.jpeg","BelongsTo":"\u03a4\u03a3\u0399\u03a0\u03a1\u0391\u03a3","size":"small","name":"basic-graph"},{"Tweet":"\u00ab\u0391\u03bd\u03cc\u03b7\u03c4\u03bf\u03c2 \u03bf \u03a4\u03c3\u03af\u03c0\u03c1\u03b1\u03c2 \u03b1\u03bd \u03b4\u03b9\u03ce\u03be\u03b5\u03b9 \u03c4\u03bf\u03bd \u03a3\u03c4\u03bf\u03c5\u03c1\u03bd\u03ac\u03c1\u03b1 \u03b5\u03ba\u03c4\u03cc\u03c2 \u03b1\u03bd \u03b8\u03ad\u03bb\u03b5\u03b9\u03c2 Grexit\u00bb!","UserName":"Fortune Greece","Date":"Thu May 14 11:54:04 +0000 2015","icon":"http:\/\/pbs.twimg.com\/profile_images\/525636991556128769\/amnaVD62_normal.jpeg","BelongsTo":"\u03a4\u03a3\u0399\u03a0\u03a1\u0391\u03a3","size":"small","name":"basic-graph"},{"Tweet":"\u03a3\u03c4\u03ae\u03c1\u03b9\u03be\u03b7 \u03c4\u03b7\u03c2 \u03bf\u03bc\u03bf\u03b3\u03ad\u03bd\u03b5\u03b9\u03b1\u03c2 \u03b6\u03ae\u03c4\u03b7\u03c3\u03b5 \u03bf \u03a4\u03c3\u03af\u03c0\u03c1\u03b1\u03c2","UserName":"Pontos-News.Gr","Date":"Thu May 14 11:38:25 +0000 2015","icon":"http:\/\/pbs.twimg.com\/profile_images\/562164015204298753\/mbaYDR2t_normal.png","BelongsTo":"\u03a4\u03a3\u0399\u03a0\u03a1\u0391\u03a3","size":"small","name":"basic-graph"},{"Tweet":"\u0395\u03be\u03b1\u03ba\u03bf\u03bb\u03bf\u03c5\u03b8\u03b5\u03af \u03bd\u03b1 \u03c5\u03c0\u03ac\u03c1\u03c7\u03b5\u03b9 \u03c0\u03c1\u03bf\u03bf\u03c0\u03c4\u03b9\u03ba\u03ae \u03b3\u03b9\u03b1 \u03bc\u03b9\u03b1 \u03ba\u03b1\u03bb\u03ae \u03c3\u03c5\u03bc\u03c6\u03c9\u03bd\u03af\u03b1;","UserName":"LaSTofTRoiKaNS","Date":"Thu May 14 11:31:25 +0000 2015","icon":"http:\/\/pbs.twimg.com\/profile_images\/551495231158243328\/vxAjdo6-_normal.jpeg","BelongsTo":"\u03a4\u03a3\u0399\u03a0\u03a1\u0391\u03a3","size":"small","name":"basic-graph"},{"Tweet":"\u03a4\u03c9\u03c1\u03b1 \u03c0\u03c1\u03b5\u03c0\u03b5\u03b9 \u03bd\u03b1 \u03c4\u03bf\u03c5\u03c2 \u03b8\u03c5\u03bc\u03c9\u03c3\u03b5\u03c4\u03b5 \u03ba\u03b1\u03b9 \u03b1\u03bb\u03bb\u03bf,\u03b3\u03b9\u03b1 \u03bd\u03b1 \u03c7\u03b1\u03c3\u03bf\u03c5\u03bd \u03c4\u03b7\u03bd \u03c8\u03c5\u03c7\u03c1\u03b1\u03b9\u03bc\u03b9\u03b1 \u03c4\u03bf\u03c5\u03c2 \u03ba\u03b1\u03b9 \u03bd\u03b1 \u03ba\u03b1\u03bd\u03bf\u03c5\u03bd \u03bb\u03b1\u03b8\u03bf\u03c2","UserName":"Liana Karafilaki","Date":"Thu May 14 11:10:45 +0000 2015","icon":"http:\/\/pbs.twimg.com\/profile_images\/587045919704489985\/Q-OLqgnW_normal.jpg","BelongsTo":"\u03a4\u03a3\u0399\u03a0\u03a1\u0391\u03a3","size":"small","name":"basic-graph"},{"Tweet":"\u0395\u03ac\u03bd \u03b7 \u0395\u03bb\u03bb\u03ac\u03b4\u03b1 \u03b4\u03b5\u03bd \u03bc\u03b5\u03c4\u03b1\u03c1\u03c1\u03c5\u03b8\u03bc\u03b9\u03c3\u03c4\u03b5\u03af, \u03b8\u03b1 \u03b2\u03bf\u03c5\u03bb\u03b9\u03ac\u03be\u03b5\u03b9","UserName":"LaSTofTRoiKaNS","Date":"Thu May 14 11:09:29 +0000 2015","icon":"http:\/\/pbs.twimg.com\/profile_images\/551495231158243328\/vxAjdo6-_normal.jpeg","BelongsTo":"\u03a4\u03a3\u0399\u03a0\u03a1\u0391\u03a3","size":"small","name":"basic-graph"},{"Tweet":"\u03a4\u03bf \u03ba\u03bb\u03af\u03bc\u03b1 \u03c3\u03c4\u03b7\u03bd \u0395\u039a\u03a4 \u03b1\u03c0\u03cc \u03c4\u03b7\u03bd \u03c0\u03af\u03b5\u03c3\u03b7 \u03c0\u03bf\u03c5 \u03b1\u03c3\u03ba\u03b5\u03af \u03b7 \u03ba\u03c5\u03b2\u03ad\u03c1\u03bd\u03b7\u03c3\u03b7 \u03c3\u03c4\u03bf\u03bd \u039a\u03b5\u03bd\u03c4\u03c1\u03b9\u03ba\u03cc \u03a4\u03c1\u03b1\u03c0\u03b5\u03b6\u03af\u03c4\u03b7 \u03c4\u03b7\u03c2 \u0395\u03bb\u03bb\u03ac\u03b4\u03b1\u03c2 \u0393\u03b9\u03ac\u03bd\u03bd\u03b7 \u03a3\u03c4\u03bf\u03c5\u03c1\u03bd\u03ac\u03c1,...","UserName":"patrasevents.gr","Date":"Thu May 14 11:07:57 +0000 2015","icon":"http:\/\/pbs.twimg.com\/profile_images\/378800000793901222\/11230248f276c6610494a4da7204684c_normal.png","BelongsTo":"\u03a4\u03a3\u0399\u03a0\u03a1\u0391\u03a3","size":"small","name":"basic-graph"},{"Tweet":"\u03a4\u03b7 \u03c3\u03c4\u03ae\u03c1\u03b9\u03be\u03b7 \u03c4\u03b7\u03c2 \u03bf\u03bc\u03bf\u03b3\u03ad\u03bd\u03b5\u03b9\u03b1\u03c2 \u03b6\u03ae\u03c4\u03b7\u03c3\u03b5 \u03bf \u0391\u03bb. \u03a4\u03c3\u03af\u03c0\u03c1\u03b1\u03c2, \u03ba\u03b1\u03c4\u03ac \u03c4\u03b7 \u03c3\u03c5\u03bd\u03ac\u03bd\u03c4\u03b7\u03c3\u03b7 \u03bc\u03b5 \u03c4\u03bf\u03c5\u03c2 \u0391\u03a7\u0395\u03a0\u0391 | \u039b\u03b1\u03bc\u03b9\u03b1\u03ba\u03cc\u03c2 \u03a4\u03cd\u03c0\u03bf\u03c2","UserName":"\u039b\u03b1\u03bc\u03b9\u03b1\u03ba\u03cc\u03c2 \u03a4\u03cd\u03c0\u03bf\u03c2","Date":"Thu May 14 11:07:26 +0000 2015","icon":"http:\/\/pbs.twimg.com\/profile_images\/378800000514258970\/46315ebc18e271359e0912153f47de1e_normal.png","BelongsTo":"\u03a4\u03a3\u0399\u03a0\u03a1\u0391\u03a3","size":"small","name":"basic-graph"},{"Tweet":"O T\u03c3\u03af\u03c0\u03c1\u03b1\u03c2 \u00ab\u03b1\u03bd\u03c4\u03b9\u03ba\u03b1\u03b8\u03b9\u03c3\u03c4\u03ac\u00bb \u03c4\u03bf\u03bd \u03a3\u03c4\u03bf\u03c5\u03c1\u03bd\u03ac\u03c1\u03b1 \u03bc\u03b5 \u03c4\u03bf\u03bd \u039b\u03bf\u03c5\u03ba\u03b9\u03b1\u03bd\u03cc \u039a\u03b7\u03bb\u03b1\u03b7\u03b4\u03cc\u03bd\u03b7 [\u03c3\u03ba\u03af\u03c4\u03c3\u03bf] | iefimerida.gr -","UserName":"\u0394\u039f\u039b\u03b9\u03bf\u03c2","Date":"Thu May 14 11:07:25 +0000 2015","icon":"http:\/\/pbs.twimg.com\/profile_images\/570195151994109952\/JG2T7rrp_normal.png","BelongsTo":"\u03a4\u03a3\u0399\u03a0\u03a1\u0391\u03a3","size":"small","name":"basic-graph"},{"Tweet":"\u0395\u03bd\u03b4\u03b9\u03b1\u03c6\u03ad\u03c1\u03bf\u03c5\u03c3\u03b1 \u03b7 \u03c0\u03c1\u03cc\u03c4\u03b1\u03c3\u03b7 \u03bd\u03b1 \u03c3\u03c5\u03bc\u03bc\u03b5\u03c4\u03ac\u03c3\u03c7\u03b5\u03b9 \u03b7 \u0395\u03bb\u03bb\u03ac\u03b4\u03b1 \u03c3\u03c4\u03b7\u03bd \u0391\u03bd\u03b1\u03c0\u03c4\u03c5\u03be\u03b9\u03b1\u03ba\u03ae \u03a4\u03c1\u03ac\u03c0\u03b5\u03b6\u03b1 \u03c4\u03c9\u03bd","UserName":"\u0391\u039d\u03a9 \u039c\u0395\u03a1\u0391 \u03a0\u0395\u03a4\u03a1\u0395\u039b\u0391\u0399\u039a\u0397 ","Date":"Thu May 14 10:47:28 +0000 2015","icon":"http:\/\/pbs.twimg.com\/profile_images\/1343892122\/image_normal.jpg","BelongsTo":"\u03a4\u03a3\u0399\u03a0\u03a1\u0391\u03a3","size":"small","name":"basic-graph"},{"Tweet":"\u039d\u03c4\u03af\u03be\u03bf\u03bd (Reuters): Grexit \u03b1\u03bd \u03bf \u03a4\u03c3\u03af\u03c0\u03c1\u03b1\u03c2 \u03b4\u03b9\u03ce\u03be\u03b5\u03b9 \u03c4\u03bf\u03bd \u03a3\u03c4\u03bf\u03c5\u03c1\u03bd\u03ac\u03c1\u03b1","UserName":"M\u03b9\u03c7\u03ac\u03bb\u03b7\u03c2 N. K\u03bf\u03c5\u03af\u03bd\u03b7\u03c2","Date":"Thu May 14 10:42:26 +0000 2015","icon":"http:\/\/pbs.twimg.com\/profile_images\/558576702096306176\/sSYbtGSe_normal.png","BelongsTo":"\u03a4\u03a3\u0399\u03a0\u03a1\u0391\u03a3","size":"small","name":"basic-graph"},{"Tweet":"\u00ab\u039f \u03a4\u03c3\u03af\u03c0\u03c1\u03b1\u03c2 \u03bc\u03bf\u03c5 \u03ad\u03c7\u03b5\u03b9 \u03c0\u03b5\u03b9 \u03cc\u03c4\u03b9 \u03b4\u03ad\u03c7\u03b5\u03c4\u03b1\u03b9 \u03c0\u03b9\u03ad\u03c3\u03b5\u03b9\u03c2 \u03b3\u03b9\u03b1 \u03bd\u03b1 \u03b1\u03c0\u03bf\u03c7\u03c9\u03c1\u03ae\u03c3\u03bf\u03c5\u03bd \u03bf\u03b9 \u0391\u039d\u0395\u039b \u03b1\u03c0\u03cc \u03c4\u03b7\u03bd \u03ba\u03c5\u03b2\u03ad\u03c1\u03bd\u03b7\u03c3\u03b7\u00bb","UserName":"\u0396\u03b5\u03c1\u03b2\u03cc\u03c2 \u0391. \u03a7\u03c1\u03ae\u03c3\u03c4\u03bf\u03c2","Date":"Thu May 14 10:40:53 +0000 2015","icon":"http:\/\/pbs.twimg.com\/profile_images\/554581282907111425\/F2_Nxu6a_normal.jpeg","BelongsTo":"\u03a4\u03a3\u0399\u03a0\u03a1\u0391\u03a3","size":"small","name":"basic-graph"},{"Tweet":"\u039f\u03b9 \u03be\u03ad\u03bd\u03bf\u03b9 \u03b4\u03b7\u03bc\u03bf\u03c3\u03b9\u03bf\u03b3\u03c1\u03ac\u03c6\u03bf\u03b9 \u03ba\u03b1\u03b9 \u03bf \u03ba. \u03a4\u03c3\u03af\u03c0\u03c1\u03b1\u03c2","UserName":"kathimerini.gr","Date":"Thu May 14 10:30:09 +0000 2015","icon":"http:\/\/pbs.twimg.com\/profile_images\/2304630090\/q81d6d6e8anxsj6fu4z1_normal.jpeg","BelongsTo":"\u03a4\u03a3\u0399\u03a0\u03a1\u0391\u03a3","size":"small","name":"basic-graph"},{"Tweet":"\u039a\u039f\u03a5\u03a4\u0399 \u03a4\u0397\u03a3 \u03a0\u0391\u039d\u0394\u03a9\u03a1\u0391\u03a3: \u039d\u03c4\u03af\u03be\u03bf\u03bd (Reuters): Grexit \u03b1\u03bd \u03bf \u03a4\u03c3\u03af\u03c0\u03c1\u03b1\u03c2 \u03b4\u03b9\u03ce\u03be\u03b5\u03b9 \u03c4\u03bf\u03bd \u03a3\u03c4\u03bf\u03c5\u03c1\u03bd\u03ac\u03c1\u03b1 via","UserName":"atypos.com","Date":"Thu May 14 10:29:43 +0000 2015","icon":"http:\/\/pbs.twimg.com\/profile_images\/2973789794\/bd9adf8c2f9a6466e42be0635ab40674_normal.png","BelongsTo":"\u03a4\u03a3\u0399\u03a0\u03a1\u0391\u03a3","size":"small","name":"basic-graph"},{"Tweet":"\u039f \u039c\u03c0\u03bf\u03c5\u03bc\u03c0\u03bf\u03cd\u03ba\u03bf\u03c2, \u03bb\u03ad\u03b5\u03b9, \u03ad\u03ba\u03b1\u03bd\u03b5 \u03b5\u03c0\u03af\u03b8\u03b5\u03c3\u03b7 \u03c3\u03c4\u03bf\u03bd \u03ba\u03b1\u03b9 \u03c4\u03bf\u03c5\u03c2 \u0392\u03b1\u03c1\u03bf\u03c5\u03c6\u03ac\u03ba\u03b7, \u039c\u03ac\u03c1\u03b4\u03b1. \u039c\u03b5\u03c4\u03ac \u03bf\u03b9 \u03c4\u03c1\u03b5\u03b9\u03c2 \u03c7\u03c1\u03b5\u03b9\u03ac\u03c3\u03c4\u03b7\u03ba\u03b1\u03bd \u03c7\u03b1\u03c1\u03c4\u03bf\u03bc\u03ac\u03bd\u03c4\u03b9\u03bb\u03b1. \u03a4\u03bf\u03c5\u03c2 \u03c0\u03ae\u03c1\u03b1\u03bd \u03c4\u03b1 ...\u03b3\u03ac\u03bb\u03b1\u03c4\u03b1!","UserName":"\u03a7\u03c1\u03ae\u03c3\u03c4\u03bf\u03c2 \u0395\u03bb\u03b5\u03c5\u03b8\u03b5\u03c1\u03af\u03bf\u03c5","Date":"Thu May 14 10:26:35 +0000 2015","icon":"http:\/\/pbs.twimg.com\/profile_images\/546972589550096384\/TlpbtO5h_normal.jpeg","BelongsTo":"\u03a4\u03a3\u0399\u03a0\u03a1\u0391\u03a3","size":"small","name":"basic-graph"}],"links":[{"source":1,"target":0},{"source":2,"target":0},{"source":3,"target":0},{"source":4,"target":0},{"source":5,"target":0},{"source":6,"target":0},{"source":7,"target":0},{"source":8,"target":0},{"source":9,"target":0},{"source":10,"target":0},{"source":11,"target":0},{"source":12,"target":0},{"source":13,"target":0},{"source":14,"target":0},{"source":15,"target":0},{"source":16,"target":0},{"source":17,"target":0}]}