{"nodes":[{"Tweet":"Deputy","UserName":"\u03a4\u03a3\u0399\u03a0\u03a1\u0391\u03a3","Date":"null","icon":"http:\/\/asset.tovima.gr\/vimawebstatic\/\/4FD08321545B960CB4040B951F17DB40.jpg","BelongsTo":"null","size":"big","name":"basic-graph"},{"Tweet":"\u0397\u0394\u0397 \u039f \u03a4\u03a3\u0399\u03a0\u03a1\u0391\u03a3 \u0391\u039d\u0391\u039a\u039f\u0399\u039d\u03a9\u03a3\u0395 \u03a4\u0397\u039d \u0397\u039b\u0395\u039a\u03a4\u03a1\u039f\u039d\u0399\u039a\u0397 \u039a\u0391\u03a1\u03a4\u0391 \u03a4\u039f\u03a5 \u03a0\u039f\u039b\u0399\u03a4\u0397-video","UserName":"\u039a\u03c9\u03c3\u03c4\u03b1\u03c2 \u03a0\u03b9\u03c6\u03ac\u03bd\u03b7\u03c2","Date":"Fri May 15 00:08:10 +0000 2015","icon":"http:\/\/pbs.twimg.com\/profile_images\/463677385867419650\/fnjUNimD_normal.jpeg","BelongsTo":"\u03a4\u03a3\u0399\u03a0\u03a1\u0391\u03a3","size":"small","name":"basic-graph"},{"Tweet":"\u0397 \u03b1\u03bb\u03ae\u03b8\u03b5\u03b9\u03b1 \u03c0\u03bf\u03c5 \u03bc\u03b1\u03c2 \u03ba\u03c1\u03cd\u03b2\u03b5\u03b9 \u03bf \u03ba\u03bf\u03c2 \u03a4\u03c3\u03af\u03c0\u03c1\u03b1\u03c2 \u03b3\u03b9\u03b1 \u03c4\u03b1 \u03b4\u03ac\u03bd\u03b5\u03b9\u03b1 \u03b1\u03c0\u03cc \u03c4\u03bf\u03c5\u03c2 BRICS -","UserName":"ASTERIX","Date":"Thu May 14 23:41:21 +0000 2015","icon":"http:\/\/pbs.twimg.com\/profile_images\/564159199534264322\/zk4mix9M_normal.jpeg","BelongsTo":"\u03a4\u03a3\u0399\u03a0\u03a1\u0391\u03a3","size":"small","name":"basic-graph"},{"Tweet":"\u039c\u03b5\u03c4\u03ac \u03c3\u03c5\u03b3\u03c7\u03c9\u03c1\u03ae\u03c3\u03b5\u03c9\u03c2 \u03c4\u03c1\u03af\u03c7\u03b5\u03c2 \u03ba\u03b1\u03c4\u03c3\u03b1\u03c1\u03ad\u03c2...\u039c\u03cc\u03bd\u03bf \u03b7 \u039c\u03ad\u03c1\u03ba\u03b5\u03bb \u03ba\u03b1\u03b9 \u03bf \u039d\u03c4\u03c1\u03ac\u03b3\u03ba\u03b9 \u03b5\u03af\u03bd\u03b1\u03b9 Real trouble for Tsipras...","UserName":"Eagle41","Date":"Thu May 14 22:01:04 +0000 2015","icon":"http:\/\/pbs.twimg.com\/profile_images\/3185414465\/91d9bde647a8b9a0b610d9422611cc29_normal.jpeg","BelongsTo":"\u03a4\u03a3\u0399\u03a0\u03a1\u0391\u03a3","size":"small","name":"basic-graph"},{"Tweet":"\u039f \u03a4\u03c3\u03af\u03c0\u03c1\u03b1\u03c2 \u03c3\u03ba\u03ad\u03c6\u03c4\u03b5\u03c4\u03b1\u03b9 \u03c4\u03b7\u03bd \u03c1\u03c9\u03c3\u03b9\u03ba\u03ae \u03c0\u03c1\u03cc\u03c4\u03b1\u03c3\u03b7 \u03bd\u03b1 \u03bc\u03c0\u03b5\u03b9 \u03b7 \u0395\u03bb\u03bb\u03ac\u03b4\u03b1 \u03c3\u03c4\u03b1 BRICS -","UserName":"ASTERIX","Date":"Thu May 14 21:33:38 +0000 2015","icon":"http:\/\/pbs.twimg.com\/profile_images\/564159199534264322\/zk4mix9M_normal.jpeg","BelongsTo":"\u03a4\u03a3\u0399\u03a0\u03a1\u0391\u03a3","size":"small","name":"basic-graph"},{"Tweet":"\u0386\u03bb\u03b5\u03be\u03b7, \u0393\u03b9\u03ac\u03bd\u03b7, \u03c4\u03ad\u03c3\u03c3\u03b5\u03c1\u03b1 \u03c3\u03b7\u03bc\u03b5\u03af\u03b1 \u03b5\u03af\u03bd\u03b1\u03b9 \u03c3\u03c4\u03bf \u03b5\u03c3\u03c9\u03c4\u03b5\u03c1\u03b9\u03ba\u03cc \u03bc\u03ad\u03c4\u03c9\u03c0\u03bf... \u03a0\u03b9\u03ac\u03c3\u03c4\u03b5 \u03b4\u03bf\u03c5\u03bb\u03b5\u03b9\u03ac!","UserName":"magicknight","Date":"Thu May 14 21:22:59 +0000 2015","icon":"http:\/\/pbs.twimg.com\/profile_images\/420336507140861952\/znXp6eDz_normal.jpeg","BelongsTo":"\u03a4\u03a3\u0399\u03a0\u03a1\u0391\u03a3","size":"small","name":"basic-graph"},{"Tweet":"\u0391\u03a0\u039f\u039a\u039b\u0395\u0399\u03a3\u03a4\u0399\u039a\u039f","UserName":"Nikki Kar.","Date":"Thu May 14 20:59:09 +0000 2015","icon":"http:\/\/pbs.twimg.com\/profile_images\/574250319380549633\/tqHlFc23_normal.jpeg","BelongsTo":"\u03a4\u03a3\u0399\u03a0\u03a1\u0391\u03a3","size":"small","name":"basic-graph"},{"Tweet":"\u03a3\u03c5\u03bd\u03ac\u03bd\u03c4\u03b7\u03c3\u03b7 \u03a4\u03c3\u03af\u03c0\u03c1\u03b1 \u03bc\u03b5 \u03b1\u03bd\u03c4\u03b9\u03c0\u03c1\u03bf\u03c3\u03c9\u03c0\u03b5\u03af\u03b1 \u03c4\u03c9\u03bd Olympics via","UserName":"Antenna News","Date":"Thu May 14 20:54:54 +0000 2015","icon":"http:\/\/pbs.twimg.com\/profile_images\/522717332980776962\/Ad9VZLaz_normal.jpeg","BelongsTo":"\u03a4\u03a3\u0399\u03a0\u03a1\u0391\u03a3","size":"small","name":"basic-graph"},{"Tweet":"\u039c\u03ac\u03bb\u03bb\u03bf\u03bd \u03c0\u03ac\u03c7\u03c5\u03bd\u03b5","UserName":"George Mitakides","Date":"Thu May 14 20:43:54 +0000 2015","icon":"http:\/\/pbs.twimg.com\/profile_images\/3152159992\/02a42ba5d2eed03ddc2329936dba18f0_normal.jpeg","BelongsTo":"\u03a4\u03a3\u0399\u03a0\u03a1\u0391\u03a3","size":"small","name":"basic-graph"}],"links":[{"source":1,"target":0},{"source":2,"target":0},{"source":3,"target":0},{"source":4,"target":0},{"source":5,"target":0},{"source":6,"target":0},{"source":7,"target":0},{"source":8,"target":0}]}