{"nodes":[{"Tweet":"Deputy","UserName":"\u03a4\u03a3\u0399\u03a0\u03a1\u0391\u03a3","Date":"null","icon":"http:\/\/asset.tovima.gr\/vimawebstatic\/\/4FD08321545B960CB4040B951F17DB40.jpg","BelongsTo":"null","size":"big","name":"basic-graph"},{"Tweet":"\u0397\u0394\u0397 \u039f \u03a4\u03a3\u0399\u03a0\u03a1\u0391\u03a3 \u0391\u039d\u0391\u039a\u039f\u0399\u039d\u03a9\u03a3\u0395 \u03a4\u0397\u039d \u0397\u039b\u0395\u039a\u03a4\u03a1\u039f\u039d\u0399\u039a\u0397 \u039a\u0391\u03a1\u03a4\u0391 \u03a4\u039f\u03a5 \u03a0\u039f\u039b\u0399\u03a4\u0397-video -","UserName":"\u039c\u03bf\u03bd\u03b1\u03c7\u03b9\u03ba\u03cc\u03c2 \u039b\u03cd\u03ba\u03bf\u03c2","Date":"Sun May 17 20:47:58 +0000 2015","icon":"http:\/\/pbs.twimg.com\/profile_images\/554014456389193728\/4wgXhVNL_normal.jpeg","BelongsTo":"\u03a4\u03a3\u0399\u03a0\u03a1\u0391\u03a3","size":"small","name":"basic-graph"},{"Tweet":"\u03a4\u03b9 \u03ad\u03b3\u03c1\u03b1\u03c8\u03b5 \u03bf \u0391\u03bb\u03ad\u03be\u03b7\u03c2 \u03a4\u03c3\u03af\u03c0\u03c1\u03b1\u03c2 \u03c3\u03c4\u03b7\u03bd \u03ba. \u039b\u03b1\u03b3\u03ba\u03ac\u03c1\u03bd\u03c4 \u03b3\u03b9\u03ac \u03c4\u03b7 \u03b4\u03cc\u03c3\u03b7... - dotnews.gr","UserName":"Kostas Nikolaou","Date":"Sun May 17 20:38:48 +0000 2015","icon":"http:\/\/pbs.twimg.com\/profile_images\/590048657468162048\/_1CQmnVW_normal.jpg","BelongsTo":"\u03a4\u03a3\u0399\u03a0\u03a1\u0391\u03a3","size":"small","name":"basic-graph"},{"Tweet":"\u03b1\u03c4\u03ac\u03ba\u03b1 \u03c0\u03bf\u03c5 \u03bc\u03bf\u03c5 \u03b5\u03af\u03c0\u03b5 \u03c3\u03ae\u03bc\u03b5\u03c1\u03b1 \u03c6\u03af\u03bb\u03b7 \u03b3\u03b9\u03b1 \u03c4\u03bf\u03bd - \u039a\u03b1\u03b9 \u03c0\u03ce\u03c2 \u03ba\u03b1\u03c4\u03ac\u03c6\u03b5\u03c1\u03b5 \u03bf \u03a4\u03c3\u03af\u03c0\u03c1\u03b1\u03c2, \u03bc\u03b9\u03b1 \u03ba\u03b1\u03b9 \u03b4\u03b5\u03bd \u03b1\u03bd\u03ae\u03ba\u03b5\u03b9 \u03c3\u03c4\u03b9\u03c2...","UserName":"Zen K.","Date":"Sun May 17 20:31:54 +0000 2015","icon":"http:\/\/pbs.twimg.com\/profile_images\/556108846125834240\/7BQ0Jccu_normal.jpeg","BelongsTo":"\u03a4\u03a3\u0399\u03a0\u03a1\u0391\u03a3","size":"small","name":"basic-graph"},{"Tweet":"\u03a4\u03c3\u03af\u03c0\u03c1\u03b1\u03c2: \u03a3\u03c4\u03b7\u03bd \u0395\u03c5\u03c1\u03ce\u03c0\u03b7 \u03c0\u03ac\u03bc\u03b5 \u03ba\u03b1\u03bb\u03ac, \u03bf \u039f\u03bb\u03c5\u03bc\u03c0\u03b9\u03b1\u03ba\u03cc\u03c2 \u03ba\u03ad\u03c1\u03b4\u03b9\u03c3\u03b5 \u03ba\u03b1\u03b9 \u03c0\u03ac\u03bc\u03b5 \u03c3\u03c4\u03b7\u03bd \u0395\u03c5\u03c1\u03c9\u03bb\u03af\u03b3\u03ba\u03b1, \u03b8\u03b1 \u03c0\u03ac\u03bc\u03b5 \u03ba\u03b1\u03bb\u03ac \u03cc\u03bc\u03c9\u03c2 \u03ba\u03b1\u03b9 \u03c3\u03c4\u03b1 \u03c5\u03c0\u03cc\u03bb\u03bf\u03b9\u03c0\u03b1","UserName":"sous l ciel d paris","Date":"Sun May 17 20:13:47 +0000 2015","icon":"http:\/\/pbs.twimg.com\/profile_images\/483240951344013312\/fMGvfs4m_normal.jpeg","BelongsTo":"\u03a4\u03a3\u0399\u03a0\u03a1\u0391\u03a3","size":"small","name":"basic-graph"},{"Tweet":"11\u03bf\u03c2 \u03c0\u03b9\u03bf sexy \u03b7\u03b3\u03ad\u03c4\u03b7\u03c2 \u03c3\u03c4\u03bf\u03bd \u03ba\u03cc\u03c3\u03bc\u03bf \u03bf \u0393\u03b9 \u03b1\u03c5\u03c4\u03bf \u03c4\u03bf\u03bd \u03c0\u03ac\u03bd\u03b5 \u03bf\u03b9 \u0395\u03c5\u03c1\u03c9\u03c0\u03b1\u03af\u03bf\u03b9 \u03b5\u03af\u03c0\u03b5 \u03ad\u03bd\u03b1\u03c2 \u03bd\u03b5\u03bd\u03ad\u03ba\u03bf\u03c2..","UserName":"Aslanidis Nikos","Date":"Sun May 17 20:11:12 +0000 2015","icon":"http:\/\/pbs.twimg.com\/profile_images\/534996316103790593\/VQ1SqFKB_normal.jpeg","BelongsTo":"\u03a4\u03a3\u0399\u03a0\u03a1\u0391\u03a3","size":"small","name":"basic-graph"},{"Tweet":"\u039a\u03b1\u03b9 \u03c4\u03ce\u03c1\u03b1 \u03c0\u03bf\u03c5 \u03b4\u03b5\u03bd \u03c4\u03bf \u03c0\u03ae\u03c1\u03b5 o \u03c0\u03c9\u03c2 \u03b8\u03b1 \u03ba\u03ac\u03bd\u03b5\u03b9 \u03b6\u03ad\u03c3\u03c4\u03b1\u03bc\u03b1 \u03bf \u03c3\u03c4\u03bf \u03ba\u03bf\u03b9\u03bd\u03cc;","UserName":"To kalo Spyri","Date":"Sun May 17 20:04:27 +0000 2015","icon":"http:\/\/pbs.twimg.com\/profile_images\/3472732656\/e9ccf6c6cdd1daee11cfb7786a751e8c_normal.jpeg","BelongsTo":"\u03a4\u03a3\u0399\u03a0\u03a1\u0391\u03a3","size":"small","name":"basic-graph"},{"Tweet":"\u03a3\u03c5\u03bd\u03b1\u03bd\u03c4\u03ae\u03b8\u03b7\u03ba\u03b1\u03bd \u03a4\u03c3\u03af\u03c0\u03c1\u03b1\u03c2-\u0392\u03b1\u03c1\u03bf\u03c5\u03c6\u03ac\u03ba\u03b7\u03c2 \u03bc\u03b5 Deutsche Bank \u03b3\u03b9\u03b1 \u03b4\u03b9\u03c0\u03bb\u03cc \u03bd\u03cc\u03bc\u03b9\u03c3\u03bc\u03b1; -","UserName":"sniper elite","Date":"Sun May 17 19:58:20 +0000 2015","icon":"http:\/\/pbs.twimg.com\/profile_images\/477392004926550017\/X5IpYRLc_normal.png","BelongsTo":"\u03a4\u03a3\u0399\u03a0\u03a1\u0391\u03a3","size":"small","name":"basic-graph"},{"Tweet":"\u03a4\u03a3\u0399\u03a0\u03a1\u0391\u03a3: \u0398\u0395\u039b\u039f\u03a5\u039d \u039d\u0391 \u039c\u0391\u03a3 \u03a6\u039f\u03a1\u0395\u03a3\u039f\u03a5\u039d \u039d\u0395\u039f \u039c\u039d\u0397\u039c\u039f\u039d\u0399\u039f","UserName":"\u039a\u03bf\u03bc\u03c0\u03bf\u03cd\u03b3\u03b9\u03b1\u03c2 \u039a\u03ce\u03c3\u03c4\u03b1\u03c2","Date":"Sun May 17 19:56:58 +0000 2015","icon":"http:\/\/pbs.twimg.com\/profile_images\/3282405258\/baa7dbc14d42c1b17d57efe7e3ede28f_normal.jpeg","BelongsTo":"\u03a4\u03a3\u0399\u03a0\u03a1\u0391\u03a3","size":"small","name":"basic-graph"},{"Tweet":"\u0394\u03b7\u03bb\u03b1\u03b4\u03ae \u03bc\u03b5 \u03c4\u03b7\u03bd \u03bf\u03c4\u03b9\u03bd\u03b1\u03bd\u03b1\u03b9 \u03bb\u03bf\u03b3\u03b9\u03ba\u03ae \u03ba\u03ac\u03c0\u03bf\u03b9\u03c9\u03bd \u03ba \u03bc\u03b5 \u03bc\u03c0\u03c1\u03bf\u03c3\u03c4\u03ac\u03c1\u03b7 \u03c4\u03bf\u03bd \u03b1\u03c0\u03bf \u03b2\u03b7\u03bc\u03b1 \u03c4\u03bf\u03c5 \u03b1\u03c0\u03cc\u03c8\u03b5 \u03b4\u03b5\u03bd \u03ad\u03c7\u03b1\u03c3\u03b5 \u03bf \u039f\u03bb\u03c5\u03bc\u03c0\u03b9\u03b1\u03ba\u03cc\u03c2 \u03b1\u03bb\u03bb\u03b1 \u03b7 \u0395\u03bb\u03bb\u03ac\u03b4\u03b1","UserName":"Nikos","Date":"Sun May 17 19:56:46 +0000 2015","icon":"http:\/\/pbs.twimg.com\/profile_images\/513796075485134849\/AlSHw-4j_normal.jpeg","BelongsTo":"\u03a4\u03a3\u0399\u03a0\u03a1\u0391\u03a3","size":"small","name":"basic-graph"},{"Tweet":"\u03bd\u03b1 \u03b1\u03bd\u03b1\u03bd\u03b5\u03ce\u03c3\u03b5\u03b9\u03c2 \u03c4\u03bf \u03b1\u03c1\u03c7\u03b5\u03af\u03bf \u03c4\u03bf\u03c5 \u03b3\u03ba\u03b1\u03bd\u03c4\u03ad\u03bc\u03b7 :-)","UserName":"Nikolaos Beredimas","Date":"Sun May 17 19:54:35 +0000 2015","icon":"http:\/\/pbs.twimg.com\/profile_images\/553593713524363265\/mZvGnoQo_normal.png","BelongsTo":"\u03a4\u03a3\u0399\u03a0\u03a1\u0391\u03a3","size":"small","name":"basic-graph"},{"Tweet":"Guardian: Grexit \u03ae \u03c0\u03b1\u03c1\u03b1\u03bc\u03bf\u03bd\u03ae \u03c3\u03c4\u03bf \u03b5\u03c5\u03c1\u03ce \u03c4\u03bf \u03b4\u03af\u03bb\u03b7\u03bc\u03bc\u03b1 \u03c4\u03b7\u03c2 \u0395\u03bb\u03bb\u03ac\u03b4\u03b1\u03c2 via","UserName":"Antenna News","Date":"Sun May 17 19:52:35 +0000 2015","icon":"http:\/\/pbs.twimg.com\/profile_images\/522717332980776962\/Ad9VZLaz_normal.jpeg","BelongsTo":"\u03a4\u03a3\u0399\u03a0\u03a1\u0391\u03a3","size":"small","name":"basic-graph"},{"Tweet":"\u0386\u03b4\u03c9\u03bd\u03b9\u03c2: \"\u039f \u03a4\u03c3\u03af\u03c0\u03c1\u03b1\u03c2 \u03b8\u03ad\u03bb\u03b5\u03b9 \u03bd\u03b1 \u03c4\u03b7\u03bd \u03ba\u03ac\u03bd\u03b5\u03b9 \u03c4\u03b7\u03bd \u03ba\u03c9\u03bb\u03bf\u03c4\u03bf\u03cd\u03bc\u03c0\u03b1...\"","UserName":"Palo","Date":"Sun May 17 19:45:29 +0000 2015","icon":"http:\/\/pbs.twimg.com\/profile_images\/80423903\/palo_twitter_normal.png","BelongsTo":"\u03a4\u03a3\u0399\u03a0\u03a1\u0391\u03a3","size":"small","name":"basic-graph"},{"Tweet":"\u039d.\u0394.: \u039d\u03b1 \u03b4\u03ce\u03c3\u03b5\u03b9 \u03c4\u03ce\u03c1\u03b1 \u03bf \u03a4\u03c3\u03af\u03c0\u03c1\u03b1\u03c2 \u03c3\u03c4\u03b7 \u03b4\u03b7\u03bc\u03bf\u03c3\u03b9\u03cc\u03c4\u03b7\u03c4\u03b1 \u03c4\u03b7\u03bd \u03b5\u03c0\u03b9\u03c3\u03c4\u03bf\u03bb\u03ae \u03c0\u03c1\u03bf\u03c2 \u03c4\u03bf\u03c5\u03c2 \u03b4\u03b1\u03bd\u03b5\u03b9\u03c3\u03c4\u03ad\u03c2","UserName":"newsrebel.gr","Date":"Sun May 17 19:43:06 +0000 2015","icon":"http:\/\/pbs.twimg.com\/profile_images\/490532773799555072\/FhkfJhoS_normal.png","BelongsTo":"\u03a4\u03a3\u0399\u03a0\u03a1\u0391\u03a3","size":"small","name":"basic-graph"},{"Tweet":"\u0391\u03c0\u03bf\u03c6\u03b1\u03c3\u03b9\u03c3\u03bc\u03ad\u03bd\u03bf\u03c2 \u03b3\u03b9\u03b1 \u03b5\u03c3\u03c9\u03ba\u03bf\u03bc\u03bc\u03b1\u03c4\u03b9\u03ba\u03ad\u03c2 \u03c1\u03ae\u03be\u03b5\u03b9\u03c2 \u03bf \u03a4\u03c3\u03af\u03c0\u03c1\u03b1\u03c2","UserName":"Reporter.gr","Date":"Sun May 17 19:35:20 +0000 2015","icon":"http:\/\/pbs.twimg.com\/profile_images\/580014588072194048\/Asuyxocf_normal.jpg","BelongsTo":"\u03a4\u03a3\u0399\u03a0\u03a1\u0391\u03a3","size":"small","name":"basic-graph"},{"Tweet":"\u0386\u03bd\u03c4\u03b5 \u03bd\u03b1 \u03b4\u03bf\u03cd\u03bc\u03b5...| \u03a4\u03c3\u03af\u03c0\u03c1\u03b1\u03c2: \u03a0\u03c1\u03bf\u03c4\u03b9\u03bc\u03ce \u03ba\u03c1\u03af\u03c3\u03b7 \u03c3\u03c4\u03bf\u03bd \u03a3\u03a5\u03a1\u0399\u0396\u0391 \u03c0\u03b1\u03c1\u03ac \u03ba\u03b1\u03c4\u03b1\u03c3\u03c4\u03c1\u03bf\u03c6\u03ae \u03c3\u03c4\u03b7\u03bd \u0395\u03bb\u03bb\u03ac\u03b4\u03b1","UserName":"rizoslaw","Date":"Sun May 17 19:28:44 +0000 2015","icon":"http:\/\/pbs.twimg.com\/profile_images\/1294563167\/The_Son_of_Man_normal.jpg","BelongsTo":"\u03a4\u03a3\u0399\u03a0\u03a1\u0391\u03a3","size":"small","name":"basic-graph"},{"Tweet":"\u0395\u03c0\u03b9\u03c3\u03c4\u03bf\u03bb\u03ae \u0393\u03b1\u03ca\u03c4\u03b1\u03bd\u03ac\u03c1\u03bf\u03c5 \u03c3\u03c4\u03bf\u03bd \u03c0\u03c1\u03c9\u03b8\u03c5\u03c0\u03bf\u03c5\u03c1\u03b3\u03cc: \u0395\u03c0\u03b1\u03bd\u03ad\u03c1\u03c7\u03bf\u03bc\u03b1\u03b9 \u03c0\u03ac\u03bb\u03b9 \u03ba\u03b1\u03b9 \u03b6\u03b7\u03c4\u03ce \u03c3\u03c5\u03b3\u03b3\u03bd\u03ce\u03bc\u03b7 \u03c0\u03bf\u03c5 \u03c3\u03b1\u03c2 \u03b5\u03bd\u03bf\u03c7\u03bb\u03ce, \u03b5\u03bd\u03ce\u2026","UserName":"E WEB TV","Date":"Sun May 17 19:13:38 +0000 2015","icon":"http:\/\/pbs.twimg.com\/profile_images\/1514425688\/ewebtvlogo75x75_normal.jpg","BelongsTo":"\u03a4\u03a3\u0399\u03a0\u03a1\u0391\u03a3","size":"small","name":"basic-graph"},{"Tweet":"\u03a3\u03ba\u03bb\u03b7\u03c1\u03cc \u03c3\u03ba\u03af\u03c4\u03c3\u03bf \u03c4\u03b7\u03c2 \u00ab\u039a\u03b1\u03b8\u03b7\u03bc\u03b5\u03c1\u03b9\u03bd\u03ae\u03c2\u00bb: \u039f \u03a4\u03c3\u03af\u03c0\u03c1\u03b1\u03c2 \u03bc\u03b5 \u03c4\u03b7\u03bd \u0395\u03bb\u03bb\u03ac\u03b4\u03b1 \u03c3\u03c4\u03bf\u03bd \u03ba\u03c1\u03cc\u03c4\u03b1\u03c6\u03bf: \u039c\u03b5 \u03ad\u03bd\u03b1 \u03b1\u03ba\u03cc\u03bc\u03b7 \u03c3\u03ba\u03bb\u03b7\u03c1\u03cc \u03c3\u03ba\u03af\u03c4\u03c3\u03bf \u03b5\u03c0\u03ad\u03bb\u03b5\u03be\u03b5 \u03bf \u03c3\u03ba...","UserName":"TA NEA online","Date":"Sun May 17 19:10:31 +0000 2015","icon":"http:\/\/pbs.twimg.com\/profile_images\/485400295988400129\/ollRCYGf_normal.png","BelongsTo":"\u03a4\u03a3\u0399\u03a0\u03a1\u0391\u03a3","size":"small","name":"basic-graph"}],"links":[{"source":1,"target":0},{"source":2,"target":0},{"source":3,"target":0},{"source":4,"target":0},{"source":5,"target":0},{"source":6,"target":0},{"source":7,"target":0},{"source":8,"target":0},{"source":9,"target":0},{"source":10,"target":0},{"source":11,"target":0},{"source":12,"target":0},{"source":13,"target":0},{"source":14,"target":0},{"source":15,"target":0},{"source":16,"target":0},{"source":17,"target":0}]}