{"nodes":[{"Tweet":"Deputy","UserName":"\u03a4\u03a3\u0399\u03a0\u03a1\u0391\u03a3","Date":"null","icon":"http:\/\/asset.tovima.gr\/vimawebstatic\/\/4FD08321545B960CB4040B951F17DB40.jpg","BelongsTo":"null","size":"big","name":"basic-graph"},{"Tweet":"\u039f \u03a4\u03c3\u03af\u03c0\u03c1\u03b1\u03c2 ....\u03be\u03b1\u03bd\u03b1\u03ad\u03b3\u03b9\u03bd\u03b5 \u03c0\u03c1\u03cc\u03b5\u03b4\u03c1\u03bf\u03c2 \u03c4\u03bf\u03c5 \u03b4\u03b5\u03ba\u03b1\u03c0\u03b5\u03bd\u03c4\u03b1\u03bc\u03b5\u03bb\u03bf\u03cd\u03c2 (\u03a6\u03a9\u03a4\u039f)","UserName":"\u03a4\u03bf \u03a0\u03b1\u03c1\u03b1\u03c3\u03ba\u03ae\u03bd\u03b9\u03bf","Date":"Mon May 18 14:56:03 +0000 2015","icon":"http:\/\/pbs.twimg.com\/profile_images\/2293415199\/zwk5yc8lvbqoyxx6swd5_normal.png","BelongsTo":"\u03a4\u03a3\u0399\u03a0\u03a1\u0391\u03a3","size":"small","name":"basic-graph"},{"Tweet":"\u0397 \u03b3\u03b5\u03c1\u03bc\u03b1\u03bd\u03b9\u03ba\u03ae \u03b5\u03c6\u03b7\u03bc\u03b5\u03c1\u03af\u03b4\u03b1 \u03c0\u03bf\u03c5 \"\u03b5\u03cd\u03c7\u03b5\u03c4\u03b1\u03b9\" \u03bd\u03b1 \u03b1\u03c0\u03bf\u03c4\u03cd\u03c7\u03b5\u03b9 \u03bf \u03a4\u03c3\u03af\u03c0\u03c1\u03b1\u03c2","UserName":"Ysterografo News","Date":"Mon May 18 14:54:47 +0000 2015","icon":"http:\/\/pbs.twimg.com\/profile_images\/450924149494394880\/jVBM2NdP_normal.png","BelongsTo":"\u03a4\u03a3\u0399\u03a0\u03a1\u0391\u03a3","size":"small","name":"basic-graph"},{"Tweet":"\u0391\u03bb. \u03a4\u03c3\u03af\u03c0\u03c1\u03b1\u03c2: \u039a\u03b1\u03bb\u03ae \u03b4\u03cd\u03bd\u03b1\u03bc\u03b7 \u03c3\u03b5 \u03cc\u03c3\u03bf\u03c5\u03c2 \u03ba\u03b1\u03b9 \u03cc\u03c3\u03b5\u03c2 \u03b4\u03af\u03bd\u03bf\u03c5\u03bd \u03b5\u03be\u03b5\u03c4\u03ac\u03c3\u03b5\u03b9\u03c2","UserName":"\u0391\u03a0\u0395-\u039c\u03a0\u0395","Date":"Mon May 18 14:52:52 +0000 2015","icon":"http:\/\/pbs.twimg.com\/profile_images\/3474640049\/548e1382556a95f69793543f30a5e636_normal.jpeg","BelongsTo":"\u03a4\u03a3\u0399\u03a0\u03a1\u0391\u03a3","size":"small","name":"basic-graph"},{"Tweet":"\u03a4\u03c3\u03af\u03c0\u03c1\u03b1\u03c2: \u03a4\u03b7\u03bd \u0394\u03b5\u03c5\u03c4\u03ad\u03c1\u03b1 \u03b1\u03bd\u03bf\u03af\u03b3\u03b5\u03b9 \u03b7 \u0395\u03a1\u03a4 -","UserName":"pant","Date":"Mon May 18 14:49:47 +0000 2015","icon":"http:\/\/pbs.twimg.com\/profile_images\/586669926842245120\/BiFKLrbu_normal.jpg","BelongsTo":"\u03a4\u03a3\u0399\u03a0\u03a1\u0391\u03a3","size":"small","name":"basic-graph"},{"Tweet":"\u0398\u0395\u039c\u0391 \u0397\u039c\u0395\u03a1\u03a9\u039d \u0397 \u03a3\u03a5\u039c\u03a6\u03a9\u039d\u0399\u0391!","UserName":"toxwni","Date":"Mon May 18 14:43:51 +0000 2015","icon":"http:\/\/pbs.twimg.com\/profile_images\/2025069591\/sd_normal.jpg","BelongsTo":"\u03a4\u03a3\u0399\u03a0\u03a1\u0391\u03a3","size":"small","name":"basic-graph"},{"Tweet":"\u03a4\u03c3\u03af\u03c0\u03c1\u03b1\u03c2: \u03a4\u03b7\u03bd \u03b5\u03c1\u03c7\u03cc\u03bc\u03b5\u03bd\u03b7 \u0394\u03b5\u03c5\u03c4\u03ad\u03c1\u03b1 \u03b1\u03bd\u03bf\u03af\u03b3\u03b5\u03b9 \u03b7 \u0395\u03a1\u03a4 (video)","UserName":"Kouti Pandoras","Date":"Mon May 18 14:38:45 +0000 2015","icon":"http:\/\/pbs.twimg.com\/profile_images\/378800000824568080\/5ca14d82b94975c1e05eb9c3c9c3dc17_normal.jpeg","BelongsTo":"\u03a4\u03a3\u0399\u03a0\u03a1\u0391\u03a3","size":"small","name":"basic-graph"},{"Tweet":"\u0391\u03bd\u03bf\u03af\u03b3\u03b5\u03b9 \u03c4\u03b7\u03bd \u03b5\u03c0\u03cc\u03bc\u03b5\u03bd\u03b7 \u0394\u03b5\u03c5\u03c4\u03ad\u03c1\u03b1 \u03b7 via","UserName":"The Greek Analyst","Date":"Mon May 18 14:35:52 +0000 2015","icon":"http:\/\/pbs.twimg.com\/profile_images\/557498424803594240\/Lz9jkeIt_normal.png","BelongsTo":"\u03a4\u03a3\u0399\u03a0\u03a1\u0391\u03a3","size":"small","name":"basic-graph"},{"Tweet":"\u0393\u03b5\u03c1\u03bc\u03b1\u03bd\u03b9\u03ba\u03ac \u039c\u039c\u0395 \u03b8\u03ad\u03bb\u03bf\u03c5\u03bd \u03bd\u03b1 \u03c0\u03b1\u03c1\u03b1\u03b9\u03c4\u03b7\u03b8\u03b5\u03af \u03bf \u0391.\u03a4\u03c3\u03af\u03c0\u03c1\u03b1\u03c2 \u03b3\u03b9\u03b1\u03c4\u03af \u03b4\u03b9\u03b1\u03c0\u03c1\u03b1\u03b3\u03bc\u03b1\u03c4\u03b5\u03cd\u03b5\u03c4\u03b1\u03b9! -","UserName":"eNews24.gr","Date":"Mon May 18 14:34:09 +0000 2015","icon":"http:\/\/pbs.twimg.com\/profile_images\/556606626606481408\/JPfaPVAx_normal.jpeg","BelongsTo":"\u03a4\u03a3\u0399\u03a0\u03a1\u0391\u03a3","size":"small","name":"basic-graph"},{"Tweet":"\u03a4\u03c3\u03af\u03c0\u03c1\u03b1\u03c2: \u0391\u03bd\u03bf\u03af\u03b3\u03b5\u03b9 \u03c4\u03b7 \u0394\u03b5\u03c5\u03c4\u03ad\u03c1\u03b1 \u03b7 \u0395\u03a1\u03a4 -","UserName":"volosnow.gr","Date":"Mon May 18 14:30:31 +0000 2015","icon":"http:\/\/pbs.twimg.com\/profile_images\/518656051961266176\/5Zw5QA_0_normal.jpeg","BelongsTo":"\u03a4\u03a3\u0399\u03a0\u03a1\u0391\u03a3","size":"small","name":"basic-graph"},{"Tweet":"M\u03b1\u03c2 \u03b1\u03c1\u03ba\u03b5\u03af \u03c0\u03bf\u03c5 \u03bf \u03b5\u03af\u03bd\u03b1\u03b9 \u03c3\u03c4\u03bf\u03c5\u03c2 15 \u03c0\u03b9\u03bf \u03c3\u03ad\u03be\u03b9 \u03b7\u03b3\u03ad\u03c4\u03b5\u03c2 \u03c4\u03bf\u03c5 \u03c0\u03bb\u03b1\u03bd\u03ae\u03c4\u03b7","UserName":"\u0386\u03c4\u03b9\u03bc\u03b7_\u039a\u03bf\u03b9\u03bd\u03c9\u03bd\u03af\u03b1","Date":"Mon May 18 14:26:09 +0000 2015","icon":"http:\/\/pbs.twimg.com\/profile_images\/576436273365188609\/L2zyIi5D_normal.jpeg","BelongsTo":"\u03a4\u03a3\u0399\u03a0\u03a1\u0391\u03a3","size":"small","name":"basic-graph"},{"Tweet":"\u0398\u03b1 \u03b1\u03c0\u03b5\u03c5\u03b8\u03cd\u03bd\u03b5\u03b9 \u03c7\u03b1\u03b9\u03c1\u03b5\u03c4\u03b9\u03c3\u03bc\u03cc \u03c3\u03c4\u03bf \u03c3\u03cd\u03bd\u03b4\u03b5\u03c3\u03bc\u03bf \u03b2\u03b9\u03bf\u03bc\u03b7\u03c7\u03ac\u03bd\u03c9\u03bd \u03bf \u03a4\u03c3\u03af\u03c0\u03c1\u03b1\u03c2","UserName":"newsrebel.gr","Date":"Mon May 18 14:23:35 +0000 2015","icon":"http:\/\/pbs.twimg.com\/profile_images\/490532773799555072\/FhkfJhoS_normal.png","BelongsTo":"\u03a4\u03a3\u0399\u03a0\u03a1\u0391\u03a3","size":"small","name":"basic-graph"},{"Tweet":"\u03a4\u03c3\u03af\u03c0\u03c1\u03b1\u03c2: \u0391\u03bd\u03bf\u03af\u03b3\u03b5\u03b9 \u03c4\u03b7\u03bd \u03b5\u03c0\u03cc\u03bc\u03b5\u03bd\u03b7 \u0394\u03b5\u03c5\u03c4\u03ad\u03c1\u03b1 \u03b7 \u0395\u03a1\u03a4 - \u03a4\u03b9 \u03b8\u03b1 \u03b3\u03af\u03bd\u03b5\u03b9 \u03bc\u03b5 \u03c4\u03b9\u03c2 \u03c4\u03bf\u03c0\u03b9\u03ba\u03ad\u03c2 \u0395\u03a1\u0391;","UserName":"proinos logos","Date":"Mon May 18 14:22:19 +0000 2015","icon":"http:\/\/pbs.twimg.com\/profile_images\/587023950925979649\/R4cxYr6e_normal.jpg","BelongsTo":"\u03a4\u03a3\u0399\u03a0\u03a1\u0391\u03a3","size":"small","name":"basic-graph"},{"Tweet":"Bloomberg: \u039f \u03a4\u03c3\u03af\u03c0\u03c1\u03b1\u03c2 \u03b8\u03b1 \u03ad\u03b2\u03b3\u03b1\u03b9\u03bd\u03b5 \u03c7\u03b1\u03bc\u03ad\u03bd\u03bf\u03c2 \u03c3\u03b5 \u03ad\u03bd\u03b1 \u03b4\u03b7\u03bc\u03bf\u03c8\u03ae\u03c6\u03b9\u03c3\u03bc\u03b1","UserName":"\u30b1\u30c4\u30ed\u30bc\u30c3\u30bf","Date":"Mon May 18 14:21:41 +0000 2015","icon":"http:\/\/pbs.twimg.com\/profile_images\/423173076847579136\/p-p-oiEj_normal.jpeg","BelongsTo":"\u03a4\u03a3\u0399\u03a0\u03a1\u0391\u03a3","size":"small","name":"basic-graph"},{"Tweet":"\u03a3\u03c4\u03bf\u03c5\u03c2 \u03c0\u03b9\u03bf \u03c3\u03ad\u03be\u03b9 \u03b7\u03b3\u03ad\u03c4\u03b5\u03c2 \u03c4\u03bf\u03c5 \u03ba\u03cc\u03c3\u03bc\u03bf\u03c5 \u03bf \u0391\u03bb\u03ad\u03be\u03b7\u03c2 \u03a4\u03c3\u03af\u03c0\u03c1\u03b1\u03c2:","UserName":"Pathfinder","Date":"Mon May 18 14:16:36 +0000 2015","icon":"http:\/\/pbs.twimg.com\/profile_images\/440782320727908352\/u-Q4UBl6_normal.png","BelongsTo":"\u03a4\u03a3\u0399\u03a0\u03a1\u0391\u03a3","size":"small","name":"basic-graph"},{"Tweet":"O \u03a4\u03c3\u03af\u03c0\u03c1\u03b1\u03c2 \u03b5\u03c7\u03b5\u03b9 \u03ba\u03b1\u03c4\u03b1\u03c3\u03c4\u03ae\u03c3\u03b5\u03b9 \u03b5\u03bd\u03b1\u03bd \u03c3\u03c5\u03bc\u03b2\u03b9\u03b2\u03b1\u03c3\u03bc\u03cc \u03c3\u03c7\u03b5\u03b4\u03cc\u03bd \u03b1\u03b4\u03cd\u03bd\u03b1\u03c4\u03bf.","UserName":"liberal_kate","Date":"Mon May 18 14:15:22 +0000 2015","icon":"http:\/\/pbs.twimg.com\/profile_images\/559738711403814913\/dClqEWND_normal.jpeg","BelongsTo":"\u03a4\u03a3\u0399\u03a0\u03a1\u0391\u03a3","size":"small","name":"basic-graph"},{"Tweet":"\u03a4\u03c3\u03af\u03c0\u03c1\u03b1\u03c2: \u03a4\u03b7\u03bd \u0394\u03b5\u03c5\u03c4\u03ad\u03c1\u03b1 \u03b1\u03bd\u03bf\u03af\u03b3\u03b5\u03b9 \u03b7 \u0395\u03a1\u03a4 , StartNews.gr via","UserName":"Startnews","Date":"Mon May 18 14:11:32 +0000 2015","icon":"http:\/\/pbs.twimg.com\/profile_images\/378800000581704345\/d623650ac3c1323df28793b585a4c606_normal.jpeg","BelongsTo":"\u03a4\u03a3\u0399\u03a0\u03a1\u0391\u03a3","size":"small","name":"basic-graph"},{"Tweet":"\u03b3\u03b9\u03b1 \u03bd\u03b1 \u03b1\u03bd\u03b1\u03ba\u03bf\u03b9\u03bd\u03ce\u03c3\u03b5\u03b9 \u03b1\u03c0\u03cc \u03b5\u03ba\u03b5\u03af \u03bf \u03cc\u03c4\u03b9 \u03ba\u03bb\u03b5\u03af\u03bd\u03b5\u03b9 \u03b7 \u03c7\u03ce\u03c1\u03b1 \u03ba\u03b1\u03b9 \u03b1\u03bd\u03bf\u03af\u03b3\u03b5\u03b9 \u03c9\u03c2 Greece Open \u03c3\u03b5 \u03bc\u03bf\u03c1\u03c6\u03ae \u03c7\u03ce\u03c1\u03b1\u03c2 \u03ba\u03b1\u03c4\u03ac\u03bb\u03b7\u03c8\u03b7\u03c2","UserName":"\u041a\u043e\u043f\u0440\u043e\u0442\u043a\u0438\u043d","Date":"Mon May 18 14:05:36 +0000 2015","icon":"http:\/\/pbs.twimg.com\/profile_images\/591862390322499584\/DXbL9XhD_normal.jpg","BelongsTo":"\u03a4\u03a3\u0399\u03a0\u03a1\u0391\u03a3","size":"small","name":"basic-graph"}],"links":[{"source":1,"target":0},{"source":2,"target":0},{"source":3,"target":0},{"source":4,"target":0},{"source":5,"target":0},{"source":6,"target":0},{"source":7,"target":0},{"source":8,"target":0},{"source":9,"target":0},{"source":10,"target":0},{"source":11,"target":0},{"source":12,"target":0},{"source":13,"target":0},{"source":14,"target":0},{"source":15,"target":0},{"source":16,"target":0},{"source":17,"target":0}]}