{"nodes":[{"Tweet":"Deputy","UserName":"\u03a3\u0391\u039c\u0391\u03a1\u0391\u03a3","Date":"null","icon":"http:\/\/upload.wikimedia.org\/wikipedia\/commons\/d\/d9\/Antonis_Samaras_October_2014.jpg","BelongsTo":"null","size":"big","name":"basic-graph"},{"Tweet":"\u03a3\u03b1\u03bc\u03b1\u03c1\u03ac\u03c2: \u0397 \u03c7\u03ce\u03c1\u03b1 \u03b2\u03c1\u03af\u03c3\u03ba\u03b5\u03c4\u03b1\u03b9 \u03c3\u03c4\u03b7\u03bd \u03c0\u03b9\u03bf \u03ba\u03c1\u03af\u03c3\u03b9\u03bc\u03b7 \u03b8\u03ad\u03c3\u03b7 - \u0388\u03c7\u03b5\u03b9 ... via","UserName":"\u039a\u03c9\u03c3\u03c4\u03b1\u03c2 \u03a0\u03b9\u03c6\u03ac\u03bd\u03b7\u03c2","Date":"Mon May 18 15:00:17 +0000 2015","icon":"http:\/\/pbs.twimg.com\/profile_images\/463677385867419650\/fnjUNimD_normal.jpeg","BelongsTo":"\u03a3\u0391\u039c\u0391\u03a1\u0391\u03a3","size":"small","name":"basic-graph"},{"Tweet":"\u03a3\u03b1\u03bc\u03b1\u03c1\u03ac\u03c2 \u03c3\u03c4\u03bf\u03bd \u03a3\u0395\u0392: \u0394\u03b5\u03bd \u03b8\u03b1 \u03b4\u03b5\u03c3\u03bc\u03b5\u03c5\u03b8\u03bf\u03cd\u03bc\u03b5 \u03cc\u03c4\u03b9 \u03b8\u03b1 \u03c8\u03b7\u03c6\u03af\u03c3\u03bf\u03c5\u03bc\u03b5 \u03ba\u03ac\u03c4\u03b9 \u03c0\u03bf\u03c5 \u03b1\u03ba\u03cc\u03bc\u03b7 \u03b4\u03b5\u03bd \u03b5\u03af\u03b4\u03b1\u03bc\u03b5","UserName":"\u0391\u03a0\u0395-\u039c\u03a0\u0395","Date":"Mon May 18 14:59:40 +0000 2015","icon":"http:\/\/pbs.twimg.com\/profile_images\/3474640049\/548e1382556a95f69793543f30a5e636_normal.jpeg","BelongsTo":"\u03a3\u0391\u039c\u0391\u03a1\u0391\u03a3","size":"small","name":"basic-graph"},{"Tweet":"\u0388\u03c7\u03b5\u03b9 \u03b4\u03af\u03ba\u03b9\u03bf \u03bf \u03a3\u03b1\u03bc\u03b1\u03c1\u03ac\u03c2\u2026","UserName":"Newsbomb Economy ","Date":"Mon May 18 14:49:16 +0000 2015","icon":"http:\/\/pbs.twimg.com\/profile_images\/568368129248464896\/7t8YQ1lh_normal.jpeg","BelongsTo":"\u03a3\u0391\u039c\u0391\u03a1\u0391\u03a3","size":"small","name":"basic-graph"},{"Tweet":"\u039a\u03b1\u03b9\u03c1\u03cc\u03c2 \u03ae\u03c4\u03b1\u03bd... \u039e\u03b5\u03ba\u03b1\u03b8\u03b1\u03c1\u03af\u03b6\u03b5\u03b9 \u03bf \u00ab\u038c\u03c7\u03b9\u00bb \u03c3\u03b5 \u03c3\u03c5\u03bc\u03c6\u03c9\u03bd\u03af\u03b1 \u03bc\u03b5 \u03b1\u03cd\u03be\u03b7\u03c3\u03b7 \u03c6\u03cc\u03c1\u03c9\u03bd ... \u0394\u03b5\u03bd \u03b4\u03ad\u03c7\u03b8\u03b7\u03ba\u03b1\u03bd \u03c4\u03bf \"mail\" \u03a7\u03b1\u03c1\u03b4\u03bf\u03cd\u03b2\u03b5\u03bb\u03b7 \u03c0\u03c9\u03c2 \u03bd\u2026","UserName":"olga","Date":"Mon May 18 14:44:45 +0000 2015","icon":"http:\/\/pbs.twimg.com\/profile_images\/570559172577763328\/9phLeBxQ_normal.jpeg","BelongsTo":"\u03a3\u0391\u039c\u0391\u03a1\u0391\u03a3","size":"small","name":"basic-graph"},{"Tweet":"\u03a3\u03b1\u03bc\u03b1\u03c1\u03ac\u03c2: \u00ab\u0394\u03b5\u03bd \u03b8\u03b1 \u03ba\u03bb\u03b5\u03af\u03c3\u03bf\u03c5\u03bc\u03b5 \u03c4\u03b7\u03bd \u03c0\u03cc\u03c1\u03c4\u03b1 \u03c3\u03c4\u03b7\u03bd \u03b1\u03bd\u03ac\u03b3\u03ba\u03b7 \u03b5\u03b8\u03bd\u03b9\u03ba\u03ae\u03c2 \u03c3\u03c5\u03bd\u03b5\u03bd\u03bd\u03cc\u03b7\u03c3\u03b7\u03c2\u00bb","UserName":"kathimerini.gr","Date":"Mon May 18 14:43:07 +0000 2015","icon":"http:\/\/pbs.twimg.com\/profile_images\/2304630090\/q81d6d6e8anxsj6fu4z1_normal.jpeg","BelongsTo":"\u03a3\u0391\u039c\u0391\u03a1\u0391\u03a3","size":"small","name":"basic-graph"},{"Tweet":"\u03a3\u03b1\u03bc\u03b1\u03c1\u03ac\u03c2: \u0394\u03b5\u03bd \u03b4\u03b5\u03c3\u03bc\u03b5\u03cd\u03b5\u03c4\u03b1\u03b9 \u03cc\u03c4\u03b9 \u03b8\u03b1 \u03c8\u03b7\u03c6\u03af\u03c3\u03b5\u03b9 \u03c4\u03b7 \u03c3\u03c5\u03bc\u03c6\u03c9\u03bd\u03af\u03b1","UserName":"\u03a3\u03b1\u03c1\u03b4\u03ad\u03bb\u03b1!","Date":"Mon May 18 14:41:23 +0000 2015","icon":"http:\/\/pbs.twimg.com\/profile_images\/564900914062831616\/MqsK5Hcq_normal.jpeg","BelongsTo":"\u03a3\u0391\u039c\u0391\u03a1\u0391\u03a3","size":"small","name":"basic-graph"}],"links":[{"source":1,"target":0},{"source":2,"target":0},{"source":3,"target":0},{"source":4,"target":0},{"source":5,"target":0},{"source":6,"target":0}]}