{"nodes":[{"Tweet":"Deputy","UserName":"\u039a\u03a9\u039d\u03a3\u03a4\u0391\u039d\u03a4\u039f\u03a0\u039f\u03a5\u039b\u039f\u03a5","Date":"null","icon":"http:\/\/www.thetoc.gr\/images\/articles\/1\/article_35092\/pantreuetai-i-zwi-kwnstantopoulou.w_l.jpg","BelongsTo":"null","size":"big","name":"basic-graph"},{"Tweet":"\u039a\u039a\u0395: \u03a3\u03c7\u03cc\u03bb\u03b9\u03bf \u03b3\u03b9\u03b1 \u03c4\u03b7 \u03b4\u03ae\u03bb\u03c9\u03c3\u03b7 \u03c4\u03b7\u03c2 \u0396. \u039a\u03c9\u03bd\u03c3\u03c4\u03b1\u03bd\u03c4\u03bf\u03c0\u03bf\u03cd\u03bb\u03bf\u03c5 \u03c3\u03c7\u03b5\u03c4\u03b9\u03ba\u03ac \u03bc\u03b5 \u03c4\u03b7\u03bd \u03ba\u03b1\u03c4\u03ac\u03c1\u03b3\u03b7\u03c3\u03b7 \u03c4\u03c9\u03bd \u03bc\u03bd\u03b7\u03bc\u03bf\u03bd\u03af\u03c9\u03bd | 902.gr","UserName":"\u03a4\u03cc\u03bd\u03b9\u03b1 \u03a0\u03b1\u03c0\u03b1\u03ba\u03ce\u03c3\u03c4\u03b1","Date":"Mon May 18 13:34:23 +0000 2015","icon":"http:\/\/pbs.twimg.com\/profile_images\/570711263680811008\/g554sfix_normal.png","BelongsTo":"\u039a\u03a9\u039d\u03a3\u03a4\u0391\u039d\u03a4\u039f\u03a0\u039f\u03a5\u039b\u039f\u03a5","size":"small","name":"basic-graph"},{"Tweet":"To KKE \u03b3\u03b9\u03b1 \u03c4\u03bf \u00ab\u03c3\u03c7\u03ae\u03bc\u03b1 \u03bb\u03cc\u03b3\u03bf\u03c5\u00bb \u03c4\u03b7\u03c2 \u039a\u03c9\u03bd\u03c3\u03c4\u03b1\u03bd\u03c4\u03bf\u03c0\u03bf\u03cd\u03bb\u03bf\u03c5: \u039a\u03c5\u03bd\u03b9\u03ba\u03ae \u03bf\u03bc\u03bf\u03bb\u03bf\u03b3\u03af\u03b1 \u03c4\u03bf\u03c5 \u03a3\u03a5\u03a1\u0399\u0396\u0391 | iefimerida.gr -","UserName":"Miltos Siniossoglou ","Date":"Mon May 18 13:10:13 +0000 2015","icon":"http:\/\/pbs.twimg.com\/profile_images\/378800000516049623\/9741cb66142a4aede4b57b5921a1a26e_normal.jpeg","BelongsTo":"\u039a\u03a9\u039d\u03a3\u03a4\u0391\u039d\u03a4\u039f\u03a0\u039f\u03a5\u039b\u039f\u03a5","size":"small","name":"basic-graph"},{"Tweet":"KKE : \u039a\u039a\u0395: \u03a3\u03c7\u03cc\u03bb\u03b9\u03bf \u03b3\u03b9\u03b1 \u03c4\u03b7 \u03b4\u03ae\u03bb\u03c9\u03c3\u03b7 \u03c4\u03b7\u03c2 \u0396. \u039a\u03c9\u03bd\u03c3\u03c4\u03b1\u03bd\u03c4\u03bf\u03c0\u03bf\u03cd\u03bb\u03bf\u03c5 \u03c3\u03c7\u03b5\u03c4\u03b9\u03ba\u03ac \u03bc\u03b5 \u03c4\u03b7\u03bd \u03ba\u03b1\u03c4\u03ac\u03c1\u03b3\u03b7\u03c3\u03b7 \u03c4\u03c9\u03bd \u03bc\u03bd\u03b7\u03bc\u03bf\u03bd\u03af\u03c9\u03bd via","UserName":"\u039c\u03b1\u03c1\u03af\u03b1","Date":"Mon May 18 12:22:21 +0000 2015","icon":"http:\/\/pbs.twimg.com\/profile_images\/1775193749\/avatar_713_normal.jpg","BelongsTo":"\u039a\u03a9\u039d\u03a3\u03a4\u0391\u039d\u03a4\u039f\u03a0\u039f\u03a5\u039b\u039f\u03a5","size":"small","name":"basic-graph"},{"Tweet":"\u0396. \u039a\u03c9\u03bd\u03c3\u03c4\u03b1\u03bd\u03c4\u03bf\u03c0\u03bf\u03cd\u03bb\u03bf\u03c5: \u0394\u03b5\u03bd \u03c5\u03c0\u03ac\u03c1\u03c7\u03bf\u03c5\u03bd \u03ba\u03b1\u03c0\u03b5\u03c4\u03b1\u03bd\u03ac\u03c4\u03b1 \u03ba\u03b1\u03b9 \u03c1\u03ae\u03be\u03b5\u03b9\u03c2 \u03c3\u03c4\u03bf\u03bd \u03a3\u03a5\u03a1\u0399\u0396\u0391 :: left.gr","UserName":"M\u03b9\u03c7\u03ac\u03bb\u03b7\u03c2 N. K\u03bf\u03c5\u03af\u03bd\u03b7\u03c2","Date":"Mon May 18 08:36:24 +0000 2015","icon":"http:\/\/pbs.twimg.com\/profile_images\/558576702096306176\/sSYbtGSe_normal.png","BelongsTo":"\u039a\u03a9\u039d\u03a3\u03a4\u0391\u039d\u03a4\u039f\u03a0\u039f\u03a5\u039b\u039f\u03a5","size":"small","name":"basic-graph"},{"Tweet":"\"\u0391\u03c2 \u03bc\u03b1\u03b6\u03ad\u03c8\u03b5\u03b9 \u03ba\u03ac\u03c0\u03bf\u03b9\u03bf\u03c2 \u03c4\u03b7\u03bd \u039a\u03c9\u03bd\u03c3\u03c4\u03b1\u03bd\u03c4\u03bf\u03c0\u03bf\u03cd\u03bb\u03bf\u03c5...\"","UserName":"Ingossip Greece","Date":"Sun May 17 23:56:04 +0000 2015","icon":"http:\/\/pbs.twimg.com\/profile_images\/537635227976208385\/fmRV2IXS_normal.jpeg","BelongsTo":"\u039a\u03a9\u039d\u03a3\u03a4\u0391\u039d\u03a4\u039f\u03a0\u039f\u03a5\u039b\u039f\u03a5","size":"small","name":"basic-graph"},{"Tweet":"\u03a0\u0391\u03a3\u039f\u039a: \u00ab\u0397 \u0396. \u039a\u03c9\u03bd\u03c3\u03c4\u03b1\u03bd\u03c4\u03bf\u03c0\u03bf\u03cd\u03bb\u03bf\u03c5 \u03c3\u03c5\u03bc\u03c0\u03b1\u03b8\u03b5\u03af \u03c4\u03b7\u03bd \u03a7\u0391\"","UserName":"Ingossip Greece","Date":"Sun May 17 22:16:33 +0000 2015","icon":"http:\/\/pbs.twimg.com\/profile_images\/537635227976208385\/fmRV2IXS_normal.jpeg","BelongsTo":"\u039a\u03a9\u039d\u03a3\u03a4\u0391\u039d\u03a4\u039f\u03a0\u039f\u03a5\u039b\u039f\u03a5","size":"small","name":"basic-graph"},{"Tweet":"\u0388\u03bd\u03c4\u03b1\u03c3\u03b7 \u03c0\u03bf\u03bb\u03bb\u03ce\u03bd... \u0391\u03bc\u03c0\u03ad\u03c1 \u03bc\u03b5\u03c4\u03b1\u03be\u03cd \u039a\u03c9\u03bd\u03c3\u03c4\u03b1\u03bd\u03c4\u03bf\u03c0\u03bf\u03cd\u03bb\u03bf\u03c5 \u03ba\u03b1\u03b9 \u03a7\u03b1\u03c4\u03b6\u03ae (Video)","UserName":"Anastasia Antoniadou","Date":"Sun May 17 21:31:58 +0000 2015","icon":"http:\/\/pbs.twimg.com\/profile_images\/2138879670\/tweet_normal.jpg","BelongsTo":"\u039a\u03a9\u039d\u03a3\u03a4\u0391\u039d\u03a4\u039f\u03a0\u039f\u03a5\u039b\u039f\u03a5","size":"small","name":"basic-graph"},{"Tweet":"\u03a4\u03bf Twitter \u00ab\u03b3\u03bb\u03b5\u03bd\u03c4\u03ac\u03b5\u03b9\u00bb \u03bc\u03b5 \u03c4\u03b7\u03bd \u03b1\u03c4\u03ac\u03ba\u03b1 \u03c4\u03b7\u03c2 \u0396\u03c9\u03ae\u03c2 \u039a\u03c9\u03bd\u03c3\u03c4\u03b1\u03bd\u03c4\u03bf\u03c0\u03bf\u03cd\u03bb\u03bf\u03c5","UserName":"Christof Vasileiadis","Date":"Sun May 17 20:28:01 +0000 2015","icon":"http:\/\/pbs.twimg.com\/profile_images\/1565260584\/Picture0001_normal.jpg","BelongsTo":"\u039a\u03a9\u039d\u03a3\u03a4\u0391\u039d\u03a4\u039f\u03a0\u039f\u03a5\u039b\u039f\u03a5","size":"small","name":"basic-graph"},{"Tweet":"\u039a\u03c9\u03bd\u03c3\u03c4\u03b1\u03bd\u03c4\u03bf\u03c0\u03bf\u03cd\u03bb\u03bf\u03c5: \u03a3\u03c7\u03ae\u03bc\u03b1 \u03bb\u03cc\u03b3\u03bf\u03c5 \u03b7 \u03ba\u03b1\u03c4\u03ac\u03c1\u03b3\u03b7\u03c3\u03b7 \u03c4\u03bf\u03c5 \u03bc\u03bd\u03b7\u03bc\u03bf\u03bd\u03af\u03bf\u03c5 \u03bc\u03b5 \u03ad\u03bd\u03b1 \u03bd\u03cc\u03bc\u03bf","UserName":"Thanasis Koutoulas","Date":"Sun May 17 20:18:30 +0000 2015","icon":"http:\/\/pbs.twimg.com\/profile_images\/344513261568217446\/d31e46f6f388a2af4c558403dc8202d6_normal.jpeg","BelongsTo":"\u039a\u03a9\u039d\u03a3\u03a4\u0391\u039d\u03a4\u039f\u03a0\u039f\u03a5\u039b\u039f\u03a5","size":"small","name":"basic-graph"},{"Tweet":"\u0388\u03bd\u03c4\u03b1\u03c3\u03b7 \u03c0\u03bf\u03bb\u03bb\u03ce\u03bd... \u0391\u03bc\u03c0\u03ad\u03c1 \u03bc\u03b5\u03c4\u03b1\u03be\u03cd \u039a\u03c9\u03bd\u03c3\u03c4\u03b1\u03bd\u03c4\u03bf\u03c0\u03bf\u03cd\u03bb\u03bf\u03c5 \u03ba\u03b1\u03b9 \u03a7\u03b1\u03c4\u03b6\u03ae (Video) | \u03a4\u039f \u03a0\u039f\u039d\u03a4\u0399\u039a\u0399","UserName":"avgi jovanovic","Date":"Sun May 17 20:08:57 +0000 2015","icon":"http:\/\/pbs.twimg.com\/profile_images\/565976197696221184\/adh8lAdb_normal.jpeg","BelongsTo":"\u039a\u03a9\u039d\u03a3\u03a4\u0391\u039d\u03a4\u039f\u03a0\u039f\u03a5\u039b\u039f\u03a5","size":"small","name":"basic-graph"}],"links":[{"source":1,"target":0},{"source":2,"target":0},{"source":3,"target":0},{"source":4,"target":0},{"source":5,"target":0},{"source":6,"target":0},{"source":7,"target":0},{"source":8,"target":0},{"source":9,"target":0},{"source":10,"target":0}]}