{"nodes":[{"Tweet":"Deputy","UserName":"\u039e\u03a5\u0394\u0391\u039a\u0397\u03a3","Date":"null","icon":"https:\/\/odikosmaskavafis.files.wordpress.com\/2014\/03\/ksidakis2.jpg","BelongsTo":"null","size":"big","name":"basic-graph"},{"Tweet":"\u0391\u03bd\u03b1\u03bc\u03cc\u03c1\u03c6\u03c9\u03c3\u03b7 \u03c4\u03bf\u03c5 \u03bd\u03bf\u03bc\u03b9\u03ba\u03bf\u03cd \u03ba\u03b1\u03b8\u03b5\u03c3\u03c4\u03ce\u03c4\u03bf\u03c2 \u03c4\u03bf\u03c5 \u0395\u03b8\u03bd\u03b9\u03ba\u03bf\u03cd \u0398\u03b5\u03ac\u03c4\u03c1\u03bf\u03c5 \u03b5\u03be\u03ae\u03b3\u03b3\u03b5\u03b9\u03bb\u03b5 \u03bf \u039d. \u039e\u03c5\u03b4\u03ac\u03ba\u03b7\u03c2 via","UserName":"Dim Krachtopoulos","Date":"Wed May 13 22:28:17 +0000 2015","icon":"http:\/\/pbs.twimg.com\/profile_images\/3388189787\/48dab662f371ad80db1028be2ee6058c_normal.jpeg","BelongsTo":"\u039e\u03a5\u0394\u0391\u039a\u0397\u03a3","size":"small","name":"basic-graph"},{"Tweet":"\u039e\u03c5\u03b4\u03ac\u03ba\u03b7\u03c2: \u00ab\u0394\u03b5\u03bd \u03b8\u03b1 \u03b4\u03b9\u03b5\u03ba\u03b4\u03b9\u03ba\u03ae\u03c3\u03bf\u03c5\u03bc\u03b5 \u03bd\u03bf\u03bc\u03b9\u03ba\u03ac \u03c4\u03b1 \u039c\u03ac\u03c1\u03bc\u03b1\u03c1\u03b1 \u03c4\u03bf\u03c5 \u03a0\u03b1\u03c1\u03b8\u03b5\u03bd\u03ce\u03bd\u03b1\u00bb","UserName":"InsidEuropePress","Date":"Wed May 13 20:22:46 +0000 2015","icon":"http:\/\/pbs.twimg.com\/profile_images\/433262323542016000\/-FCpWoOE_normal.jpeg","BelongsTo":"\u039e\u03a5\u0394\u0391\u039a\u0397\u03a3","size":"small","name":"basic-graph"},{"Tweet":"\u039a\u039f\u03a5\u03a4\u0399 \u03a4\u0397\u03a3 \u03a0\u0391\u039d\u0394\u03a9\u03a1\u0391\u03a3: \u039e\u03c5\u03b4\u03ac\u03ba\u03b7\u03c2: \u00ab\u0394\u03b5\u03bd \u03b8\u03b1 \u03b4\u03b9\u03b5\u03ba\u03b4\u03b9\u03ba\u03ae\u03c3\u03bf\u03c5\u03bc\u03b5 \u03bd\u03bf\u03bc\u03b9\u03ba\u03ac \u03c4\u03b1 \u039c\u03ac\u03c1\u03bc\u03b1\u03c1\u03b1 \u03c4\u03bf\u03c5 \u03a0\u03b1\u03c1\u03b8\u03b5\u03bd\u03ce\u03bd\u03b1\u00bb via","UserName":"atypos.com","Date":"Wed May 13 19:43:57 +0000 2015","icon":"http:\/\/pbs.twimg.com\/profile_images\/2973789794\/bd9adf8c2f9a6466e42be0635ab40674_normal.png","BelongsTo":"\u039e\u03a5\u0394\u0391\u039a\u0397\u03a3","size":"small","name":"basic-graph"},{"Tweet":"\u03a4\u03b7\u03bd \u03b1\u03bd\u03b1\u03bc\u03cc\u03c1\u03c6\u03c9\u03c3\u03b7 \u03c4\u03bf\u03c5 \u03bd\u03bf\u03bc\u03b9\u03ba\u03bf\u03cd \u03ba\u03b1\u03b8\u03b5\u03c3\u03c4\u03ce\u03c4\u03bf\u03c2 \u03c4\u03bf\u03c5 \u0395\u03b8\u03bd\u03b9\u03ba\u03bf\u03cd \u03b5\u03be\u03ae\u03b3\u03b3\u03b5\u03b9\u03bb\u03b5 \u03bf \u039e\u03c5\u03b4\u03ac\u03ba\u03b7\u03c2 \u039a\u03b1\u03b9\u03c1\u03cc\u03c2 \u03ae\u03c4\u03b1\u03bd. \u03a0\u03bf\u03bb\u03cd \u03b8\u03b5\u03c4\u03b9\u03ba\u03ae \u03b5\u03be\u03ad\u03bb\u03b9\u03be\u2026","UserName":"LamazoneBlonde","Date":"Wed May 13 18:21:38 +0000 2015","icon":"http:\/\/pbs.twimg.com\/profile_images\/594905760141836288\/EjRL_YIj_normal.jpg","BelongsTo":"\u039e\u03a5\u0394\u0391\u039a\u0397\u03a3","size":"small","name":"basic-graph"},{"Tweet":"\u03a4\u03b7\u03bd \u03b1\u03bd\u03b1\u03bc\u03cc\u03c1\u03c6\u03c9\u03c3\u03b7 \u03c4\u03bf\u03c5 \u03bd\u03bf\u03bc\u03b9\u03ba\u03bf\u03cd \u03ba\u03b1\u03b8\u03b5\u03c3\u03c4\u03ce\u03c4\u03bf\u03c2 \u03c4\u03bf\u03c5 \u0395\u03b8\u03bd\u03b9\u03ba\u03bf\u03cd \u03b5\u03be\u03ae\u03b3\u03b3\u03b5\u03b9\u03bb\u03b5 \u03bf \u039e\u03c5\u03b4\u03ac\u03ba\u03b7\u03c2 \u039a\u03b1\u03b9\u03c1\u03cc\u03c2 \u03ae\u03c4\u03b1\u03bd. \u03a0\u03bf\u03bb\u03cd \u03b8\u03b5\u03c4\u03b9\u03ba\u03ae \u03b5\u03be\u03ad\u03bb\u03b9\u03be\u03b7.","UserName":"ConstantinosMorfakis","Date":"Wed May 13 18:17:08 +0000 2015","icon":"http:\/\/pbs.twimg.com\/profile_images\/378800000682633557\/1138bbc9338ee14e38249de59d3cebd3_normal.jpeg","BelongsTo":"\u039e\u03a5\u0394\u0391\u039a\u0397\u03a3","size":"small","name":"basic-graph"},{"Tweet":"\u039e\u03c5\u03b4\u03ac\u03ba\u03b7\u03c2: \u0394\u03b5\u03bd \u03b8\u03b1 \u03b4\u03b9\u03b5\u03ba\u03b4\u03b9\u03ba\u03ae\u03c3\u03bf\u03c5\u03bc\u03b5 \u03bd\u03bf\u03bc\u03b9\u03ba\u03ac \u03c4\u03b1 \u03b3\u03bb\u03c5\u03c0\u03c4\u03ac \u03c4\u03bf\u03c5 \u03a0\u03b1\u03c1\u03b8\u03b5\u03bd\u03ce\u03bd\u03b1","UserName":"Newsbomb Economy ","Date":"Wed May 13 18:15:44 +0000 2015","icon":"http:\/\/pbs.twimg.com\/profile_images\/568368129248464896\/7t8YQ1lh_normal.jpeg","BelongsTo":"\u039e\u03a5\u0394\u0391\u039a\u0397\u03a3","size":"small","name":"basic-graph"},{"Tweet":"\u039e\u03c5\u03b4\u03ac\u03ba\u03b7\u03c2: \u0394\u03b5\u03bd \u03b8\u03b1 \u03b4\u03b9\u03b5\u03ba\u03b4\u03b9\u03ba\u03ae\u03c3\u03bf\u03c5\u03bc\u03b5 \u03bd\u03bf\u03bc\u03b9\u03ba\u03ac \u03c4\u03b1 \u0393\u03bb\u03c5\u03c0\u03c4\u03ac \u03c4\u03bf\u03c5 \u03a0\u03b1\u03c1\u03b8\u03b5\u03bd\u03ce\u03bd\u03b1:...","UserName":"\u03b5\u03c6\u03b7\u03bc\u03b5\u03c1\u03af\u03b4\u03b1 \u03b4\u03b7\u03bc\u03bf\u03ba\u03c1\u03b1\u03c4\u03af\u03b1","Date":"Wed May 13 17:57:33 +0000 2015","icon":"http:\/\/pbs.twimg.com\/profile_images\/2158837848\/Capture_normal.JPG","BelongsTo":"\u039e\u03a5\u0394\u0391\u039a\u0397\u03a3","size":"small","name":"basic-graph"},{"Tweet":"\u039d. \u039e\u03c5\u03b4\u03ac\u03ba\u03b7\u03c2: \u0394\u03b5\u03bd \u03b8\u03b1 \u03b4\u03b9\u03b5\u03ba\u03b4\u03b9\u03ba\u03ae\u03c3\u03bf\u03c5\u03bc\u03b5 \u03bd\u03bf\u03bc\u03b9\u03ba\u03ac \u03c4\u03b1 \u0393\u03bb\u03c5\u03c0\u03c4\u03ac \u03c4\u03bf\u03c5 \u03a0\u03b1\u03c1\u03b8\u03b5\u03bd\u03ce\u03bd\u03b1 | \u039b\u03b1\u03bc\u03b9\u03b1\u03ba\u03cc\u03c2 \u03a4\u03cd\u03c0\u03bf\u03c2","UserName":"\u039b\u03b1\u03bc\u03b9\u03b1\u03ba\u03cc\u03c2 \u03a4\u03cd\u03c0\u03bf\u03c2","Date":"Wed May 13 17:14:25 +0000 2015","icon":"http:\/\/pbs.twimg.com\/profile_images\/378800000514258970\/46315ebc18e271359e0912153f47de1e_normal.png","BelongsTo":"\u039e\u03a5\u0394\u0391\u039a\u0397\u03a3","size":"small","name":"basic-graph"},{"Tweet":"\u039e\u03c5\u03b4\u03ac\u03ba\u03b7\u03c2: \u0394\u03b5\u03bd \u03b8\u03b1 \u03b4\u03b9\u03b5\u03ba\u03b4\u03b9\u03ba\u03ae\u03c3\u03bf\u03c5\u03bc\u03b5 \u03bd\u03bf\u03bc\u03b9\u03ba\u03ac \u03c4\u03b1 \u0393\u03bb\u03c5\u03c0\u03c4\u03ac \u03c4\u03bf\u03c5 \u03a0\u03b1\u03c1\u03b8\u03b5\u03bd\u03ce\u03bd\u03b1","UserName":"Dimitris Ioannidis","Date":"Wed May 13 16:59:03 +0000 2015","icon":"http:\/\/pbs.twimg.com\/profile_images\/507151018799693825\/oPpNJ0g2_normal.jpeg","BelongsTo":"\u039e\u03a5\u0394\u0391\u039a\u0397\u03a3","size":"small","name":"basic-graph"},{"Tweet":"\u039e\u03a5\u0394\u0391\u039a\u0397\u03a3: \u039d\u039f\u039c\u039f\u0398\u0395\u03a4\u0399\u039a\u0397 \u0391\u039d\u0391\u039c\u039f\u03a1\u03a6\u03a9\u03a3\u0397 \u03a4\u039f\u03a5 \u0395\u0398\u039d\u0399\u039a\u039f\u03a5 \u0398\u0395\u0391\u03a4\u03a1\u039f\u03a5","UserName":"OnlyTheater","Date":"Wed May 13 16:57:43 +0000 2015","icon":"http:\/\/pbs.twimg.com\/profile_images\/2797891562\/0976b090e0845cb2a6f729efff8cd4ab_normal.jpeg","BelongsTo":"\u039e\u03a5\u0394\u0391\u039a\u0397\u03a3","size":"small","name":"basic-graph"},{"Tweet":"\u0391\u03bc\u03c6\u03af\u03c0\u03bf\u03bb\u03b7: \u0389\u03c4\u03b1\u03bd \u03c3\u03cc\u03bf\u03c5 \u03bb\u03ad\u03b5\u03b9 \u03bf \u03c5\u03c0\u03bf\u03c5\u03c1\u03b3\u03cc\u03c2 \u03a0\u03bf\u03bb\u03b9\u03c4\u03b9\u03c3\u03bc\u03bf\u03cd...","UserName":"Palo","Date":"Wed May 13 16:31:46 +0000 2015","icon":"http:\/\/pbs.twimg.com\/profile_images\/80423903\/palo_twitter_normal.png","BelongsTo":"\u039e\u03a5\u0394\u0391\u039a\u0397\u03a3","size":"small","name":"basic-graph"},{"Tweet":"\u0395\u03b8\u03bd\u03b9\u03ba\u03cc \u0398\u03ad\u03b1\u03c4\u03c1\u03bf: \u03a4\u03b7\u03bd \u03b1\u03bd\u03b1\u03bc\u03cc\u03c1\u03c6\u03c9\u03c3\u03b7 \u03c4\u03bf\u03c5 \u03bd\u03bf\u03bc\u03b9\u03ba\u03bf\u03cd \u03ba\u03b1\u03b8\u03b5\u03c3\u03c4\u03ce\u03c4\u03bf\u03c2 \u03b5\u03be\u03ae\u03b3\u03b3\u03b5\u03b9\u03bb\u03b5 \u03bf \u039d\u03af\u03ba\u03bf\u03c2 \u039e\u03c5\u03b4\u03ac\u03ba\u03b7\u03c2","UserName":"alter thess","Date":"Wed May 13 14:56:16 +0000 2015","icon":"http:\/\/pbs.twimg.com\/profile_images\/1134337648\/logo_normal.png","BelongsTo":"\u039e\u03a5\u0394\u0391\u039a\u0397\u03a3","size":"small","name":"basic-graph"},{"Tweet":"\u03a4\u03bf\u03bd \u039c\u03af\u03ba\u03b7 \u0398\u03b5\u03bf\u03b4\u03c9\u03c1\u03ac\u03ba\u03b7 \u03b5\u03c0\u03b9\u03c3\u03ba\u03ad\u03c6\u03b8\u03b7\u03ba\u03b5 \u03bf \u039d\u03af\u03ba\u03bf\u03c2 \u039e\u03c5\u03b4\u03ac\u03ba\u03b7\u03c2: \u0391\u03b8\u03ae\u03bd\u03b1:\u00a0\u0395\u03c0\u03af\u03c3\u03ba\u03b5\u03c8\u03b7 \u03c3\u03c4\u03bf\u03bd \u039c\u03af\u03ba\u03b7 \u0398\u03b5\u03bf\u03b4\u03c9\u03c1\u03ac\u03ba\u03b7, \u03bc\u03b5 \u03c4\u03b7\u03bd \u03b5\u03c5\u03ba\u03b1\u03b9\u03c1\u03af\u03b1 \u03c4\u03bf\u03c5 \u03c6\u03b5\u03c4\u03b9\u03bd...","UserName":"News 24h Cyprus","Date":"Wed May 13 14:28:12 +0000 2015","icon":"http:\/\/pbs.twimg.com\/profile_images\/466325370463977473\/wS97WwQO_normal.png","BelongsTo":"\u039e\u03a5\u0394\u0391\u039a\u0397\u03a3","size":"small","name":"basic-graph"},{"Tweet":"\u0395\u03c0\u03af\u03c3\u03ba\u03b5\u03c8\u03b7 \u03c4\u03b9\u03bc\u03ae\u03c2 \u03c3\u03c4\u03bf\u03bd \u039c\u03af\u03ba\u03b7 \u0398\u03b5\u03bf\u03b4\u03c9\u03c1\u03ac\u03ba\u03b7 \u03c0\u03c1\u03b1\u03b3\u03bc\u03b1\u03c4\u03bf\u03c0\u03bf\u03af\u03b7\u03c3\u03b5 \u03bf \u039d\u03af\u03ba\u03bf\u03c2 \u039e\u03c5\u03b4\u03ac\u03ba\u03b7\u03c2","UserName":"alter thess","Date":"Wed May 13 13:23:09 +0000 2015","icon":"http:\/\/pbs.twimg.com\/profile_images\/1134337648\/logo_normal.png","BelongsTo":"\u039e\u03a5\u0394\u0391\u039a\u0397\u03a3","size":"small","name":"basic-graph"},{"Tweet":"\u03a4\u03b7\u03bd \u03b1\u03bd\u03b1\u03bc\u03cc\u03c1\u03c6\u03c9\u03c3\u03b7 \u03c4\u03bf\u03c5 \u03bd\u03bf\u03bc\u03b9\u03ba\u03bf\u03cd \u03ba\u03b1\u03b8\u03b5\u03c3\u03c4\u03ce\u03c4\u03bf\u03c2 \u03c4\u03bf\u03c5 \u0395\u03b8\u03bd\u03b9\u03ba\u03bf\u03cd \u03b5\u03be\u03ae\u03b3\u03b3\u03b5\u03b9\u03bb\u03b5 \u03bf \u039e\u03c5\u03b4\u03ac\u03ba\u03b7\u03c2","UserName":"Dimitris Fakos","Date":"Wed May 13 13:11:06 +0000 2015","icon":"http:\/\/pbs.twimg.com\/profile_images\/590571783692152832\/0PM6j5yF_normal.jpg","BelongsTo":"\u039e\u03a5\u0394\u0391\u039a\u0397\u03a3","size":"small","name":"basic-graph"}],"links":[{"source":1,"target":0},{"source":2,"target":0},{"source":3,"target":0},{"source":4,"target":0},{"source":5,"target":0},{"source":6,"target":0},{"source":7,"target":0},{"source":8,"target":0},{"source":9,"target":0},{"source":10,"target":0},{"source":11,"target":0},{"source":12,"target":0},{"source":13,"target":0},{"source":14,"target":0},{"source":15,"target":0}]}