{"nodes":[{"Tweet":"Deputy","UserName":"\u03a4\u03a3\u0399\u03a0\u03a1\u0391\u03a3","Date":"null","icon":"\/PoliticalTweets\/backend\/assets\/sampleimage.jpg","BelongsTo":"null","size":"big"},{"Tweet":"\u03a4\u03c3\u03af\u03c0\u03c1\u03b1\u03c2 \u03bc\u03b5\u03c4\u03ac \u03b1\u03c0\u03cc 5 \u03ce\u03c1\u03b5\u03c2 \u03ba\u03bf\u03c5\u03b2\u03ad\u03bd\u03c4\u03b1: \u0397 \u03c3\u03b5\u03b9\u03c1\u03ac \u03c4\u03c9\u03bd \u03b5\u03c4\u03b1\u03af\u03c1\u03c9\u03bd \u03c4\u03ce\u03c1\u03b1... - dotnews.gr","UserName":"Kafes Gourmes","Date":"Wed May 13 02:54:19 +0000 2015","icon":"http:\/\/pbs.twimg.com\/profile_images\/592759352211197952\/DkecSEWI_normal.jpg","BelongsTo":"\u03a4\u03a3\u0399\u03a0\u03a1\u0391\u03a3","size":"small"},{"Tweet":"Reuters: \u03a4\u03c3\u03af\u03c0\u03c1\u03b1\u03c2-\u0392\u03b1\u03c1\u03bf\u03c5\u03c6\u03ac\u03ba\u03b7\u03c2 \u00ab\u03ad\u03ba\u03b1\u03c8\u03b1\u03bd\u00bb \u03cc\u03bb\u03bf\u03c5\u03c2 \u03c4\u03bf\u03c5\u03c2 \u03c6\u03af\u03bb\u03bf\u03c5\u03c2 \u03c4\u03bf\u03c5\u03c2 \u03c3\u03c4\u03b7\u03bd \u0395\u03c5\u03c1\u03ce\u03c0\u03b7","UserName":"\u039d\u03af\u03ba\u03bf\u03c2 \u039c\u03b7\u03bb\u03b9\u03ce\u03bd\u03b7\u03c2","Date":"Wed May 13 02:27:28 +0000 2015","icon":"http:\/\/pbs.twimg.com\/profile_images\/575877989461663744\/1PLzJzEv_normal.jpeg","BelongsTo":"\u03a4\u03a3\u0399\u03a0\u03a1\u0391\u03a3","size":"small"},{"Tweet":"\u03a3\u03c4\u03bf \u03a3\u03a5\u03a1\u0399\u0396\u0391\u039d\u0395\u039b\u0399\u03a3\u03a4\u0391\u039d \u03c4\u03b7\u03c2 \u03a4\u0399\u03a0\u039f\u03a4\u0395\u039d\u0399\u0391\u03a3 \u03a0\u03a1\u03a9\u03a4\u0397\u03a3 \u03a6\u039f\u03a1\u0391\u03a3 \u0391\u03a1\u0399\u03a3\u03a4\u0395\u03a1\u0391","UserName":"bilwander","Date":"Wed May 13 01:52:36 +0000 2015","icon":"http:\/\/pbs.twimg.com\/profile_images\/572892141517410304\/tN2eXjC-_normal.jpeg","BelongsTo":"\u03a4\u03a3\u0399\u03a0\u03a1\u0391\u03a3","size":"small"},{"Tweet":"\u03a4\u039f \u03a4\u03a3\u0399\u03a0 \u03a6\u0395\u03a1\u039d\u0395\u0399 \u039f \u03a4\u03a3\u0399\u03a0\u03a1\u0391\u03a3-\u039d\u03a4\u039f\u039a\u039f\u03a5\u039c\u0395\u039d\u03a4\u039f \u2013 \u0394\u0395\u03a3\u039c\u0395\u03a5\u03a3\u0397 \u03a3\u03a4\u039f \u039a\u0395\u0399\u039c\u0395\u039d\u039f \u03a0\u03a1\u039f\u03a3 EUROGROUP","UserName":"\u039a\u03c9\u03c3\u03c4\u03b1\u03c2 \u03a0\u03b9\u03c6\u03ac\u03bd\u03b7\u03c2","Date":"Wed May 13 00:27:08 +0000 2015","icon":"http:\/\/pbs.twimg.com\/profile_images\/463677385867419650\/fnjUNimD_normal.jpeg","BelongsTo":"\u03a4\u03a3\u0399\u03a0\u03a1\u0391\u03a3","size":"small"},{"Tweet":"\u0391\u03bb. \u03a4\u03c3\u03af\u03c0\u03c1\u03b1\u03c2: \u0397 \u03c3\u03b5\u03b9\u03c1\u03ac \u03c4\u03c9\u03bd \u03b5\u03c4\u03b1\u03af\u03c1\u03c9\u03bd","UserName":"Eklegmenos","Date":"Tue May 12 22:23:00 +0000 2015","icon":"http:\/\/pbs.twimg.com\/profile_images\/540814248020934656\/11JjrVPX_normal.jpeg","BelongsTo":"\u03a4\u03a3\u0399\u03a0\u03a1\u0391\u03a3","size":"small"},{"Tweet":"\u03a4\u03c3\u03af\u03c0\u03c1\u03b1\u03c2: \u03a3\u03b5\u03b9\u03c1\u03ac \u03c4\u03c9\u03bd \u03b5\u03c4\u03b1\u03af\u03c1\u03c9\u03bd \u03c4\u03ce\u03c1\u03b1 \u03b3\u03b9\u03b1 \u03c4\u03b7 \u03c3\u03c5\u03bc\u03c6\u03c9\u03bd\u03af\u03b1","UserName":"TGA NEWS","Date":"Tue May 12 22:22:37 +0000 2015","icon":"http:\/\/pbs.twimg.com\/profile_images\/411991467440095232\/2uq-qFrA_normal.jpeg","BelongsTo":"\u03a4\u03a3\u0399\u03a0\u03a1\u0391\u03a3","size":"small"},{"Tweet":"\u0394\u03b9\u03c0\u03bb\u03ac \u03ad\u03ba\u03b8\u03b5\u03c4\u03bf\u03c2 \u03bf \u03a3\u03c4\u03bf\u03c5\u03c1\u03bd\u03ac\u03c1\u03b1\u03c2 \u03bc\u03b5 \u03c4\u03bf \u03b5\u03bc\u03ad\u03b9\u03bb","UserName":"TGA NEWS","Date":"Tue May 12 22:21:12 +0000 2015","icon":"http:\/\/pbs.twimg.com\/profile_images\/411991467440095232\/2uq-qFrA_normal.jpeg","BelongsTo":"\u03a4\u03a3\u0399\u03a0\u03a1\u0391\u03a3","size":"small"},{"Tweet":"\u0393\u03b9\u03b1 \u03cc\u03c3\u03bf\u03c5\u03c2 \u03b5\u03bb\u03c0\u03af\u03b6\u03bf\u03c5\u03bd \u03b1\u03ba\u03cc\u03bc\u03b7 \u03c3\u03c4\u03b7\u03bd \u03ba\u03c9\u03bb\u03bf\u03c4\u03bf\u03cd\u03bc\u03c0\u03b1","UserName":"LaSTofTRoiKaNS","Date":"Tue May 12 22:19:05 +0000 2015","icon":"http:\/\/pbs.twimg.com\/profile_images\/551495231158243328\/vxAjdo6-_normal.jpeg","BelongsTo":"\u03a4\u03a3\u0399\u03a0\u03a1\u0391\u03a3","size":"small"},{"Tweet":"\u03c9\u03c1\u03b1\u03b9\u03b1 \u03b1\u03bb\u03bb\u03b1 \u03b5\u03b9\u03bd\u03b1\u03b9 300 \u03c4\u03b1 \u03c5\u03c0\u03bf\u03bb\u03bf\u03b9\u03c0\u03b1 10\u03b5\u03ba\u03b1\u03c4\u03bf\u03bc\u03c5\u03c1\u03b9\u03b1?","UserName":"giwrgos sidiropoulos","Date":"Tue May 12 22:09:55 +0000 2015","icon":"http:\/\/pbs.twimg.com\/profile_images\/598244100236783616\/05neL86C_normal.jpg","BelongsTo":"\u03a4\u03a3\u0399\u03a0\u03a1\u0391\u03a3","size":"small"},{"Tweet":"\u03c6\u03c1\u03bf\u03c5\u03b4\u03b5\u03c2 \u03b5\u03bb\u03c0\u03b9\u03b4\u03b5\u03c2!!! Reuters: \u03a4\u03c3\u03af\u03c0\u03c1\u03b1\u03c2-\u0392\u03b1\u03c1\u03bf\u03c5\u03c6\u03ac\u03ba\u03b7\u03c2 \u00ab\u03ad\u03ba\u03b1\u03c8\u03b1\u03bd\u00bb \u03cc\u03bb\u03bf\u03c5\u03c2 \u03c4\u03bf\u03c5\u03c2 \u03c6\u03af\u03bb\u03bf\u03c5\u03c2 \u03c4\u03bf\u03c5\u03c2 \u03c3\u03c4\u03b7\u03bd \u0395\u03c5\u03c1\u03ce\u03c0\u03b7 | iefimerida.gr -","UserName":"Mike M \u264f","Date":"Tue May 12 21:53:54 +0000 2015","icon":"http:\/\/pbs.twimg.com\/profile_images\/582186314327556096\/p5RIxeOw_normal.jpg","BelongsTo":"\u03a4\u03a3\u0399\u03a0\u03a1\u0391\u03a3","size":"small"},{"Tweet":"\u03a4\u03bf \u03b1\u03c0\u03cc\u03c6\u03b8\u03b5\u03b3\u03bc\u03b1 \u03c4\u03b7\u03c2 .... \u03ba\u03b1\u03bb\u03b7\u03bd\u03cd\u03c7\u03c4\u03b1\u03c2","UserName":"LaSTofTRoiKaNS","Date":"Tue May 12 21:49:10 +0000 2015","icon":"http:\/\/pbs.twimg.com\/profile_images\/551495231158243328\/vxAjdo6-_normal.jpeg","BelongsTo":"\u03a4\u03a3\u0399\u03a0\u03a1\u0391\u03a3","size":"small"},{"Tweet":"Reuters: \u03a4\u03c3\u03af\u03c0\u03c1\u03b1\u03c2-\u0392\u03b1\u03c1\u03bf\u03c5\u03c6\u03ac\u03ba\u03b7\u03c2 \u00ab\u03ad\u03ba\u03b1\u03c8\u03b1\u03bd\u00bb \u03cc\u03bb\u03bf\u03c5\u03c2 \u03c4\u03bf\u03c5\u03c2 \u03c6\u03af\u03bb\u03bf\u03c5\u03c2 \u03c4\u03bf\u03c5\u03c2 \u03c3\u03c4\u03b7\u03bd \u0395\u03c5\u03c1\u03ce\u03c0\u03b7 | iefimerida.gr -","UserName":"kostasmixalopoulos","Date":"Tue May 12 21:39:35 +0000 2015","icon":"http:\/\/pbs.twimg.com\/profile_images\/540547125440823296\/p39dSG9v_normal.jpeg","BelongsTo":"\u03a4\u03a3\u0399\u03a0\u03a1\u0391\u03a3","size":"small"},{"Tweet":"Reuters: \u039f \u0391\u03bb\u03ad\u03be\u03b7\u03c2 \u03a4\u03c3\u03af\u03c0\u03c1\u03b1\u03c2 \u03c7\u03ac\u03bd\u03b5\u03b9 \u03c4\u03b7 \u03c3\u03c5\u03bc\u03c0\u03ac\u03b8\u03b5\u03b9\u03b1 \u03c0\u03bf\u03c5 \u03b5\u03af\u03c7\u03b5 \u03cc\u03c4\u03b1\u03bd \u03b5\u03be\u03b5\u03bb\u03ad\u03b3\u03b7","UserName":"Statesmen.gr","Date":"Tue May 12 21:29:34 +0000 2015","icon":"http:\/\/pbs.twimg.com\/profile_images\/3465723628\/bcaef547f42ea85ee10af149b004b4c4_normal.jpeg","BelongsTo":"\u03a4\u03a3\u0399\u03a0\u03a1\u0391\u03a3","size":"small"},{"Tweet":"\u03a4\u03c3\u03af\u03c0\u03c1\u03b1\u03c2:\u0395 \u03af\u03bd\u03b1\u03b9 \u03b7 \u03c3\u03b5\u03b9\u03c1\u03ac \u03ba\u03b1\u03b9 \u03c4\u03c9\u03bd \u03b5\u03c4\u03b1\u03af\u03c1\u03c9\u03bd \u03bd\u03b1 \u03ba\u03ac\u03bd\u03bf\u03c5\u03bd \u03c4\u03b1 \u03b1\u03c0\u03b1\u03c1\u03b1\u03af\u03c4\u03b7\u03c4\u03b1 \u03b2\u03ae\u03bc\u03b1\u03c4\u03b1","UserName":"Ysterografo News","Date":"Tue May 12 21:21:30 +0000 2015","icon":"http:\/\/pbs.twimg.com\/profile_images\/450924149494394880\/jVBM2NdP_normal.png","BelongsTo":"\u03a4\u03a3\u0399\u03a0\u03a1\u0391\u03a3","size":"small"},{"Tweet":"\u039f\u03c4\u03b1\u03bd \u03b7 \u0396\u03c9\u03ae \u03b2\u03b3\u03ac\u03bb\u03b5\u03b9 \u03c4\u03bf \u03c7\u03c1\u03ad\u03bf\u03c2 \u03c0\u03b1\u03c1\u03ac\u03bd\u03bf\u03bc\u03bf, \u03bf \u03ba\u03b1\u03b9 \u03bf \u03b8\u03b1 \u03c0\u03b1\u03bd\u03b5 \u03bc\u03ad\u03c3\u03b1 \u03c0\u03bf\u03c5 \u03c4\u03bf \u03c0\u03bb\u03b7\u03c1\u03ce\u03bd\u03bf\u03c5\u03bd \u03c3\u03c4\u03c1\u03b1\u03b3\u03b3\u03af\u03b6\u03bf\u03bd\u03c4\u03b1\u03c2 \u03c4\u03b7 \u03c7\u03c9\u03c1\u03b1","UserName":"Takis","Date":"Tue May 12 21:17:07 +0000 2015","icon":"http:\/\/pbs.twimg.com\/profile_images\/431133431003480064\/1oyiuD6i_normal.jpeg","BelongsTo":"\u03a4\u03a3\u0399\u03a0\u03a1\u0391\u03a3","size":"small"},{"Tweet":"Reuters: \u039f \u03a4\u03c3\u03af\u03c0\u03c1\u03b1\u03c2 \u03c7\u03ac\u03bd\u03b5\u03b9 \u03c4\u03b7 \u03c3\u03c5\u03bc\u03c0\u03ac\u03b8\u03b5\u03b9\u03b1 \u03c0\u03bf\u03c5 \u03b5\u03af\u03c7\u03b5 \u03cc\u03c4\u03b1\u03bd \u03b5\u03ba\u03bb\u03ad\u03c7\u03b8\u03b7\u03ba\u03b5","UserName":"Charitos.Dimitris","Date":"Tue May 12 21:11:15 +0000 2015","icon":"http:\/\/abs.twimg.com\/sticky\/default_profile_images\/default_profile_6_normal.png","BelongsTo":"\u03a4\u03a3\u0399\u03a0\u03a1\u0391\u03a3","size":"small"}],"links":[{"source":1,"target":0},{"source":2,"target":0},{"source":3,"target":0},{"source":4,"target":0},{"source":5,"target":0},{"source":6,"target":0},{"source":7,"target":0},{"source":8,"target":0},{"source":9,"target":0},{"source":10,"target":0},{"source":11,"target":0},{"source":12,"target":0},{"source":13,"target":0},{"source":14,"target":0},{"source":15,"target":0},{"source":16,"target":0}]}