{"nodes":[{"Tweet":"Deputy","UserName":"\u03a3\u03a4\u0391\u0398\u0391\u03a3","Date":"null","icon":"\/PoliticalTweets\/backend\/assets\/sampleimage.jpg","BelongsTo":"null","size":"big"},{"Tweet":"\u0393. \u03a3\u03c4\u03b1\u03b8\u03ac\u03c2: \u039f \u03b1\u03b3\u03ce\u03bd\u03b1\u03c2 \u03c4\u03bf\u03c5 M. \u0393\u03bb\u03ad\u03b6\u03bf\u03c5, \u03c4\u03c9\u03bd \u0395\u03bb\u03bb\u03ae\u03bd\u03c9\u03bd \u03ba\u03b1\u03b9 \u03c4\u03c9\u03bd \u0393\u03b5\u03c1\u03bc\u03b1\u03bd\u03ce\u03bd \u03b1\u03bd\u03c4\u03b9\u03c6\u03b1\u03c3\u03b9\u03c3\u03c4\u03ce\u03bd \u03ac\u03c1\u03c7\u03b9\u03c3\u03b5 \u03bd\u03b1 \u03b1\u03c0\u03bf\u03b4\u03af\u03b4\u03b5\u03b9","UserName":"EOE.gr","Date":"Tue May 05 20:27:16 +0000 2015","icon":"http:\/\/pbs.twimg.com\/profile_images\/1673814999\/logo_normal.png","BelongsTo":"\u03a3\u03a4\u0391\u0398\u0391\u03a3","size":"small"},{"Tweet":"New article: \u03a3\u03c4\u03b1\u03b8\u03ac\u03c2:\u039a\u03b1\u03c4\u03b1\u03b2\u03bf\u03bb\u03ae \u03b5\u03b9\u03b4\u03b9\u03ba\u03bf\u03cd \u03c6\u03cc\u03c1\u03bf\u03c5 \u03b5\u03c0\u03af \u03c4\u03c9\u03bd \u03c4\u03b7\u03bb\u03b5\u03bf\u03c0\u03c4\u03b9\u03ba\u03ce\u03bd \u03b4\u03b9\u03b1\u03c6\u03b7\u03bc\u03af\u03c3\u03b5\u03c9\u03bd read more at here","UserName":"viotiashop","Date":"Tue May 05 04:41:07 +0000 2015","icon":"http:\/\/pbs.twimg.com\/profile_images\/378800000113486681\/66ebf492f7adbe51a06c19eceaf20ef1_normal.png","BelongsTo":"\u03a3\u03a4\u0391\u0398\u0391\u03a3","size":"small"},{"Tweet":"\u039f \u0393\u03b9\u03ac\u03bd\u03bd\u03b7\u03c2 \u03a3\u03c4\u03b1\u03b8\u03ac\u03c2 \u03b3\u03b9\u03b1 \u03c4\u03b7\u03bd \u03b4\u03b9\u03b5\u03ba\u03b4\u03af\u03ba\u03b7\u03c3\u03b7 \u03c4\u03c9\u03bd \u03b3\u03b5\u03c1\u03bc\u03b1\u03bd\u03b9\u03ba\u03ce\u03bd \u03bf\u03c6\u03b5\u03b9\u03bb\u03ce\u03bd","UserName":"\u0398\u0397\u0392\u0391 REAL NEWS","Date":"Mon May 04 17:35:39 +0000 2015","icon":"http:\/\/pbs.twimg.com\/profile_images\/1642285821\/THIVA.REAL.NEWS_2_normal.png","BelongsTo":"\u03a3\u03a4\u0391\u0398\u0391\u03a3","size":"small"},{"Tweet":"\u039f \u0393\u03b9\u03ac\u03bd\u03bd\u03b7\u03c2 \u03a3\u03c4\u03b1\u03b8\u03ac\u03c2 \u03b3\u03b9\u03b1 \u03c4\u03b7\u03bd \u03b4\u03b9\u03b5\u03ba\u03b4\u03af\u03ba\u03b7\u03c3\u03b7 \u03c4\u03c9\u03bd \u03b3\u03b5\u03c1\u03bc\u03b1\u03bd\u03b9\u03ba\u03ce\u03bd \u03bf\u03c6\u03b5\u03b9\u03bb\u03ce\u03bd - \u0398\u0397\u0392\u0391 REAL NEWS","UserName":"\u0398\u0397\u0392\u0391 REAL NEWS","Date":"Mon May 04 17:10:39 +0000 2015","icon":"http:\/\/pbs.twimg.com\/profile_images\/1642285821\/THIVA.REAL.NEWS_2_normal.png","BelongsTo":"\u03a3\u03a4\u0391\u0398\u0391\u03a3","size":"small"}],"links":[{"source":1,"target":0},{"source":2,"target":0},{"source":3,"target":0},{"source":4,"target":0}]}