{"nodes":[{"Tweet":"Deputy","UserName":"\u03a3\u03a4\u03a1\u0391\u03a4\u039f\u03a5\u039b\u0397\u03a3","Date":"null","icon":"http:\/\/www.tribune.gr\/wp-content\/uploads\/2015\/02\/stratoulis1.jpg","BelongsTo":"null","size":"big","name":"basic-graph"},{"Tweet":"\u03c3\u03c4\u03bf : \u039f\u03b9 \u03ba\u03cc\u03ba\u03ba\u03b9\u03bd\u03b5\u03c2 \u03b3\u03c1\u03b1\u03bc\u03bc\u03ad\u03c2 \u03b4\u03b5\u03bd \u03be\u03b5\u03b8\u03c9\u03c1\u03b9\u03ac\u03b6\u03bf\u03c5\u03bd via","UserName":"Antenna News","Date":"Fri May 15 15:49:21 +0000 2015","icon":"http:\/\/pbs.twimg.com\/profile_images\/522717332980776962\/Ad9VZLaz_normal.jpeg","BelongsTo":"\u03a3\u03a4\u03a1\u0391\u03a4\u039f\u03a5\u039b\u0397\u03a3","size":"small","name":"basic-graph"},{"Tweet":"\u03a3\u03c4\u03c1\u03b1\u03c4\u03bf\u03cd\u03bb\u03b7\u03c2: \u039f\u03b9 \u03ba\u03cc\u03ba\u03ba\u03b9\u03bd\u03b5\u03c2 \u03b3\u03c1\u03b1\u03bc\u03bc\u03ad\u03c2 \u03b4\u03b5\u03bd \u03be\u03b5\u03b8\u03c9\u03c1\u03b9\u03ac\u03b6\u03bf\u03c5\u03bd","UserName":"Christina Bitadou","Date":"Fri May 15 11:58:45 +0000 2015","icon":"http:\/\/pbs.twimg.com\/profile_images\/556484570741096448\/98-PDiEW_normal.jpeg","BelongsTo":"\u03a3\u03a4\u03a1\u0391\u03a4\u039f\u03a5\u039b\u0397\u03a3","size":"small","name":"basic-graph"},{"Tweet":"\u03a3\u03c4\u03c1\u03b1\u03c4\u03bf\u03cd\u03bb\u03b7\u03c2:\u0397 \u03ba\u03c5\u03b2\u03ad\u03c1\u03bd\u03b7\u03c3\u03b7 \u03b4\u03b5\u03bd \u03b8\u03b1 \u03c5\u03c0\u03bf\u03c7\u03c9\u03c1\u03ae\u03c3\u03b5\u03b9 \u00ab\u03bf\u03cd\u03c4\u03b5 \u03c1\u03bf\u03cd\u03c0\u03b9\u00bb \u03b1\u03c0\u03cc \u03c4\u03b9\u03c2 \u03ba\u03cc\u03ba\u03ba\u03b9\u03bd\u03b5\u03c2 \u03b3\u03c1\u03b1\u03bc\u03bc\u03ad\u03c2 \u0391\u03c2 \u03c0\u03bb\u03b7\u03c1\u03ce\u03bd\u03b5\u03b9 \u03bc\u03b5 \u03ba\u03cc\u03ba\u2026","UserName":"\u039d\u039f\u0394\u0395 \u0397\u03c1\u03b1\u03ba\u03bb\u03b5\u03af\u03bf\u03c5","Date":"Fri May 15 10:09:49 +0000 2015","icon":"http:\/\/pbs.twimg.com\/profile_images\/584383036722143232\/vJ6iUJoP_normal.jpg","BelongsTo":"\u03a3\u03a4\u03a1\u0391\u03a4\u039f\u03a5\u039b\u0397\u03a3","size":"small","name":"basic-graph"},{"Tweet":"\u03a3\u03c4\u03c1\u03b1\u03c4\u03bf\u03cd\u03bb\u03b7\u03c2:\u0397 \u03ba\u03c5\u03b2\u03ad\u03c1\u03bd\u03b7\u03c3\u03b7 \u03b4\u03b5\u03bd \u03b8\u03b1 \u03c5\u03c0\u03bf\u03c7\u03c9\u03c1\u03ae\u03c3\u03b5\u03b9 \u00ab\u03bf\u03cd\u03c4\u03b5 \u03c1\u03bf\u03cd\u03c0\u03b9\u00bb \u03b1\u03c0\u03cc \u03c4\u03b9\u03c2 \u03ba\u03cc\u03ba\u03ba\u03b9\u03bd\u03b5\u03c2 \u03b3\u03c1\u03b1\u03bc\u03bc\u03ad\u03c2 \u0391\u03c2 \u03c0\u03bb\u03b7\u03c1\u03ce\u03bd\u03b5\u03b9 \u03bc\u03b5 \u03ba\u03cc\u03ba\u03ba\u03b9\u03bd\u03b5\u03c2 \u03ba\u03bf\u03c1\u03b4\u03ad\u03bb\u03bb\u03b5\u03c2....","UserName":"Theofilos Nikolaidis","Date":"Fri May 15 10:04:41 +0000 2015","icon":"http:\/\/pbs.twimg.com\/profile_images\/1632166003\/Picture_21_normal.jpg","BelongsTo":"\u03a3\u03a4\u03a1\u0391\u03a4\u039f\u03a5\u039b\u0397\u03a3","size":"small","name":"basic-graph"},{"Tweet":"\u03a3\u03c4\u03c1\u03b1\u03c4\u03bf\u03cd\u03bb\u03b7\u03c2: \u0394\u03b5\u03bd \u03ba\u03ac\u03bd\u03bf\u03c5\u03bc\u03b5 \u03c0\u03af\u03c3\u03c9 \u03c3\u03c4\u03b9\u03c2 \u03ba\u03cc\u03ba\u03ba\u03b9\u03bd\u03b5\u03c2 \u03b3\u03c1\u03b1\u03bc\u03bc\u03ad\u03c2","UserName":"Elio Tlio","Date":"Fri May 15 09:24:27 +0000 2015","icon":"http:\/\/pbs.twimg.com\/profile_images\/2169333236\/lio_asp3_normal.jpg","BelongsTo":"\u03a3\u03a4\u03a1\u0391\u03a4\u039f\u03a5\u039b\u0397\u03a3","size":"small","name":"basic-graph"},{"Tweet":"\u03a4\u03b9 \u03c7\u03ac\u03bd\u03b5\u03b9\u03c2; \u03a3\u03c4\u03c1\u03b1\u03c4\u03bf\u03cd\u03bb\u03b7\u03c2: \u0397 \u03ba\u03c5\u03b2\u03ad\u03c1\u03bd\u03b7\u03c3\u03b7 \u03b4\u03b5\u03bd \u03b8\u03b1 \u03c5\u03c0\u03bf\u03c7\u03c9\u03c1\u03ae\u03c3\u03b5\u03b9 \u00ab\u03bf\u03cd\u03c4\u03b5 \u03c1\u03bf\u03cd\u03c0\u03b9\u00bb \u03b1\u03c0\u03cc \u03c4\u03b9\u03c2 \u03ba\u03cc\u03ba\u03ba\u03b9\u03bd\u03b5\u03c2 \u03b3\u03c1\u03b1\u03bc\u03bc\u03ad\u03c2 -","UserName":"george stasinopoulos","Date":"Fri May 15 09:22:12 +0000 2015","icon":"http:\/\/pbs.twimg.com\/profile_images\/463701778056224769\/qdawlqjm_normal.png","BelongsTo":"\u03a3\u03a4\u03a1\u0391\u03a4\u039f\u03a5\u039b\u0397\u03a3","size":"small","name":"basic-graph"},{"Tweet":"\u0394. \u03a3\u03c4\u03c1\u03b1\u03c4\u03bf\u03cd\u03bb\u03b7\u03c2: \u00ab\u0397 \u03ba\u03c5\u03b2\u03ad\u03c1\u03bd\u03b7\u03c3\u03b7 \u03b4\u03b5\u03bd \u03bc\u03c0\u03bf\u03c1\u03b5\u03af \u03bd\u03b1 \u03ba\u03ac\u03bd\u03b5\u03b9 \u03c0\u03af\u03c3\u03c9\u00bb","UserName":"koulouri nektaria ","Date":"Fri May 15 08:43:08 +0000 2015","icon":"http:\/\/pbs.twimg.com\/profile_images\/522623702865702912\/0ynI1cOE_normal.jpeg","BelongsTo":"\u03a3\u03a4\u03a1\u0391\u03a4\u039f\u03a5\u039b\u0397\u03a3","size":"small","name":"basic-graph"},{"Tweet":"\u03a3\u03c4\u03c1\u03b1\u03c4\u03bf\u03cd\u03bb\u03b7\u03c2: \u0399\u03c3\u03c7\u03cd\u03b5\u03b9 \u03b7 \u03b4\u03ad\u03c3\u03bc\u03b5\u03c5\u03c3\u03ae \u03bc\u03b1\u03c2 \u03b3\u03b9\u03b1 \u0395\u039d\u03a6\u0399\u0391 \u03ba\u03b1\u03b9 13\u03b7 \u03c3\u03cd\u03bd\u03c4\u03b1\u03be\u03b7","UserName":"koulouri nektaria ","Date":"Fri May 15 08:33:32 +0000 2015","icon":"http:\/\/pbs.twimg.com\/profile_images\/522623702865702912\/0ynI1cOE_normal.jpeg","BelongsTo":"\u03a3\u03a4\u03a1\u0391\u03a4\u039f\u03a5\u039b\u0397\u03a3","size":"small","name":"basic-graph"},{"Tweet":"\u0395\u03a6\u03a3\u03a5\u039d : \u0394. \u03a3\u03c4\u03c1\u03b1\u03c4\u03bf\u03cd\u03bb\u03b7\u03c2: \u00ab\u0397 \u03ba\u03c5\u03b2\u03ad\u03c1\u03bd\u03b7\u03c3\u03b7 \u03b4\u03b5\u03bd \u03bc\u03c0\u03bf\u03c1\u03b5\u03af \u03bd\u03b1 \u03ba\u03ac\u03bd\u03b5\u03b9 \u03c0\u03af\u03c3\u03c9\u00bb","UserName":"atypos.com","Date":"Fri May 15 08:11:26 +0000 2015","icon":"http:\/\/pbs.twimg.com\/profile_images\/2973789794\/bd9adf8c2f9a6466e42be0635ab40674_normal.png","BelongsTo":"\u03a3\u03a4\u03a1\u0391\u03a4\u039f\u03a5\u039b\u0397\u03a3","size":"small","name":"basic-graph"},{"Tweet":"\u0394. \u03a3\u03c4\u03c1\u03b1\u03c4\u03bf\u03cd\u03bb\u03b7\u03c2: \u039f\u03b9 \u03ba\u03cc\u03ba\u03ba\u03b9\u03bd\u03b5\u03c2 \u03b3\u03c1\u03b1\u03bc\u03bc\u03ad\u03c2 \u03b4\u03b5\u03bd \u03be\u03b5\u03b8\u03c9\u03c1\u03b9\u03ac\u03b6\u03bf\u03c5\u03bd via","UserName":"\u03a3\u0399\u0393\u0391\u039b\u0391 \u039f\u039b\u0393\u0391","Date":"Fri May 15 07:47:03 +0000 2015","icon":"http:\/\/pbs.twimg.com\/profile_images\/527076977011097601\/jT7DujFm_normal.jpeg","BelongsTo":"\u03a3\u03a4\u03a1\u0391\u03a4\u039f\u03a5\u039b\u0397\u03a3","size":"small","name":"basic-graph"}],"links":[{"source":1,"target":0},{"source":2,"target":0},{"source":3,"target":0},{"source":4,"target":0},{"source":5,"target":0},{"source":6,"target":0},{"source":7,"target":0},{"source":8,"target":0},{"source":9,"target":0},{"source":10,"target":0}]}