{"nodes":[{"Tweet":"Deputy","UserName":"\u03a4\u03a3\u0399\u03a0\u03a1\u0391\u03a3","Date":"null","icon":"http:\/\/asset.tovima.gr\/vimawebstatic\/\/4FD08321545B960CB4040B951F17DB40.jpg","BelongsTo":"null","size":"big","name":"basic-graph"},{"Tweet":": \u03a4\u03c3\u03af\u03c0\u03c1\u03b1\u03c2: \u00ab\u039f \u039f\u03bb\u03c5\u03bc\u03c0\u03b9\u03b1\u03ba\u03cc\u03c2 \u03c0\u03c1\u03bf\u03ba\u03c1\u03af\u03b8\u03b7\u03ba\u03b5- \u03a4\u03bf \u03af\u03b4\u03b9\u03bf \u03b8\u03b1 \u03ba\u03ac\u03bd\u03bf\u03c5\u03bc\u03b5 \u03ba\u03b9 \u03b5\u03bc\u03b5\u03af\u03c2 \u03c3\u03c4\u03b7\u03bd \u0395\u03c5\u03c1\u03ce\u03c0\u03b7!\u00bb","UserName":"atypos.com","Date":"Fri May 15 18:49:04 +0000 2015","icon":"http:\/\/pbs.twimg.com\/profile_images\/2973789794\/bd9adf8c2f9a6466e42be0635ab40674_normal.png","BelongsTo":"\u03a4\u03a3\u0399\u03a0\u03a1\u0391\u03a3","size":"small","name":"basic-graph"},{"Tweet":"\u03a4\u03c3\u03af\u03c0\u03c1\u03b1\u03c2: \u0394\u03b5\u03bd \u03c5\u03c0\u03ac\u03c1\u03c7\u03b5\u03b9 \u03ba\u03b1\u03bd\u03ad\u03bd\u03b1\u03c2 \u03ba\u03af\u03bd\u03b4\u03c5\u03bd\u03bf\u03c2 \u03b3\u03b9\u03b1 \u03bc\u03b9\u03c3\u03b8\u03bf\u03cd\u03c2 \u03ba\u03b1\u03b9 \u03c3\u03c5\u03bd\u03c4\u03ac\u03be\u03b5\u03b9\u03c2 - LIVE","UserName":"Paris Hatzievagelou","Date":"Fri May 15 18:48:51 +0000 2015","icon":"http:\/\/pbs.twimg.com\/profile_images\/557473320635887617\/zTZTQoxj_normal.jpeg","BelongsTo":"\u03a4\u03a3\u0399\u03a0\u03a1\u0391\u03a3","size":"small","name":"basic-graph"},{"Tweet":"\u039c\u03cc\u03bd\u03bf \u03c4\u03bf \u03ba\u03cc\u03c3\u03c4\u03bf\u03c2 \u03b6\u03c9\u03ae \u03b8\u03b1 \u03b1\u03bd\u03b5\u03b2\u03ac\u03c3\u03bf\u03c5\u03bc\u03b5 \u03bc\u03b5 \u03c4\u03bf\u03c5\u03c2 \u03c6\u03cc\u03c1\u03bf\u03c5\u03c2 \u03c0\u03bf\u03c5 \u03b8\u03b1 \u03b2\u03ac\u03bb\u03bf\u03c5\u03bc\u03b5","UserName":"Costas Eponymous","Date":"Fri May 15 18:48:42 +0000 2015","icon":"http:\/\/pbs.twimg.com\/profile_images\/552785702010646529\/Xegk08VU_normal.jpeg","BelongsTo":"\u03a4\u03a3\u0399\u03a0\u03a1\u0391\u03a3","size":"small","name":"basic-graph"},{"Tweet":"\u03a0\u03a9\u03a3 \u03a0\u0397\u0393\u0395\u03a3 \u03b1\u03c0\u03cc \u03c4\u03b7\u03bd \u03b1\u03bd\u03b1\u03b4\u03b9\u03b1\u03bd\u03bf\u03bc\u03ae \u03c4\u03bf\u03c5 \u03c0\u03bb\u03bf\u03cd\u03c4\u03bf\u03c5..... \u03c3\u03c4\u03b7\u03bd \u0391\u039d\u0391\u0394\u0399\u0391\u039d\u039f\u039c\u0397 \u03c4\u03c9\u03bd \u0392\u0391\u03a1\u03a9\u039d \u0391\u03bb\u03ad\u03be\u03b7 \u03bc\u03bf\u03c5;;;","UserName":" .\u03bbiminality","Date":"Fri May 15 18:48:20 +0000 2015","icon":"http:\/\/pbs.twimg.com\/profile_images\/568704679408705536\/fbIfhs1-_normal.jpeg","BelongsTo":"\u03a4\u03a3\u0399\u03a0\u03a1\u0391\u03a3","size":"small","name":"basic-graph"},{"Tweet":"CNBC: \"\u039f \u03a4\u03c3\u03af\u03c0\u03c1\u03b1\u03c2 \u03b1\u03bd\u03ad\u03bb\u03b1\u03b2\u03b5 \u03c4\u03b1 \"\u03b7\u03bd\u03af\u03b1\" \u03c3\u03c4\u03b7 \u03b4\u03b9\u03b1\u03c0\u03c1\u03b1\u03b3\u03bc\u03ac\u03c4\u03b5\u03c5\u03c3\u03b7\" -","UserName":"eNews24.gr","Date":"Fri May 15 18:48:02 +0000 2015","icon":"http:\/\/pbs.twimg.com\/profile_images\/556606626606481408\/JPfaPVAx_normal.jpeg","BelongsTo":"\u03a4\u03a3\u0399\u03a0\u03a1\u0391\u03a3","size":"small","name":"basic-graph"},{"Tweet":"\u03a4\u03c3\u03af\u03c0\u03c1\u03b1\u03c2 \u03c3\u03c4\u03bf Economist: \u03a5\u03bb\u03bf\u03c0\u03bf\u03b9\u03bf\u03cd\u03bc\u03b5 \u03c4\u03b7\u03bd \u03b5\u03bd\u03c4\u03bf\u03bb\u03ae \u03bd\u03b1 \u03b1\u03bb\u03bb\u03ac\u03be\u03bf\u03c5\u03bc\u03b5 \u03c4\u03b1 \u03c0\u03c1\u03ac\u03b3\u03bc\u03b1\u03c4\u03b1 \u03c3\u03c4\u03b7 \u03c7\u03ce\u03c1\u03b1","UserName":"Kostas Ampatzas","Date":"Fri May 15 18:47:58 +0000 2015","icon":"http:\/\/pbs.twimg.com\/profile_images\/565963903406841856\/SBolG2JH_normal.jpeg","BelongsTo":"\u03a4\u03a3\u0399\u03a0\u03a1\u0391\u03a3","size":"small","name":"basic-graph"},{"Tweet":"\u03a4\u03c3\u03af\u03c0\u03c1\u03b1\u03c2: \u03a3\u03c4\u03b7\u03bd \u0395\u03c5\u03c1\u03ce\u03c0\u03b7 \u03c0\u03ac\u03bc\u03b5 \u03ba\u03b1\u03bb\u03ac, \u03bf \u039f\u03bb\u03c5\u03bc\u03c0\u03b9\u03b1\u03ba\u03cc\u03c2 \u03ba\u03ad\u03c1\u03b4\u03b9\u03c3\u03b5 \u03ba\u03b1\u03b9 \u03c0\u03ac\u03b5\u03b9 \u03c4\u03b5\u03bb\u03b9\u03ba\u03cc, \u03b8\u03b1 \u03c0\u03ac\u03bc\u03b5 \u03ba\u03b1\u03bb\u03ac \u03cc\u03bc\u03c9\u03c2 \u03ba\u03b1\u03b9 \u03c3\u03c4\u03b1\u2026","UserName":"thestival.gr","Date":"Fri May 15 18:47:42 +0000 2015","icon":"http:\/\/pbs.twimg.com\/profile_images\/523901374673600512\/Pi99XcqG_normal.jpeg","BelongsTo":"\u03a4\u03a3\u0399\u03a0\u03a1\u0391\u03a3","size":"small","name":"basic-graph"},{"Tweet":"T\u03c3\u03af\u03c0\u03c1\u03b1\u03c2: \u00ab\u039f \u039f\u03bb\u03c5\u03bc\u03c0\u03b9\u03b1\u03ba\u03cc\u03c2 \u03c0\u03c1\u03bf\u03ba\u03c1\u03af\u03b8\u03b7\u03ba\u03b5- \u03a4\u03bf \u03af\u03b4\u03b9\u03bf \u03b8\u03b1 \u03ba\u03ac\u03bd\u03bf\u03c5\u03bc\u03b5 \u03ba\u03b9 \u03b5\u03bc\u03b5\u03af\u03c2 \u03c3\u03c4\u03b7\u03bd \u0395\u03c5\u03c1\u03ce\u03c0\u03b7!\u00bb","UserName":"Georgios Rizakis","Date":"Fri May 15 18:47:35 +0000 2015","icon":"http:\/\/pbs.twimg.com\/profile_images\/1839186016\/image_normal.jpg","BelongsTo":"\u03a4\u03a3\u0399\u03a0\u03a1\u0391\u03a3","size":"small","name":"basic-graph"},{"Tweet":"\u03a4\u03bf \u03c3\u03c7\u03ad\u03b4\u03b9\u03bf \u03c0\u03bf\u03c5 \u03ad\u03c7\u03bf\u03c5\u03bc\u03b5... \u03a4\u03bf \u03b1\u03bd\u03ad\u03ba\u03b4\u03bf\u03c4\u03bf \u03c4\u03b7\u03c2 \u03b7\u03bc\u03ad\u03c1\u03b1\u03c2\u2026","UserName":"iliasvoutsas","Date":"Fri May 15 18:47:29 +0000 2015","icon":"http:\/\/pbs.twimg.com\/profile_images\/591978337553272832\/-paXDc1n_normal.jpg","BelongsTo":"\u03a4\u03a3\u0399\u03a0\u03a1\u0391\u03a3","size":"small","name":"basic-graph"},{"Tweet":"\u03a4\u03c3\u03af\u03c0\u03c1\u03b1\u03c2: \u039a\u03b1\u03bd\u03ad\u03bd\u03b1\u03c2 \u03ba\u03af\u03bd\u03b4\u03c5\u03bd\u03bf\u03c2 \u03b3\u03b9\u03b1 \u03bc\u03b9\u03c3\u03b8\u03bf\u03cd\u03c2 \u03ba\u03b1\u03b9 \u03c3\u03c5\u03bd\u03c4\u03ac\u03be\u03b5\u03b9\u03c2 \u2013 \u0394\u03b5\u03bd \u03be\u03b5\u03b8\u03c9\u03c1\u03b9\u03ac\u03b6\u03bf\u03c5\u03bd \u03bf\u03b9 \u03ba\u03cc\u03ba\u03ba\u03b9\u03bd\u03b5\u03c2 \u03b3\u03c1\u03b1\u03bc\u03bc\u03ad\u03c2","UserName":"karfitsa.gr","Date":"Fri May 15 18:47:04 +0000 2015","icon":"http:\/\/pbs.twimg.com\/profile_images\/378800000339753613\/75c4f77ba3a7120f9f08c8c02e421620_normal.png","BelongsTo":"\u03a4\u03a3\u0399\u03a0\u03a1\u0391\u03a3","size":"small","name":"basic-graph"},{"Tweet":"\u03a4\u03c3\u03af\u03c0\u03c1\u03b1\u03c2: \u00ab\u03a3\u03c4\u03b7\u03bd \u0395\u03c5\u03c1\u03ce\u03c0\u03b7 \u03c0\u03ac\u03bc\u03b5 \u03ba\u03b1\u03bb\u03ac, \u03bf \u039f\u03bb\u03c5\u03bc\u03c0\u03b9\u03b1\u03ba\u03cc\u03c2 \u03c0\u03ac\u03b5\u03b9 \u03c4\u03b5\u03bb\u03b9\u03ba\u03cc\u00bb | \u03a4\u03bf \u039a\u03bf\u03c5\u03c4\u03af \u03c4\u03b7\u03c2 \u03a0\u03b1\u03bd\u03b4\u03ce\u03c1\u03b1\u03c2 via","UserName":"NewPage","Date":"Fri May 15 18:46:26 +0000 2015","icon":"http:\/\/pbs.twimg.com\/profile_images\/560126204825436160\/viGK-DDe_normal.png","BelongsTo":"\u03a4\u03a3\u0399\u03a0\u03a1\u0391\u03a3","size":"small","name":"basic-graph"},{"Tweet":"\u03a0\u0395\u03a3 \u03a4\u0391 ...\u03ad\u03c7\u03bf\u03c5\u03bc\u03b5 \u03be\u03b5\u03ba\u03b9\u03bd\u03ae\u03c3\u03b5\u03b9 \u03b3\u03b9\u03b1 \u03c4\u03b7\u03bd \u03bf\u03c1\u03b9\u03c3\u03c4\u03b9\u03ba\u03ae \u03c1\u03ae\u03be\u03b7 \u03bc\u03b5 \u03c4\u03bf \u03c6\u03b1\u03cd\u03bb\u03bf \u03c0\u03b1\u03c1\u03b5\u03bb\u03b8\u03cc\u03bd","UserName":"Costas Eponymous","Date":"Fri May 15 18:45:58 +0000 2015","icon":"http:\/\/pbs.twimg.com\/profile_images\/552785702010646529\/Xegk08VU_normal.jpeg","BelongsTo":"\u03a4\u03a3\u0399\u03a0\u03a1\u0391\u03a3","size":"small","name":"basic-graph"},{"Tweet":"\u0391\u03bd \u03c0\u03b1\u03bd\u03c4\u03c9\u03c2 \u03c5\u03c0\u03ad\u03b3\u03c1\u03b1\u03c6\u03b5 \u03c3\u03b7\u03bc\u03b5\u03c1\u03b1 \u039c\u03bd\u03b7\u03bc\u03bf\u03bd\u03b9\u03cc \u03bf \u03a4\u03c3\u03af\u03c0\u03c1\u03b1\u03c2 \u03b4\u03b5 \u03b8\u03b1 \u03c4\u03bf \u03ba\u03b1\u03c4\u03b1\u03bb\u03ac\u03b2\u03b1\u03b9\u03bd\u03b5 \u03ba\u03b1\u03bd\u03b5\u03b9\u03c2","UserName":"\u03a6\u03bb\u03c9\u03ba\u03b1\u03c2 \u0391\u03bb\u03b5\u03be\u03b1\u03bd\u03b4\u03c1\u03bf\u03c2","Date":"Fri May 15 18:45:33 +0000 2015","icon":"http:\/\/pbs.twimg.com\/profile_images\/1697036212\/Rio_De_La_Plata____________._normal.jpg","BelongsTo":"\u03a4\u03a3\u0399\u03a0\u03a1\u0391\u03a3","size":"small","name":"basic-graph"},{"Tweet":"Final Four: \u03a4\u03bf \u03c3\u03c7\u03cc\u03bb\u03b9\u03bf \u03c4\u03bf\u03c5 \u00ab\u03c0\u03c1\u03ac\u03c3\u03b9\u03bd\u03bf\u03c5\u00bb \u03a4\u03c3\u03af\u03c0\u03c1\u03b1 \u03b3\u03b9\u03b1 \u03c4\u03b7\u03bd \u03c0\u03c1\u03cc\u03ba\u03c1\u03b9\u03c3\u03b7 \u03c4\u03bf\u03c5 \u039f\u03bb\u03c5\u03bc\u03c0\u03b9\u03b1\u03ba\u03bf\u03cd \u03c3\u03c4\u03bf\u03bd \u03c4\u03b5\u03bb\u03b9\u03ba\u03cc","UserName":"Georgios Rizakis","Date":"Fri May 15 18:45:24 +0000 2015","icon":"http:\/\/pbs.twimg.com\/profile_images\/1839186016\/image_normal.jpg","BelongsTo":"\u03a4\u03a3\u0399\u03a0\u03a1\u0391\u03a3","size":"small","name":"basic-graph"},{"Tweet":"\u03a4\u03c3\u03af\u03c0\u03c1\u03b1\u03c2: \u03a3\u03c4\u03b7\u03bd \u0395\u03c5\u03c1\u03ce\u03c0\u03b7 \u03c0\u03ac\u03bc\u03b5 \u03ba\u03b1\u03bb\u03ac,\u03bf \u039f\u03bb\u03c5\u03bc\u03c0\u03b9\u03b1\u03ba\u03cc\u03c2 \u03ba\u03ad\u03c1\u03b4\u03b9\u03c3\u03b5 \u03b8\u03b1 \u03c0\u03ac\u03bc\u03b5 \u03ba\u03b1\u03bb\u03ac \u03ba\u03b9 \u03b5\u03bc\u03b5\u03af\u03c2","UserName":"Readyo NewsRadio","Date":"Fri May 15 18:45:24 +0000 2015","icon":"http:\/\/pbs.twimg.com\/profile_images\/437597902420983808\/ViiWe1JW_normal.jpeg","BelongsTo":"\u03a4\u03a3\u0399\u03a0\u03a1\u0391\u03a3","size":"small","name":"basic-graph"},{"Tweet":"\u0391\u03bb. \u03a4\u03c3\u03af\u03c0\u03c1\u03b1\u03c2 : \"\u0394\u03b9\u03b1\u03c0\u03c1\u03b1\u03b3\u03bc\u03b1\u03c4\u03b5\u03c5\u03cc\u03bc\u03b1\u03c3\u03c4\u03b5 \u03c3\u0384\u03ad\u03bd\u03b1 \u03bd\u03b1\u03c1\u03ba\u03bf\u03b8\u03b5\u03c4\u03b7\u03bc\u03ad\u03bd\u03bf \u03ad\u03b4\u03b1\u03c6\u03bf\u03c2\"","UserName":"Anastasios Pantoleon","Date":"Fri May 15 18:45:05 +0000 2015","icon":"http:\/\/pbs.twimg.com\/profile_images\/1673846416\/egw_normal.jpg","BelongsTo":"\u03a4\u03a3\u0399\u03a0\u03a1\u0391\u03a3","size":"small","name":"basic-graph"},{"Tweet":"\u0391\u03bb. \u03a4\u03c3\u03af\u03c0\u03c1\u03b1\u03c2: \u0395\u03af\u03bc\u03b1\u03c3\u03c4\u03b5 \u03c0\u03bf\u03bb\u03cd \u03ba\u03bf\u03bd\u03c4\u03ac \u03c3\u03b5 \u03c3\u03c5\u03bc\u03c6\u03c9\u03bd\u03af\u03b1","UserName":"Afroditi Zouzia","Date":"Fri May 15 18:44:55 +0000 2015","icon":"http:\/\/pbs.twimg.com\/profile_images\/378800000498172058\/5f761602f61dc481556098b71ff62876_normal.jpeg","BelongsTo":"\u03a4\u03a3\u0399\u03a0\u03a1\u0391\u03a3","size":"small","name":"basic-graph"}],"links":[{"source":1,"target":0},{"source":2,"target":0},{"source":3,"target":0},{"source":4,"target":0},{"source":5,"target":0},{"source":6,"target":0},{"source":7,"target":0},{"source":8,"target":0},{"source":9,"target":0},{"source":10,"target":0},{"source":11,"target":0},{"source":12,"target":0},{"source":13,"target":0},{"source":14,"target":0},{"source":15,"target":0},{"source":16,"target":0},{"source":17,"target":0}]}