{"nodes":[{"Tweet":"Deputy","UserName":"\u039b\u0391\u03a6\u0391\u0396\u0391\u039d\u0397\u03a3","Date":"null","icon":"https:\/\/synpeiraia.files.wordpress.com\/2012\/04\/cebbceb1cf86ceb1ceb6ceb1cebdceb7cf83-cf80ceb1cebdceb1ceb3ceb9cf89cf84ceb7cf83.jpg","BelongsTo":"null","size":"big","name":"basic-graph"},{"Tweet":"\u039f \u039b\u03b1\u03c6\u03b1\u03b6\u03ac\u03bd\u03b7\u03c2 \u03bc\u03c0\u03ad\u03c1\u03b4\u03b5\u03c8\u03b5 \u03c4\u03bf \u03c3\u03c5\u03bd\u03ad\u03b4\u03c1\u03b9\u03bf \u03c4\u03bf\u03c5 Economist \u03bc\u03b5 \u03c4\u03b7\u03bd \u039a\u0395 \u03c4\u03bf\u03c5 \u03a3\u03a5\u03a1\u0399\u0396\u0391 \u2014 KoolNews","UserName":"Koolnews.gr","Date":"Fri May 15 17:36:07 +0000 2015","icon":"http:\/\/pbs.twimg.com\/profile_images\/2965248541\/64c2960ad6ddd5a31545717746885827_normal.png","BelongsTo":"\u039b\u0391\u03a6\u0391\u0396\u0391\u039d\u0397\u03a3","size":"small","name":"basic-graph"},{"Tweet":"\u0394\u03b5\u03bd \u03c5\u03c0\u03ac\u03c1\u03c7\u03b5\u03b9 \u03b1\u03c1\u03b9\u03c3\u03c4\u03b5\u03c1\u03cc \u03c0\u03b5\u03af\u03c1\u03b1\u03bc\u03b1,\u03b3\u03b9\u03b1\u03c4\u03af \u03b4\u03b5\u03bd \u03b5\u03af\u03c3\u03c4\u03b5 \"\u03b1\u03c1\u03b9\u03c3\u03c4\u03b5\u03c1\u03ac\",\u03c9\u03c2 \u03b1\u03c0\u03cc\u03bb\u03c5\u03c4\u03b1 \u03ba\u03bf\u03bb\u03bb\u03b7\u03bc\u03ad\u03bd\u03bf\u03b9 \u03c3\u03c4\u03bf \u03c7\u03c4\u03b5\u03c2.\u03a4\u03b1 \u03c5\u03c0\u03cc\u03bb\u03bf\u03b9\u03c0\u03b1 \u03b5\u03af\u03bd\u03b1\u03b9 \u03c6\u03b1\u03bd\u03c4\u03b1\u03c3\u03b9\u03ce\u03c3\u03b5\u03b9\u03c2","UserName":"PETRAKIS MANOLIS","Date":"Fri May 15 17:06:57 +0000 2015","icon":"http:\/\/pbs.twimg.com\/profile_images\/1535865916\/Me_normal.jpg","BelongsTo":"\u039b\u0391\u03a6\u0391\u0396\u0391\u039d\u0397\u03a3","size":"small","name":"basic-graph"},{"Tweet":"\u039f \u039b\u03b1\u03c6\u03b1\u03b6\u03ac\u03bd\u03b7\u03c2 \u03b8\u03ad\u03bb\u03b5\u03b9 \u03bd\u03b1 \u03bc\u03b1\u03c2 \u03ba\u03ac\u03bd\u03b5\u03b9... \u0392\u03b5\u03bd\u03b5\u03b6\u03bf\u03c5\u03ad\u03bb\u03b1!\u03b5\u03c4\u03c3\u03b9 \u03c3\u03ba\u03bb\u03b7\u03c1\u03ac","UserName":"Pagourinos","Date":"Fri May 15 17:02:03 +0000 2015","icon":"http:\/\/abs.twimg.com\/sticky\/default_profile_images\/default_profile_1_normal.png","BelongsTo":"\u039b\u0391\u03a6\u0391\u0396\u0391\u039d\u0397\u03a3","size":"small","name":"basic-graph"},{"Tweet":"\u0394\u0395\u039d \u0395\u0399\u039d\u0391\u0399 \u0397 \u00ab\u039a\u0391\u03a4\u0391\u03a1\u0391\u039c\u0395\u039d\u0397\u00bb \u0391\u03a1\u0399\u03a3\u03a4\u0395\u03a1\u0391 \u03a4\u039f \u03a0\u03a1\u039f\u0392\u039b\u0397\u039c\u0391 \u03a4\u0397\u03a3 \u0395\u03a5\u03a1\u03a9\u03a0\u0397\u03a3","UserName":"aftoiasis","Date":"Fri May 15 17:00:50 +0000 2015","icon":"http:\/\/pbs.twimg.com\/profile_images\/472739986358284288\/BwIxDUop_normal.jpeg","BelongsTo":"\u039b\u0391\u03a6\u0391\u0396\u0391\u039d\u0397\u03a3","size":"small","name":"basic-graph"},{"Tweet":"\u039f \u039b\u03b1\u03c6\u03b1\u03b6\u03ac\u03bd\u03b7\u03c2 \u03b1\u03bd\u03c4\u03af \u03bd\u03b1 \u03ba\u03b1\u03c4\u03b1\u03c1\u03b3\u03ae\u03c3\u03b5\u03b9 \u03c4\u03b9\u03c2 \u03c1\u03c5\u03b8\u03bc\u03b9\u03b6\u03cc\u03bc\u03b5\u03bd\u03b5\u03c2 \u03c7\u03c1\u03b5\u03ce\u03c3\u03b5\u03b9\u03c2 \u03c4\u03b7\u03c2 \u0394\u0395\u0397 \u03c7\u03c4\u03af\u03b6\u03b5\u03b9 \u03c4\u03b6\u03b1\u03bc\u03b9\u03ac! via","UserName":"Georgia Georgiou","Date":"Fri May 15 16:57:52 +0000 2015","icon":"http:\/\/pbs.twimg.com\/profile_images\/453701881630441472\/qj6RjDHn_normal.jpeg","BelongsTo":"\u039b\u0391\u03a6\u0391\u0396\u0391\u039d\u0397\u03a3","size":"small","name":"basic-graph"},{"Tweet":"\u039f \u039b\u03b1\u03c6\u03b1\u03b6\u03ac\u03bd\u03b7\u03c2 \u03bc\u03b1\u03b8\u03b1\u03af\u03bd\u03b5\u03b9 \u03b3\u03b9\u03b1 \u03c4\u03b7 ...\u0392\u03b5\u03bd\u03b5\u03b6\u03bf\u03c5\u03ad\u03bb\u03b1","UserName":"\u03a4\u03bf \u03a0\u03b1\u03c1\u03b1\u03c3\u03ba\u03ae\u03bd\u03b9\u03bf","Date":"Fri May 15 16:44:02 +0000 2015","icon":"http:\/\/pbs.twimg.com\/profile_images\/2293415199\/zwk5yc8lvbqoyxx6swd5_normal.png","BelongsTo":"\u039b\u0391\u03a6\u0391\u0396\u0391\u039d\u0397\u03a3","size":"small","name":"basic-graph"},{"Tweet":"\u039f \u039b\u03b1\u03c6\u03b1\u03b6\u03ac\u03bd\u03b7\u03c2 \u03b8\u03ad\u03bb\u03b5\u03b9 \u03bd\u03b1 \u03bc\u03b1\u03c2 \u03ba\u03ac\u03bd\u03b5\u03b9... \u0392\u03b5\u03bd\u03b5\u03b6\u03bf\u03c5\u03ad\u03bb\u03b1!","UserName":"newmoney.gr","Date":"Fri May 15 16:40:10 +0000 2015","icon":"http:\/\/pbs.twimg.com\/profile_images\/556668985068896256\/N7IUOyKW_normal.png","BelongsTo":"\u039b\u0391\u03a6\u0391\u0396\u0391\u039d\u0397\u03a3","size":"small","name":"basic-graph"},{"Tweet":"\u039f \u039b\u03b1\u03c6\u03b1\u03b6\u03ac\u03bd\u03b7\u03c2 \u03bc\u03b1\u03b8\u03b1\u03af\u03bd\u03b5\u03b9 \u03b3\u03b9\u03b1 \u03c4\u03b7 \u2026\u0392\u03b5\u03bd\u03b5\u03b6\u03bf\u03c5\u03ad\u03bb\u03b1","UserName":"Dimitris Leonov","Date":"Fri May 15 16:31:09 +0000 2015","icon":"http:\/\/pbs.twimg.com\/profile_images\/1599465638\/che_2_normal.jpg","BelongsTo":"\u039b\u0391\u03a6\u0391\u0396\u0391\u039d\u0397\u03a3","size":"small","name":"basic-graph"},{"Tweet":"ThePressProject: \u039f \u039b\u03b1\u03c6\u03b1\u03b6\u03ac\u03bd\u03b7\u03c2 \u03c8\u03ac\u03c7\u03bd\u03b5\u03b9 \u03c3\u03c5\u03bd\u03b5\u03c1\u03b3\u03b1\u03c3\u03af\u03b1 \u03bc\u03b5 \u0392\u03b5\u03bd\u03b5\u03b6\u03bf\u03c5\u03ad\u03bb\u03b1: \u039f \u03a0\u03b1\u03bd\u03b1\u03b3\u03b9\u03ce\u03c4\u03b7\u03c2 \u039b\u03b1\u03c6\u03b1\u03b6\u03ac\u03bd\u03b7\u03c2 \u03c3\u03c5\u03bd\u03b1\u03bd\u03c4\u03ae\u03b8\u03b7\u03ba\u03b5 \u03c3...","UserName":"atypos.com","Date":"Fri May 15 16:03:07 +0000 2015","icon":"http:\/\/pbs.twimg.com\/profile_images\/2973789794\/bd9adf8c2f9a6466e42be0635ab40674_normal.png","BelongsTo":"\u039b\u0391\u03a6\u0391\u0396\u0391\u039d\u0397\u03a3","size":"small","name":"basic-graph"},{"Tweet":"The Press Project : \u039f \u039b\u03b1\u03c6\u03b1\u03b6\u03ac\u03bd\u03b7\u03c2 \u03c8\u03ac\u03c7\u03bd\u03b5\u03b9 \u03c3\u03c5\u03bd\u03b5\u03c1\u03b3\u03b1\u03c3\u03af\u03b1 \u03bc\u03b5 \u0392\u03b5\u03bd\u03b5\u03b6\u03bf\u03c5\u03ad\u03bb\u03b1: \u039f \u03a0\u03b1\u03bd\u03b1\u03b3\u03b9\u03ce\u03c4\u03b7\u03c2 \u039b\u03b1\u03c6\u03b1\u03b6\u03ac\u03bd\u03b7\u03c2 \u03c3\u03c5\u03bd\u03b1\u03bd\u03c4\u03ae\u03b8\u03b7\u03ba\u03b5 ...","UserName":"\u039d\u0395\u03a1\u0399\u03a4 \u03ba\u03b1\u03b9 \u039d\u0391\u0396\u0399 ","Date":"Fri May 15 16:02:00 +0000 2015","icon":"http:\/\/pbs.twimg.com\/profile_images\/413589030933000192\/Crn8W73T_normal.png","BelongsTo":"\u039b\u0391\u03a6\u0391\u0396\u0391\u039d\u0397\u03a3","size":"small","name":"basic-graph"},{"Tweet":"\u039b\u03b1\u03c6\u03b1\u03b6\u03ac\u03bd\u03b7\u03c2: \u0391\u03ba\u03c1\u03b1\u03af\u03b1 \u03bc\u03bf\u03bd\u03bf\u03bc\u03b5\u03c1\u03b5\u03af\u03c2 \u03bf\u03b9 \u03b5\u03bd\u03ad\u03c1\u03b3\u03b5\u03b9\u03b5\u03c2 \u03c4\u03b7\u03c2 \u0395\u03c5\u03c1\u03ce\u03c0\u03b7\u03c2 via","UserName":"Antenna News","Date":"Fri May 15 16:00:15 +0000 2015","icon":"http:\/\/pbs.twimg.com\/profile_images\/522717332980776962\/Ad9VZLaz_normal.jpeg","BelongsTo":"\u039b\u0391\u03a6\u0391\u0396\u0391\u039d\u0397\u03a3","size":"small","name":"basic-graph"},{"Tweet":"\u039f \u039b\u03b1\u03c6\u03b1\u03b6\u03b1\u03bd\u03b7\u03c2 \u03ba\u03ac\u03bd\u03b5\u03b9 \u03b5\u03be\u03b1\u03b9\u03c1\u03b5\u03c4\u03b9\u03ba\u03ae \u03b4\u03bf\u03c5\u03bb\u03b5\u03b9\u03ac. \u201c \u039f \u039b\u03b1\u03c6\u03b1\u03b6\u03ac\u03bd\u03b7\u03c2 \u03c8\u03ac\u03c7\u03bd\u03b5\u03b9 \u03c3\u03c5\u03bd\u03b5\u03c1\u03b3\u03b1\u03c3\u03af\u03b1 \u03bc\u03b5 \u0392\u03b5\u03bd\u03b5\u03b6\u03bf\u03c5\u03ad\u03bb\u03b1","UserName":"Trollhattan","Date":"Fri May 15 15:56:13 +0000 2015","icon":"http:\/\/pbs.twimg.com\/profile_images\/3773338050\/fcb94db214a063b630ce2c83a5d9759d_normal.jpeg","BelongsTo":"\u039b\u0391\u03a6\u0391\u0396\u0391\u039d\u0397\u03a3","size":"small","name":"basic-graph"}],"links":[{"source":1,"target":0},{"source":2,"target":0},{"source":3,"target":0},{"source":4,"target":0},{"source":5,"target":0},{"source":6,"target":0},{"source":7,"target":0},{"source":8,"target":0},{"source":9,"target":0},{"source":10,"target":0},{"source":11,"target":0},{"source":12,"target":0}]}