{"nodes":[{"Tweet":"Deputy","UserName":"\u039a\u039f\u03a5\u039d\u03a4\u039f\u03a5\u03a1\u0391","Date":"null","icon":"https:\/\/pbs.twimg.com\/profile_images\/1946078940\/KOYNTOYRA_ELENA.jpg","BelongsTo":"null","size":"big","name":"basic-graph"},{"Tweet":"\u039a\u03bf\u03c5\u03bd\u03c4\u03bf\u03c5\u03c1\u03ac: \u0397 \u03c4\u03bf\u03c5\u03c1\u03b9\u03c3\u03c4\u03b9\u03ba\u03ae \u03c0\u03b5\u03c1\u03af\u03bf\u03b4\u03bf\u03c2 \u03b5\u03c0\u03b5\u03ba\u03c4\u03b5\u03af\u03bd\u03b5\u03c4\u03b1\u03b9 ...","UserName":"\u03a3\u03b1\u03c1\u03b4\u03ad\u03bb\u03b1!","Date":"Fri May 15 16:48:33 +0000 2015","icon":"http:\/\/pbs.twimg.com\/profile_images\/564900914062831616\/MqsK5Hcq_normal.jpeg","BelongsTo":"\u039a\u039f\u03a5\u039d\u03a4\u039f\u03a5\u03a1\u0391","size":"small","name":"basic-graph"}],"links":[{"source":1,"target":0}]}