{"nodes":[{"Tweet":"Deputy","UserName":"\u039a\u039f\u03a5\u039c\u039f\u03a5\u03a4\u03a3\u0391\u039a\u039f\u03a3","Date":"null","icon":"http:\/\/www.trelokouneli.gr\/wp-content\/uploads\/2014\/03\/112277.jpg","BelongsTo":"null","size":"big","name":"basic-graph"},{"Tweet":"\u039a\u03bf\u03c5\u03bc\u03bf\u03c5\u03c4\u03c3\u03ac\u03ba\u03bf\u03c2: \u039d\u03b1 \u03b4\u03ce\u03c3\u03b5\u03b9 \u03b5\u03be\u03b7\u03b3\u03ae\u03c3\u03b5\u03b9\u03c2 \u03b7 \u03ba\u03c5\u03b2\u03ad\u03c1\u03bd\u03b7\u03c3\u03b7 \u03b3\u03b9\u03b1 \u03c4\u03b9\u03c2 \u03b5\u03b9\u03c3\u03c0\u03c1\u03ac\u03be\u03b5\u03b9\u03c2 \u03c4\u03c9\u03bd \u03c0\u03c1\u03b5\u03c3\u03b2\u03b5\u03b9\u03ce\u03bd","UserName":"newpost.gr","Date":"Fri May 15 16:50:37 +0000 2015","icon":"http:\/\/pbs.twimg.com\/profile_images\/3762561521\/bcfc1f203263c3ec867db15aad599d9e_normal.png","BelongsTo":"\u039a\u039f\u03a5\u039c\u039f\u03a5\u03a4\u03a3\u0391\u039a\u039f\u03a3","size":"small","name":"basic-graph"},{"Tweet":"\u039a\u03bf\u03c5\u03bc\u03bf\u03c5\u03c4\u03c3\u03ac\u03ba\u03bf\u03c2: \u00ab\u0397 \u03ba\u03c5\u03b2\u03ad\u03c1\u03bd\u03b7\u03c3\u03b7 \u03bf\u03c6\u03b5\u03af\u03bb\u03b5\u03b9 \u03bd\u03b1 \u03b4\u03ce\u03c3\u03b5\u03b9 \u03b4\u03b9\u03b5\u03c5\u03ba\u03c1\u03b9\u03bd\u03af\u03c3\u03b5\u03b9\u03c2\u00bb","UserName":"\u30b1\u30c4\u30a8\u30fc\u30b9","Date":"Fri May 15 16:31:26 +0000 2015","icon":"http:\/\/pbs.twimg.com\/profile_images\/423365438915887104\/dDrCM69D_normal.jpeg","BelongsTo":"\u039a\u039f\u03a5\u039c\u039f\u03a5\u03a4\u03a3\u0391\u039a\u039f\u03a3","size":"small","name":"basic-graph"},{"Tweet":"\u039a\u03bf\u03c5\u03bc\u03bf\u03c5\u03c4\u03c3\u03ac\u03ba\u03bf\u03c2: \u039f \u03a4\u03c3\u03af\u03c0\u03c1\u03b1\u03c2 \u03bd\u03b1 \u03b1\u03c0\u03bf\u03c6\u03b1\u03c3\u03af\u03c3\u03b5\u03b9. \u03a4\u03b1\u03c6\u03cc\u03c0\u03bb\u03b1\u03ba\u03b1 \u03c3\u03c4\u03b7\u03bd \u0391\u03c1\u03b9\u03c3\u03c4\u03b5\u03c1\u03ac \u03ae \u03c3\u03c4\u03b7 \u03c7\u03ce\u03c1\u03b1;","UserName":"\u03a4\u03bf \u03a0\u03b1\u03c1\u03b1\u03c3\u03ba\u03ae\u03bd\u03b9\u03bf","Date":"Sun May 10 08:55:04 +0000 2015","icon":"http:\/\/pbs.twimg.com\/profile_images\/2293415199\/zwk5yc8lvbqoyxx6swd5_normal.png","BelongsTo":"\u039a\u039f\u03a5\u039c\u039f\u03a5\u03a4\u03a3\u0391\u039a\u039f\u03a3","size":"small","name":"basic-graph"}],"links":[{"source":1,"target":0},{"source":2,"target":0},{"source":3,"target":0}]}