{"nodes":[{"Tweet":"Deputy","UserName":"\u03a4\u03a3\u0399\u03a0\u03a1\u0391\u03a3","Date":"null","icon":"http:\/\/asset.tovima.gr\/vimawebstatic\/\/4FD08321545B960CB4040B951F17DB40.jpg","BelongsTo":"null","size":"big","name":"basic-graph"},{"Tweet":"\u03a4\u03c3\u03af\u03c0\u03c1\u03b1\u03c2: \u0395\u03af\u03bc\u03b1\u03c3\u03c4\u03b5 \u03c0\u03bf\u03bb\u03cd \u03ba\u03bf\u03bd\u03c4\u03ac \u03c3\u03b5 \u03bc\u03b9\u03b1 \u03c3\u03c5\u03bc\u03c6\u03c9\u03bd\u03af\u03b1","UserName":"John Haramidis","Date":"Sat May 16 08:57:11 +0000 2015","icon":"http:\/\/pbs.twimg.com\/profile_images\/2750340696\/db13ccb460d9684374d8a99ddac06e7c_normal.jpeg","BelongsTo":"\u03a4\u03a3\u0399\u03a0\u03a1\u0391\u03a3","size":"small","name":"basic-graph"},{"Tweet":"\u0391\u03bc\u03c6\u03b9\u03b2\u03ac\u03bb\u03bb\u03bf\u03c5\u03bc\u03b5 \u03b1\u03bd \u03bf \u03af\u03b4\u03b9\u03bf\u03c2 \u03bf \u03a4\u03c3\u03af\u03c0\u03c1\u03b1\u03c2 \u03c0\u03b9\u03c3\u03c4\u03b5\u03cd\u03b5\u03b9 \u03c0\u03b9\u03b1 \u03c4\u03b1 \u03c8\u03ad\u03bc\u03b1\u03c4\u03ac \u03c4\u03bf\u03c5 \u03b4\u03b9\u03b1\u03bc\u03b7\u03bd\u03cd\u03b5\u03b9 \u03b7 \u039d\u0394","UserName":"Spiridoula Dimitriou","Date":"Sat May 16 08:56:51 +0000 2015","icon":"http:\/\/pbs.twimg.com\/profile_images\/560180746996809728\/yJ5BUDQK_normal.jpeg","BelongsTo":"\u03a4\u03a3\u0399\u03a0\u03a1\u0391\u03a3","size":"small","name":"basic-graph"},{"Tweet":"\u0391\u03bb. \u03a4\u03c3\u03af\u03c0\u03c1\u03b1\u03c2: \u0397 \u03c3\u03c5\u03bc\u03c6\u03c9\u03bd\u03af\u03b1 \u03c0\u03c1\u03ad\u03c0\u03b5\u03b9 \u03bd\u03b1 \u03ba\u03bb\u03b5\u03af\u03c3\u03b5\u03b9 \u03ba\u03b1\u03b9 \u03c0\u03c1\u03ad\u03c0\u03b5\u03b9 \u03bd\u03b1 \u03b5\u03af\u03bd\u03b1\u03b9 \u03ad\u03bd\u03c4\u03b9\u03bc\u03b7","UserName":"greekchannelslive","Date":"Sat May 16 08:54:05 +0000 2015","icon":"http:\/\/pbs.twimg.com\/profile_images\/3233375025\/9279ce0b7c4905f4ead12144c4d666fe_normal.png","BelongsTo":"\u03a4\u03a3\u0399\u03a0\u03a1\u0391\u03a3","size":"small","name":"basic-graph"},{"Tweet":"\u03c6\u03cd\u03ba\u03b9\u03b1 \u03b3\u03b9\u03b1 \u03bc\u03b5\u03c4\u03b1\u03be\u03c9\u03c4\u03ad\u03c2 \u03ba\u03bf\u03c1\u03b4\u03ad\u03bb\u03b5\u03c2","UserName":"Andreas Nikolopoulos","Date":"Sat May 16 08:51:09 +0000 2015","icon":"http:\/\/abs.twimg.com\/sticky\/default_profile_images\/default_profile_6_normal.png","BelongsTo":"\u03a4\u03a3\u0399\u03a0\u03a1\u0391\u03a3","size":"small","name":"basic-graph"},{"Tweet":"K\u03b1\u03b9 \u03ad\u03c3\u03bf\u03b4\u03b1 \u03b1\u03c0\u03cc \u03c4\u03b7\u03bd \u03c0\u03ce\u03bb\u03b7\u03c3\u03b7 \u03c4\u03c1\u03ad\u03bb\u03b1\u03c2 \u03c0\u03bb\u03ad\u03bf\u03bd.","UserName":"Andreas Nikolopoulos","Date":"Sat May 16 08:49:00 +0000 2015","icon":"http:\/\/abs.twimg.com\/sticky\/default_profile_images\/default_profile_6_normal.png","BelongsTo":"\u03a4\u03a3\u0399\u03a0\u03a1\u0391\u03a3","size":"small","name":"basic-graph"},{"Tweet":"\u03a4\u03b9 \u03ba\u03bf\u03b9\u03bd\u03cc \u03ad\u03c7\u03b5\u03b9 \u03bf \u03a4\u03c3\u03af\u03c0\u03c1\u03b1\u03c2 \u03bc\u03b5 \u03c4\u03bf\u03bd \u03a4\u03c3\u03b9\u03c4\u03c3\u03ac\u03bd\u03b7;","UserName":"\u03a4\u03bf \u03a0\u03b1\u03c1\u03b1\u03c3\u03ba\u03ae\u03bd\u03b9\u03bf","Date":"Sat May 16 08:41:03 +0000 2015","icon":"http:\/\/pbs.twimg.com\/profile_images\/2293415199\/zwk5yc8lvbqoyxx6swd5_normal.png","BelongsTo":"\u03a4\u03a3\u0399\u03a0\u03a1\u0391\u03a3","size":"small","name":"basic-graph"},{"Tweet":"\u039c\u03b5\u03c4\u03ac \u03c4\u03b7\u03bd \u03b1\u03bd\u03b1\u03c6\u03bf\u03c1\u03ac \u03c4\u03bf\u03c5 \u03c3\u03c4\u03bf\u03bd \u03b8\u03c1\u03af\u03b1\u03bc\u03b2\u03bf \u03c4\u03bf\u03c5 \u03c0\u03c1\u03bf\u03b2\u03bb\u03ad\u03c0\u03c9 \u03bd\u03b1 \u03b6\u03b7\u03c4\u03ac\u03b5\u03b9 \u03c4\u03b1 \u03b4\u03b9\u03b1\u03b8\u03b5\u03c3\u03b9\u03bc\u03b1 \u03c4\u03b7\u03c2 \u039a\u0391\u0395 \u03b3\u03b9\u03b1 \u03c0\u03bb\u03b7\u03c1\u03c9\u03bc\u03ae \u03bc\u03b9\u03c3\u03b8\u03ce\u03bd.","UserName":"Dimitris Arvanitis","Date":"Sat May 16 08:39:06 +0000 2015","icon":"http:\/\/pbs.twimg.com\/profile_images\/491328358681030656\/kPIMWBaI_normal.jpeg","BelongsTo":"\u03a4\u03a3\u0399\u03a0\u03a1\u0391\u03a3","size":"small","name":"basic-graph"},{"Tweet":"\u03a3\u03ce\u03c4\u03b7 \u03a4\u03c1\u03b9\u03b1\u03bd\u03c4\u03b1\u03c6\u03cd\u03bb\u03bb\u03bf\u03c5: \u039f \u03a4\u03c3\u03af\u03c0\u03c1\u03b1\u03c2 \u03b5\u03af\u03bd\u03b1\u03b9 \u03b1\u03b3\u03c1\u03ac\u03bc\u03bc\u03b1\u03c4\u03bf\u03c2","UserName":"thestival.gr","Date":"Sat May 16 08:38:34 +0000 2015","icon":"http:\/\/pbs.twimg.com\/profile_images\/523901374673600512\/Pi99XcqG_normal.jpeg","BelongsTo":"\u03a4\u03a3\u0399\u03a0\u03a1\u0391\u03a3","size":"small","name":"basic-graph"},{"Tweet":"\u03a3\u03c4\u03b5\u03af\u03bb\u03b1\u03bc\u03b5 \u03c3\u03c4\u03bf \u03c3\u03c5\u03bd\u03ad\u03b4\u03c1\u03b9\u03bf \u03c4\u03bf\u03c5 \u03ba\u03b1\u03c4\u03ac \u03c3\u03b5\u03b9\u03c1\u03ac , \u039a\u03bf\u03c5\u03bd\u03c4\u03bf\u03c5\u03c1\u03ac, \u03ba\u03b1\u03b9 . \u0391\u03bd \u03b4\u03b5\u03bd \u03bc\u03b1\u03c2 \u03ba\u03ac\u03bd\u03bf\u03c5\u03bd \u03ba\u03b1\u03c1\u03c4\u03bf\u03cd\u03bd \u03c4\u03c5\u03c7\u2026","UserName":"peristeraRa","Date":"Sat May 16 08:37:03 +0000 2015","icon":"http:\/\/pbs.twimg.com\/profile_images\/597059901014302720\/dCQms4G1_normal.jpg","BelongsTo":"\u03a4\u03a3\u0399\u03a0\u03a1\u0391\u03a3","size":"small","name":"basic-graph"},{"Tweet":"\u03a1\u03b5\u03b2\u03ac\u03b6\u03bf\u03bd\u03c4\u03b1\u03c2 \u03ba\u03b1\u03b9 \u03b1\u03c1\u03ac\u03b6\u03bf\u03bd\u03c4\u03b1\u03c2 \u03ad\u03c4\u03c3\u03b9 \u03c7\u03b1\u03bb\u03bb\u03bb\u03b1\u03c1\u03ac","UserName":"LaSTofTRoiKaNS","Date":"Sat May 16 08:36:16 +0000 2015","icon":"http:\/\/pbs.twimg.com\/profile_images\/551495231158243328\/vxAjdo6-_normal.jpeg","BelongsTo":"\u03a4\u03a3\u0399\u03a0\u03a1\u0391\u03a3","size":"small","name":"basic-graph"},{"Tweet":"\u03a4\u03c3\u03af\u03c0\u03c1\u03b1\u03c2 \u03c3\u03c4\u03bf\u03bd Economist: \u039f\u03b9 \u03b4\u03b1\u03bd\u03b5\u03b9\u03c3\u03c4\u03ad\u03c2 \u03bd\u03b1 \u03c0\u03c1\u03bf\u03c3\u03c7\u03c9\u03c1\u03ae\u03c3\u03bf\u03c5\u03bd \u03c3\u03c4\u03bf \u03c1\u03b5\u03b1\u03bb\u03b9\u03c3\u03bc\u03cc (Video) - via","UserName":"\u0397 \u03bd\u03ad\u03b1 \u03b3\u03b5\u03bd\u03b9\u03ac ","Date":"Sat May 16 08:31:47 +0000 2015","icon":"http:\/\/pbs.twimg.com\/profile_images\/576708113576763392\/Gf23F__B_normal.jpeg","BelongsTo":"\u03a4\u03a3\u0399\u03a0\u03a1\u0391\u03a3","size":"small","name":"basic-graph"},{"Tweet":"\u03a4\u03b9 \u03b5\u03af\u03c0\u03b5 \u03bf \u0391\u03bb\u03ad\u03be\u03b7\u03c2 \u03a4\u03c3\u03af\u03c0\u03c1\u03b1\u03c2 \u03b3\u03b9\u03b1 \u03c4\u03b7 \u03bc\u03b5\u03b3\u03ac\u03bb\u03b7 \u03bd\u03af\u03ba\u03b7 \u03c4\u03bf\u03c5 \u039f\u03bb\u03c5\u03bc\u03c0\u03b9\u03b1\u03ba\u03bf\u03cd \u03c3\u03c4\u03b7\u03bd \u0395\u03c5\u03c1\u03ce\u03c0\u03b7!","UserName":"Difernews","Date":"Sat May 16 08:28:04 +0000 2015","icon":"http:\/\/pbs.twimg.com\/profile_images\/1318255424\/difertwitterpng_normal.png","BelongsTo":"\u03a4\u03a3\u0399\u03a0\u03a1\u0391\u03a3","size":"small","name":"basic-graph"},{"Tweet":"\u03a4\u03c3\u03af\u03c0\u03c1\u03b1\u03c2: \u039c\u03af\u03b1 \u03ba\u03b1\u03b9 \u03b5\u03bd\u03b9\u03b1\u03af\u03b1 \u03c3\u03c5\u03bc\u03c6\u03c9\u03bd\u03af\u03b1 - \u03bb\u03cd\u03c3\u03b7 -","UserName":"Athens Greece New","Date":"Sat May 16 08:16:02 +0000 2015","icon":"http:\/\/pbs.twimg.com\/profile_images\/2192558260\/athensipad_normal.png","BelongsTo":"\u03a4\u03a3\u0399\u03a0\u03a1\u0391\u03a3","size":"small","name":"basic-graph"}],"links":[{"source":1,"target":0},{"source":2,"target":0},{"source":3,"target":0},{"source":4,"target":0},{"source":5,"target":0},{"source":6,"target":0},{"source":7,"target":0},{"source":8,"target":0},{"source":9,"target":0},{"source":10,"target":0},{"source":11,"target":0},{"source":12,"target":0},{"source":13,"target":0}]}