{"nodes":[{"Tweet":"Deputy","UserName":"\u0398\u0395\u039f\u0394\u03a9\u03a1\u0391\u039a\u0397\u03a3","Date":"null","icon":"http:\/\/www.iefimerida.gr\/sites\/default\/files\/theodorakis_6.jpg","BelongsTo":"null","size":"big","name":"basic-graph"},{"Tweet":"\u03c7\u03b1\u03c7\u03b1\u03c7\u03b1\u03c7\u03b1\u03c7\u03b1\u03c7\u03b1","UserName":"Bloopers Team (snb)","Date":"Sat May 16 08:28:27 +0000 2015","icon":"http:\/\/pbs.twimg.com\/profile_images\/446062565555064832\/M28TjAlm_normal.png","BelongsTo":"\u0398\u0395\u039f\u0394\u03a9\u03a1\u0391\u039a\u0397\u03a3","size":"small","name":"basic-graph"},{"Tweet":"\u039f\u03c4\u03b1\u03bd \u03bf \u0398\u03b5\u03bf\u03b4\u03c9\u03c1\u03ac\u03ba\u03b7\u03c2 \u03c3\u03c5\u03bd\u03b1\u03bd\u03c4\u03ae\u03b8\u03b7\u03ba\u03b5 \u03bc\u03b5 \u03c4\u03b7\u03bd \u0391\u03bb\u03ba\u03b7 \u0396\u03ad\u03b7 -\u00ab\u039c\u03b5 \u03c0\u03bf\u03b9\u03bf\u03bd \u03b8\u03b1 \u03ae\u03bc\u03bf\u03c5\u03bd, \u03bc\u03b5 \u03c4\u03bf\u03bd \u039a\u03b1\u03bc\u03bc\u03ad\u03bd\u03bf;\u00bb, \u03b4\u03ae\u03bb\u03c9\u03c3\u03b5 -","UserName":"je reviens","Date":"Sat May 16 08:24:08 +0000 2015","icon":"http:\/\/pbs.twimg.com\/profile_images\/514357032426549249\/i9NTgfrq_normal.jpeg","BelongsTo":"\u0398\u0395\u039f\u0394\u03a9\u03a1\u0391\u039a\u0397\u03a3","size":"small","name":"basic-graph"},{"Tweet":"\u039f\u03b9 \u039c\u03ad\u03bb\u03b9\u03c3\u03c3\u03b5\u03c2 \u03c4\u03c1\u03b1\u03b3\u03bf\u03c5\u03b4\u03bf\u03cd\u03bd \u039c\u03af\u03ba\u03b7 \u0398\u03b5\u03bf\u03b4\u03c9\u03c1\u03ac\u03ba\u03b7! | GetGreekMusic","UserName":"Rodos Fm","Date":"Fri May 15 21:18:27 +0000 2015","icon":"http:\/\/pbs.twimg.com\/profile_images\/1612547429\/image_normal.jpg","BelongsTo":"\u0398\u0395\u039f\u0394\u03a9\u03a1\u0391\u039a\u0397\u03a3","size":"small","name":"basic-graph"},{"Tweet":"\u0398\u03b5\u03bf\u03b4\u03c9\u03c1\u03ac\u03ba\u03b7\u03c2: \u039f\u03c4\u03b1\u03bd \u03bf \u03a4\u03c3\u03af\u03c0\u03c1\u03b1\u03c2 \u03ad\u03bb\u03b5\u03b3\u03b5 \u03b3\u03b9\u03b1 \u03c3\u03ba\u03bb\u03b7\u03c1\u03ae \u03b4\u03b9\u03b1\u03c0\u03c1\u03b1\u03b3\u03bc\u03ac\u03c4\u03b5\u03c5\u03c3\u03b7, \u03b5\u03bd\u03bd\u03bf\u03bf\u03cd\u03c3\u03b5 \u03c3\u03c4\u03bf \u03b5\u03c3\u03c9\u03c4\u03b5\u03c1\u03b9\u03ba\u03cc \u03c4\u03bf\u03c5 \u03a3\u03a5\u03a1\u0399\u0396\u0391 | iefimerida.gr -","UserName":"Costas","Date":"Fri May 15 16:28:27 +0000 2015","icon":"http:\/\/pbs.twimg.com\/profile_images\/480774919844679680\/n6wIpGFr_normal.jpeg","BelongsTo":"\u0398\u0395\u039f\u0394\u03a9\u03a1\u0391\u039a\u0397\u03a3","size":"small","name":"basic-graph"},{"Tweet":"\u03a3\u03c4. \u0398\u03b5\u03bf\u03b4\u03c9\u03c1\u03ac\u03ba\u03b7\u03c2: \u0395\u03bc\u03b5\u03af\u03c2 \u03ad\u03c7\u03bf\u03c5\u03bc\u03b5 \u03b1\u03c0\u03bf\u03c6\u03b1\u03c3\u03af\u03c3\u03b5\u03b9. \u0391\u03c2 \u03b1\u03c0\u03bf\u03c6\u03b1\u03c3\u03af\u03c3\u03b5\u03b9 \u03b5\u03c0\u03b9\u03c4\u03ad\u03bb\u03bf\u03c5\u03c2 \u03ba\u03b1\u03b9 \u03bf \u03c0\u03c1\u03c9\u03b8\u03c5\u03c0\u03bf\u03c5\u03c1\u03b3\u03cc\u03c2 | \u039b\u03b1\u03bc\u03b9\u03b1\u03ba\u03cc\u03c2 \u03a4\u03cd\u03c0\u03bf\u03c2","UserName":"\u039b\u03b1\u03bc\u03b9\u03b1\u03ba\u03cc\u03c2 \u03a4\u03cd\u03c0\u03bf\u03c2","Date":"Fri May 15 16:22:21 +0000 2015","icon":"http:\/\/pbs.twimg.com\/profile_images\/378800000514258970\/46315ebc18e271359e0912153f47de1e_normal.png","BelongsTo":"\u0398\u0395\u039f\u0394\u03a9\u03a1\u0391\u039a\u0397\u03a3","size":"small","name":"basic-graph"},{"Tweet":"\u039f \u0398\u03b5\u03bf\u03b4\u03c9\u03c1\u03ac\u03ba\u03b7\u03c2 \u03ad\u03b2\u03b1\u03bb\u03b5 \u03c4\u03bf... \u03ba\u03c1\u03ac\u03bd\u03bf\u03c2 \u03c4\u03bf\u03c5 \u03ba\u03b1\u03b9 \u03ba\u03b1\u03c4\u03ad\u03b2\u03b7\u03ba\u03b5 \u03c3\u03c4\u03bf\u03bd \u03a0\u03b5\u03b9\u03c1\u03b1\u03b9\u03ac (\u03a6\u03a9\u03a4\u039f)","UserName":"\u03a4\u03bf \u03a0\u03b1\u03c1\u03b1\u03c3\u03ba\u03ae\u03bd\u03b9\u03bf","Date":"Fri May 15 15:59:02 +0000 2015","icon":"http:\/\/pbs.twimg.com\/profile_images\/2293415199\/zwk5yc8lvbqoyxx6swd5_normal.png","BelongsTo":"\u0398\u0395\u039f\u0394\u03a9\u03a1\u0391\u039a\u0397\u03a3","size":"small","name":"basic-graph"},{"Tweet":"\u039f \u0398\u03b5\u03bf\u03b4\u03c9\u03c1\u03ac\u03ba\u03b7\u03c2 \u03ad\u03b2\u03b1\u03bb\u03b5 \u03c4\u03bf\u2026 \u03ba\u03c1\u03ac\u03bd\u03bf\u03c2 \u03c4\u03bf\u03c5 \u03ba\u03b1\u03b9 \u03ba\u03b1\u03c4\u03ad\u03b2\u03b7\u03ba\u03b5 \u03c3\u03c4\u03bf\u03bd \u03a0\u03b5\u03b9\u03c1\u03b1\u03b9\u03ac (\u03a6\u03a9\u03a4\u039f)","UserName":"Dimitris Leonov","Date":"Fri May 15 15:29:35 +0000 2015","icon":"http:\/\/pbs.twimg.com\/profile_images\/1599465638\/che_2_normal.jpg","BelongsTo":"\u0398\u0395\u039f\u0394\u03a9\u03a1\u0391\u039a\u0397\u03a3","size":"small","name":"basic-graph"},{"Tweet":"\u0395\u03c0\u03af\u03c3\u03ba\u03b5\u03c8\u03b7 \u0398\u03b5\u03bf\u03b4\u03c9\u03c1\u03ac\u03ba\u03b7 \u03c3\u03c4\u03b9\u03c2 \u03b5\u03b3\u03ba\u03b1\u03c4\u03b1\u03c3\u03c4\u03ac\u03c3\u03b5\u03b9\u03c2 \u03c4\u03b7\u03c2 Cosco \u03c3\u03c4\u03bf\u03bd \u03a0\u03b5\u03b9\u03c1\u03b1\u03b9\u03ac","UserName":"NewsIt ","Date":"Fri May 15 14:48:28 +0000 2015","icon":"http:\/\/pbs.twimg.com\/profile_images\/516858838\/bookit_normal.jpeg","BelongsTo":"\u0398\u0395\u039f\u0394\u03a9\u03a1\u0391\u039a\u0397\u03a3","size":"small","name":"basic-graph"},{"Tweet":"\u038c\u03c4\u03b1\u03bd \u03bf \u03a3\u03c4\u03b1\u03cd\u03c1\u03bf\u03c2 \u0398\u03b5\u03bf\u03b4\u03c9\u03c1\u03ac\u03ba\u03b7\u03c2 \u03b2\u03bb\u03ad\u03c0\u03b5\u03b9 \u03b2\u03af\u03bd\u03c4\u03b5\u03bf","UserName":"\u0395\u03c1\u03b3\u03b1\u03c4\u03b9\u03ba\u03cc\u03c2 \u0391\u03b3\u03ce\u03bd\u03b1\u03c2","Date":"Fri May 15 13:01:05 +0000 2015","icon":"http:\/\/pbs.twimg.com\/profile_images\/2858090407\/08d48f7f126db0f58808643c9e842aab_normal.jpeg","BelongsTo":"\u0398\u0395\u039f\u0394\u03a9\u03a1\u0391\u039a\u0397\u03a3","size":"small","name":"basic-graph"},{"Tweet":"\u0398\u03b5\u03bf\u03b4\u03c9\u03c1\u03ac\u03ba\u03b7\u03c2: \u03a4\u03b5\u03bb\u03b9\u03ba\u03ac \u03b7 \u03b4\u03b9\u03b1\u03c0\u03c1\u03b1\u03b3\u03bc\u03ac\u03c4\u03b5\u03c5\u03c3\u03b7 \u03ae\u03c4\u03b1\u03bd \u03c3\u03c4\u03bf \u03b5\u03c3\u03c9\u03c4\u03b5\u03c1\u03b9\u03ba\u03cc \u03c4\u03bf\u03c5 \u03a3\u03a5\u03a1\u0399\u0396\u0391","UserName":"Manolis Koutselakis","Date":"Fri May 15 12:12:59 +0000 2015","icon":"http:\/\/pbs.twimg.com\/profile_images\/438735134754631681\/he1IH0F8_normal.jpeg","BelongsTo":"\u0398\u0395\u039f\u0394\u03a9\u03a1\u0391\u039a\u0397\u03a3","size":"small","name":"basic-graph"},{"Tweet":"\u0398\u03b5\u03bf\u03b4\u03c9\u03c1\u03ac\u03ba\u03b7\u03c2: \u0397 \u03c3\u03ba\u03bb\u03b7\u03c1\u03ae \u03b4\u03b9\u03b1\u03c0\u03c1\u03b1\u03b3\u03bc\u03ac\u03c4\u03b5\u03c5\u03c3\u03b7 \u03ae\u03c4\u03b1\u03bd \u03c3\u03c4\u03bf \u03b5\u03c3\u03c9\u03c4\u03b5\u03c1\u03b9\u03ba\u03cc \u03c4\u03bf\u03c5 \u03a3\u03a5\u03a1\u0399\u0396\u0391 via","UserName":"Antenna News","Date":"Fri May 15 12:10:27 +0000 2015","icon":"http:\/\/pbs.twimg.com\/profile_images\/522717332980776962\/Ad9VZLaz_normal.jpeg","BelongsTo":"\u0398\u0395\u039f\u0394\u03a9\u03a1\u0391\u039a\u0397\u03a3","size":"small","name":"basic-graph"},{"Tweet":"\u0398\u03b5\u03bf\u03b4\u03c9\u03c1\u03ac\u03ba\u03b7\u03c2: \u039f \u03a4\u03c3\u03af\u03c0\u03c1\u03b1\u03c2 \u03bd\u03b1 \u03b1\u03bd\u03b1\u03bb\u03ac\u03b2\u03b5\u03b9 \u03c4\u03b9\u03c2 \u03b5\u03c5\u03b8\u03cd\u03bd\u03b5\u03c2 \u03c4\u03bf\u03c5 \u03ba\u03b1\u03b9 \u03bd\u03b1 \u03b1\u03c0\u03bf\u03c6\u03b1\u03c3\u03af\u03c3\u03b5\u03b9","UserName":"\u03a4\u039f \u03a0\u039f\u039d\u03a4\u0399\u039a\u0399","Date":"Fri May 15 12:10:26 +0000 2015","icon":"http:\/\/pbs.twimg.com\/profile_images\/811634028\/pontikaki_normal.jpg","BelongsTo":"\u0398\u0395\u039f\u0394\u03a9\u03a1\u0391\u039a\u0397\u03a3","size":"small","name":"basic-graph"},{"Tweet":"\u0398\u03b5\u03bf\u03b4\u03c9\u03c1\u03ac\u03ba\u03b7\u03c2: \u039f \u03a4\u03c3\u03af\u03c0\u03c1\u03b1\u03c2 \u03bd\u03b1 \u03b1\u03c0\u03bf\u03c6\u03b1\u03c3\u03af\u03c3\u03b5\u03b9 - \u0394\u03b5\u03bd \u03ad\u03c7\u03bf\u03c5\u03bc\u03b5 \u03ac\u03bb\u03bb\u03bf \u03c7\u03c1\u03cc\u03bd\u03bf","UserName":"\u03a0\u03a1\u03a9\u03a4\u039f \u0398\u0395\u039c\u0391","Date":"Fri May 15 11:50:32 +0000 2015","icon":"http:\/\/pbs.twimg.com\/profile_images\/2178389502\/thema_normal.png","BelongsTo":"\u0398\u0395\u039f\u0394\u03a9\u03a1\u0391\u039a\u0397\u03a3","size":"small","name":"basic-graph"}],"links":[{"source":1,"target":0},{"source":2,"target":0},{"source":3,"target":0},{"source":4,"target":0},{"source":5,"target":0},{"source":6,"target":0},{"source":7,"target":0},{"source":8,"target":0},{"source":9,"target":0},{"source":10,"target":0},{"source":11,"target":0},{"source":12,"target":0},{"source":13,"target":0}]}