{"nodes":[{"name":"main","size":"big","icon":"..\/backend\/assets\/center.png","Type":"M"},{"name":"\u039a\u03a9\u039d\u03a3\u03a4\u0391\u039d\u03a4\u0399\u039d\u039f\u03a3 \u039a\u0391\u03a1\u0391\u0393\u039a\u039f\u03a5\u039d\u0397\u03a3","size":"small","icon":"http:\/\/s.enet.gr\/resources\/2009-10\/karagkoynhs-thumb-large.jpg","Type":"D"},{"name":"\u039d.\u0394.\n","size":"normal","icon":"\/PoliticalTweets\/backend\/assets\/nd.jpg","Type":"P"},{"name":"\u039a\u03a9\u039d\u03a3\u03a4\u0391\u039d\u03a4\u0399\u039d\u039f\u03a3 \u039b\u0391\u03a0\u0391\u0392\u0399\u03a4\u03a3\u0391\u03a3","size":"small","icon":"http:\/\/tvxs.gr\/sites\/default\/files\/article\/2012\/09\/86432-lapavitsas.jpg","Type":"D"},{"name":"\u03a3\u03a5\u03a1\u0399\u0396\u0391\n","size":"normal","icon":"\/PoliticalTweets\/backend\/assets\/syriza.jpg","Type":"P"},{"name":"\u03a7\u03a1\u0397\u03a3\u03a4\u039f\u03a3 \u039a\u0395\u039b\u039b\u0391\u03a3","size":"small","icon":"https:\/\/pbs.twimg.com\/profile_images\/2067350523\/image.jpg","Type":"D"},{"name":"\u0398\u0395\u039f\u0394\u03a9\u03a1\u0391 \u039c\u03a0\u0391\u039a\u039f\u0393\u0399\u0391\u039d\u039d\u0397","size":"small","icon":"http:\/\/www.iliatora.gr\/files\/news\/5740_ph1.jpg","Type":"D"},{"name":"\u0391\u039b\u0395\u039e\u0399\u039f\u03a3 \u03a4\u03a3\u0399\u03a0\u03a1\u0391\u03a3","size":"small","icon":"http:\/\/asset.tovima.gr\/vimawebstatic\/\/4FD08321545B960CB4040B951F17DB40.jpg","Type":"D"},{"name":"\u0391\u0399\u03a7\u0391\u039d \u039a\u0391\u03a1\u0391","size":"small","icon":"http:\/\/www.makeleio.gr\/wp-content\/uploads\/2013\/11\/aixan-giousouf-syriza.png","Type":"D"},{"name":"\u0393\u0391\u0392\u03a1\u0399\u0397\u039b \u03a3\u0391\u039a\u0395\u039b\u039b\u0391\u03a1\u0399\u0394\u0397\u03a3","size":"small","icon":"http:\/\/www.alfavita.gr\/sites\/default\/files\/100215110921_1475.jpg","Type":"D"},{"name":"\u0394\u0397\u039c\u0397\u03a4\u03a1\u0399\u039f\u03a3 \u039a\u039f\u03a5\u03a4\u03a3\u039f\u03a5\u039c\u03a0\u0391\u03a3","size":"small","icon":"http:\/\/www.sofokleousin.gr\/files\/koutsoumpas_dimitris_144368301.jpg","Type":"D"},{"name":"\u039a.\u039a.\u0395.\n","size":"normal","icon":"\/PoliticalTweets\/backend\/assets\/kke.jpg","Type":"P"},{"name":"\u0394\u0397\u039c\u0397\u03a4\u03a1\u0399\u039f\u03a3 \u0392\u0399\u03a4\u03a3\u0391\u03a3","size":"small","icon":"http:\/\/static.pblogs.gr\/f\/254590-s5_high.jpg","Type":"D"},{"name":"\u0399\u03a9\u0391\u039d\u039d\u0397\u03a3 \u0392\u0391\u03a1\u039f\u03a5\u03a6\u0391\u039a\u0397\u03a3","size":"small","icon":"http:\/\/images32.inewsgr.com\/2040\/20403577\/1.jpg","Type":"D"}],"links":[{"source":2,"target":1},{"source":0,"target":2},{"source":0,"target":4},{"source":0,"target":11},{"source":0,"target":2},{"source":4,"target":3},{"source":0,"target":4},{"source":0,"target":11},{"source":0,"target":2},{"source":0,"target":4},{"source":2,"target":5},{"source":0,"target":11},{"source":0,"target":2},{"source":0,"target":4},{"source":2,"target":6},{"source":0,"target":11},{"source":0,"target":2},{"source":0,"target":4},{"source":4,"target":7},{"source":0,"target":11},{"source":0,"target":2},{"source":0,"target":4},{"source":4,"target":8},{"source":0,"target":11},{"source":0,"target":2},{"source":0,"target":4},{"source":4,"target":9},{"source":0,"target":11},{"source":0,"target":2},{"source":0,"target":4},{"source":11,"target":10},{"source":0,"target":11},{"source":0,"target":2},{"source":0,"target":4},{"source":0,"target":11},{"source":4,"target":12},{"source":0,"target":2},{"source":0,"target":4},{"source":0,"target":11},{"source":4,"target":13}]}