{"nodes":[{"Tweet":"Deputy","UserName":"\u039a\u0395\u039b\u039b\u0391\u03a3","Date":"null","icon":"https:\/\/pbs.twimg.com\/profile_images\/2067350523\/image.jpg","BelongsTo":"null","size":"big","name":"basic-graph"},{"Tweet":"\u03a3\u03c5\u03bd\u03ac\u03bd\u03c4\u03b7\u03c3\u03b7 \u039a\u03ad\u03bb\u03bb\u03b1 - \u03a3\u03c0\u03c5\u03c1\u03ac\u03ba\u03b7 \u03b3\u03b9\u03b1 \u03c4\u03b7 \u03c6\u03bf\u03c1\u03bf\u03bb\u03cc\u03b3\u03b7\u03c3\u03b7 \u03b1\u03b3\u03c1\u03bf\u03c4\u03b9\u03ba\u03ce\u03bd \u03b5\u03c0\u03b9\u03b4\u03bf\u03c4\u03ae\u03c3\u03b5\u03c9\u03bd via","UserName":"Larissanet.gr","Date":"Thu May 14 15:17:33 +0000 2015","icon":"http:\/\/pbs.twimg.com\/profile_images\/2935297885\/046b5e5934e560882db96fdfb1c44a79_normal.jpeg","BelongsTo":"\u039a\u0395\u039b\u039b\u0391\u03a3","size":"small","name":"basic-graph"},{"Tweet":"\u0393\u03b9\u03b1\u03c4\u03af \u03b4\u03b5\u03bd \u03ba\u03ac\u03bd\u03b5\u03c4\u03b5 \u03c0\u03c1\u03cc\u03c4\u03b1\u03c3\u03b7 \u03c3\u03c4\u03b7 Siemens \u03bd\u03b1 \u03b5\u03c0\u03b9\u03b4\u03bf\u03c4\u03ae\u03c3\u03b5\u03b9 \u03ba \u03b1\u03c5\u03c4\u03bf\u03cd\u03c2 ?","UserName":"angelo","Date":"Thu May 14 12:52:37 +0000 2015","icon":"http:\/\/abs.twimg.com\/sticky\/default_profile_images\/default_profile_5_normal.png","BelongsTo":"\u039a\u0395\u039b\u039b\u0391\u03a3","size":"small","name":"basic-graph"},{"Tweet":"\u0397 \u03c3\u03c5\u03b3\u03ba\u03c5\u03b2\u03ad\u03c1\u03bd\u03b7\u03c3\u03b7 \u03a3\u03a5\u03a1\u0399\u0396\u0391\/\u0391\u039d\u0395\u039b \u03b1\u03bd\u03bf\u03af\u03b3\u03b5\u03b9 \u03c4\u03bf\u03bd \u03b1\u03c3\u03ba\u03cc \u03c4\u03bf\u03c5 \u0391\u03b9\u03cc\u03bb\u03bf\u03c5 \u03bc\u03b5 \u03c4\u03b7\u03bd \u03c6\u03bf\u03c1\u03bf\u03bb\u03cc\u03b3\u03b7\u03c3\u03b7 \u03c4\u03c9\u03bd \u03b1\u03b3\u03c1\u03bf\u03c4\u03b9\u03ba\u03ce\u03bd \u03b5\u03c0\u03b9\u03b4\u03bf\u03c4\u03ae\u03c3\u03b5\u03c9\u03bd.\u039c\u03b5","UserName":"MARIA SPYRAKI","Date":"Thu May 14 12:50:52 +0000 2015","icon":"http:\/\/pbs.twimg.com\/profile_images\/460494302469046272\/iQtxhbF3_normal.jpeg","BelongsTo":"\u039a\u0395\u039b\u039b\u0391\u03a3","size":"small","name":"basic-graph"},{"Tweet":"\u03a3\u03c5\u03bd\u03ac\u03bd\u03c4\u03b7\u03c3\u03ae \u03bc\u03bf\u03c5, \u03bc\u03b5 \u03c4\u03b7\u03bd \u0395\u03c5\u03c1\u03c9\u03b2\u03bf\u03c5\u03bb\u03b5\u03c5\u03c4\u03ae \u039c\u03b1\u03c1\u03af\u03b1 \u03a3\u03c0\u03c5\u03c1\u03ac\u03ba\u03b7,\u03b3\u03b9\u03b1 \u03c4\u03bf \u03b8\u03ad\u03bc\u03b1 \u03c4\u03b7\u03c2 \u03c6\u03bf\u03c1\u03bf\u03bb\u03cc\u03b3\u03b7\u03c3\u03b7\u03c2 \u03c4\u03c9\u03bd \u03b1\u03b3\u03c1\u03bf\u03c4\u03b9\u03ba\u03ce\u03bd \u03b5\u03c0\u03b9\u03b4\u03bf\u03c4\u03ae\u03c3\u03b5\u03c9\u03bd.\u03a4\u03bf \u03b8\u03ad\u03bc\u03b1...","UserName":"\u039a\u03ad\u03bb\u03bb\u03b1\u03c2 \u03a7\u03c1\u03ae\u03c3\u03c4\u03bf\u03c2","Date":"Thu May 14 11:03:49 +0000 2015","icon":"http:\/\/pbs.twimg.com\/profile_images\/2067350523\/image_normal.jpg","BelongsTo":"\u039a\u0395\u039b\u039b\u0391\u03a3","size":"small","name":"basic-graph"},{"Tweet":"\u039a\u03ad\u03bb\u03bb\u03b1\u03c2: \u0395\u03be\u03b1\u03c0\u03b1\u03c4\u03bf\u03cd\u03bd \u03c4\u03bf\u03c5\u03c2 \u03b1\u03b3\u03c1\u03cc\u03c4\u03b5\u03c2 | larissanet.gr - H \u039d\u03ad\u03b1 \u0395\u03c6\u03b7\u03bc\u03b5\u03c1\u03af\u03b4\u03b1 \u03c4\u03b7\u03c2 \u039b\u03ac\u03c1\u03b9\u03c3\u03b1\u03c2 via","UserName":"Larissanet.gr","Date":"Wed May 13 15:31:38 +0000 2015","icon":"http:\/\/pbs.twimg.com\/profile_images\/2935297885\/046b5e5934e560882db96fdfb1c44a79_normal.jpeg","BelongsTo":"\u039a\u0395\u039b\u039b\u0391\u03a3","size":"small","name":"basic-graph"},{"Tweet":"\u038c\u03c3\u03bf \u03c0\u03c1\u03bf\u03c3\u03c0\u03b1\u03b8\u03bf\u03cd\u03bd \u03ba\u03ac\u03c0\u03bf\u03b9\u03bf\u03b9 \u03bd\u03b1 \u03b1\u03bd\u03b1\u03ba\u03cc\u03c8\u03bf\u03c5\u03bd \u03c4\u03b7\u03bd \u03c0\u03bf\u03c1\u03b5\u03af\u03b1 \u03c4\u03b7\u03c2 \u0394\u0391\u03a0,\u03bc\u03b5 \u03ba\u03bf\u03c5\u03ba\u03bf\u03cd\u03bb\u03b5\u03c2 \u03ba\u03b1\u03b9 \u03c1\u03cc\u03c0\u03b1\u03bb\u03b1,\u03c4\u03cc\u03c3\u03bf \u03b7 \u0394\u0391\u03a0 \u03b8\u03b1 \u03b4\u03c5\u03bd\u03b1\u03bc\u03ce\u03bd\u03b5\u03b9!!!!!!!!!","UserName":"\u039a\u03ad\u03bb\u03bb\u03b1\u03c2 \u03a7\u03c1\u03ae\u03c3\u03c4\u03bf\u03c2","Date":"Wed May 13 11:31:13 +0000 2015","icon":"http:\/\/pbs.twimg.com\/profile_images\/2067350523\/image_normal.jpg","BelongsTo":"\u039a\u0395\u039b\u039b\u0391\u03a3","size":"small","name":"basic-graph"},{"Tweet":"\u038c\u03c3\u03bf \u03c0\u03c1\u03bf\u03c3\u03c0\u03b1\u03b8\u03bf\u03cd\u03bd \u03ba\u03ac\u03c0\u03bf\u03b9\u03bf\u03b9 \u03bd\u03b1 \u03b1\u03bd\u03b1\u03ba\u03cc\u03c8\u03bf\u03c5\u03bd \u03c4\u03b7\u03bd \u03c0\u03bf\u03c1\u03b5\u03af\u03b1 \u03c4\u03b7\u03c2 \u0394\u0391\u03a0,\u03bc\u03b5 \u03ba\u03bf\u03c5\u03ba\u03bf\u03cd\u03bb\u03b5\u03c2 \u03ba\u03b1\u03b9 \u03c1\u03cc\u03c0\u03b1\u03bb\u03b1,\u03c4\u03cc\u03c3\u03bf \u03b7 \u0394\u0391\u03a0 \u03b8\u03b1 \u03b4\u03c5\u03bd\u03b1\u03bc\u03ce\u03bd\u03b5\u03b9 \u03ba\u03b1\u03b9 \u03b8\u03b1...","UserName":"\u039a\u03ad\u03bb\u03bb\u03b1\u03c2 \u03a7\u03c1\u03ae\u03c3\u03c4\u03bf\u03c2","Date":"Wed May 13 11:26:53 +0000 2015","icon":"http:\/\/pbs.twimg.com\/profile_images\/2067350523\/image_normal.jpg","BelongsTo":"\u039a\u0395\u039b\u039b\u0391\u03a3","size":"small","name":"basic-graph"},{"Tweet":"\u039a\u03ad\u03bb\u03bb\u03b1\u03c2: \u03a8\u03b5\u03cd\u03b4\u03b5\u03c4\u03b1\u03b9 \u03ba\u03b1\u03b9 \u03c0\u03b1\u03c1\u03b1\u03c0\u03bb\u03b7\u03c1\u03bf\u03c6\u03bf\u03c1\u03b5\u03af \u03bf \u03c5\u03c0. \u03a5\u03b3\u03b5\u03af\u03b1\u03c2","UserName":"EOE.gr","Date":"Wed May 13 00:53:35 +0000 2015","icon":"http:\/\/pbs.twimg.com\/profile_images\/1673814999\/logo_normal.png","BelongsTo":"\u039a\u0395\u039b\u039b\u0391\u03a3","size":"small","name":"basic-graph"},{"Tweet":"\u03a4\u03b7\u03bd \u03ce\u03c1\u03b1 \u03c0\u03bf\u03c5 \u03bf\u03b9 \u03c5\u03c0\u03b7\u03c1\u03b5\u03c3\u03af\u03b5\u03c2 \u03a5\u03b3\u03b5\u03af\u03b1\u03c2 \u03b2\u03c1\u03af\u03c3\u03ba\u03bf\u03bd\u03c4\u03b1\u03b9 \u03c5\u03c0\u03bf \u03b4\u03b9\u03ac\u03bb\u03c5\u03c3\u03b7,\u03bf \u03a5\u03c0\u03bf\u03c5\u03c1\u03b3\u03cc\u03c2 \u03c3\u03c5\u03bd\u03b5\u03c7\u03af\u03b6\u03b5\u03b9 \u03bd\u03b1 \u03c8\u03b5\u03cd\u03b4\u03b5\u03c4\u03b1\u03b9 \u03ba\u03b1\u03b9 \u03bd\u03b1 \u03c0\u03b1\u03c1\u03b1\u03c0\u03bb\u03b7\u03c1\u03bf\u03c6\u03bf\u03c1\u03b5\u03af..\u039a\u03c1\u03af\u03bc\u03b1!","UserName":"\u039a\u03ad\u03bb\u03bb\u03b1\u03c2 \u03a7\u03c1\u03ae\u03c3\u03c4\u03bf\u03c2","Date":"Tue May 12 16:22:42 +0000 2015","icon":"http:\/\/pbs.twimg.com\/profile_images\/2067350523\/image_normal.jpg","BelongsTo":"\u039a\u0395\u039b\u039b\u0391\u03a3","size":"small","name":"basic-graph"},{"Tweet":"\u03a4\u03b7\u03bd \u03ce\u03c1\u03b1 \u03c0\u03bf\u03c5 \u03bf\u03b9 \u03c5\u03c0\u03b7\u03c1\u03b5\u03c3\u03af\u03b5\u03c2 \u03a5\u03b3\u03b5\u03af\u03b1\u03c2 \u03b2\u03c1\u03af\u03c3\u03ba\u03bf\u03bd\u03c4\u03b1\u03b9 \u03c5\u03c0\u03bf \u03b4\u03b9\u03ac\u03bb\u03c5\u03c3\u03b7, \u03bf \u03a5\u03c0\u03bf\u03c5\u03c1\u03b3\u03cc\u03c2 \u03c3\u03c5\u03bd\u03b5\u03c7\u03af\u03b6\u03b5\u03b9 \u03c3\u03c5\u03c3\u03c4\u03b7\u03bc\u03b1\u03c4\u03b9\u03ba\u03ac \u03bd\u03b1 \u03c8\u03b5\u03cd\u03b4\u03b5\u03c4\u03b1\u03b9 \u03ba\u03b1\u03b9 \u03bd\u03b1...","UserName":"\u039a\u03ad\u03bb\u03bb\u03b1\u03c2 \u03a7\u03c1\u03ae\u03c3\u03c4\u03bf\u03c2","Date":"Tue May 12 16:12:33 +0000 2015","icon":"http:\/\/pbs.twimg.com\/profile_images\/2067350523\/image_normal.jpg","BelongsTo":"\u039a\u0395\u039b\u039b\u0391\u03a3","size":"small","name":"basic-graph"},{"Tweet":"\u00ab\u03a0\u03c1\u03c9\u03c4\u03bf\u03c6\u03b1\u03bd\u03ae\u03c2 \u03b4\u03b9\u03ac\u03bb\u03c5\u03c3\u03b7 \u03c4\u03c9\u03bd \u03c5\u03c0\u03b7\u03c1\u03b5\u03c3\u03b9\u03ce\u03bd \u03a5\u03b3\u03b5\u03af\u03b1\u03c2\u00bb via","UserName":"Larissanet.gr","Date":"Tue May 12 15:06:42 +0000 2015","icon":"http:\/\/pbs.twimg.com\/profile_images\/2935297885\/046b5e5934e560882db96fdfb1c44a79_normal.jpeg","BelongsTo":"\u039a\u0395\u039b\u039b\u0391\u03a3","size":"small","name":"basic-graph"},{"Tweet":"\u039a\u03c5\u03c1\u03b9\u03b1\u03ba\u03ac\u03c4\u03b9\u03ba\u03bf \u03ac\u03c1\u03b8\u03c1\u03bf \u03bc\u03bf\u03c5. \u0399\u03b4\u03b9\u03c9\u03c4\u03b9\u03ba\u03cc\u03c2 \u03c4\u03bf\u03bc\u03ad\u03b1\u03c2 \u03b1\u03b3\u03bd\u03bf\u03b5\u03af\u03c4\u03b1\u03b9...\u0391\u03ba\u03bf\u03cd\u03b5\u03b9 \u03ba\u03b1\u03bd\u03b5\u03af\u03c2;;; via","UserName":"\u039a\u03ad\u03bb\u03bb\u03b1\u03c2 \u03a7\u03c1\u03ae\u03c3\u03c4\u03bf\u03c2","Date":"Mon May 11 17:16:54 +0000 2015","icon":"http:\/\/pbs.twimg.com\/profile_images\/2067350523\/image_normal.jpg","BelongsTo":"\u039a\u0395\u039b\u039b\u0391\u03a3","size":"small","name":"basic-graph"},{"Tweet":"\u039a\u03c5\u03c1\u03b9\u03b1\u03ba\u03ac\u03c4\u03b9\u03ba\u03bf \u03ac\u03c1\u03b8\u03c1\u03bf \u03bc\u03bf\u03c5. \u0399\u03b4\u03b9\u03c9\u03c4\u03b9\u03ba\u03cc\u03c2 \u03c4\u03bf\u03bc\u03ad\u03b1\u03c2 \u03b1\u03b3\u03bd\u03bf\u03b5\u03af\u03c4\u03b1\u03b9...\u0391\u03ba\u03bf\u03cd\u03b5\u03b9 \u03ba\u03b1\u03bd\u03b5\u03af\u03c2;;;","UserName":"\u039a\u03ad\u03bb\u03bb\u03b1\u03c2 \u03a7\u03c1\u03ae\u03c3\u03c4\u03bf\u03c2","Date":"Mon May 11 17:09:42 +0000 2015","icon":"http:\/\/pbs.twimg.com\/profile_images\/2067350523\/image_normal.jpg","BelongsTo":"\u039a\u0395\u039b\u039b\u0391\u03a3","size":"small","name":"basic-graph"},{"Tweet":"\u039f... \u03b1\u03b3\u03bd\u03bf\u03bf\u03cd\u03bc\u03b5\u03bd\u03bf\u03c2 | larissanet.gr - H \u039d\u03ad\u03b1 \u0395\u03c6\u03b7\u03bc\u03b5\u03c1\u03af\u03b4\u03b1 \u03c4\u03b7\u03c2 \u039b\u03ac\u03c1\u03b9\u03c3\u03b1\u03c2 via","UserName":"Larissanet.gr","Date":"Mon May 11 15:47:31 +0000 2015","icon":"http:\/\/pbs.twimg.com\/profile_images\/2935297885\/046b5e5934e560882db96fdfb1c44a79_normal.jpeg","BelongsTo":"\u039a\u0395\u039b\u039b\u0391\u03a3","size":"small","name":"basic-graph"},{"Tweet":"\u00ab\u039a\u03b1\u03b8\u03c5\u03c3\u03c4\u03b5\u03c1\u03bf\u03cd\u03bd \u03c4\u03b1 \u03c0\u03c1\u03bf\u03b3\u03c1\u03ac\u03bc\u03bc\u03b1\u03c4\u03b1 \u03b3\u03b9\u03b1 \u03c4\u03bf\u03c5\u03c2 \u03ac\u03bd\u03b5\u03c1\u03b3\u03bf\u03c5\u03c2\u00bb via","UserName":"Larissanet.gr","Date":"Mon May 11 15:26:29 +0000 2015","icon":"http:\/\/pbs.twimg.com\/profile_images\/2935297885\/046b5e5934e560882db96fdfb1c44a79_normal.jpeg","BelongsTo":"\u039a\u0395\u039b\u039b\u0391\u03a3","size":"small","name":"basic-graph"},{"Tweet":"\u03a7. \u039a\u03ad\u03bb\u03bb\u03b1\u03c2 : \u00ab\u039c\u03b5\u03b3\u03ac\u03bb\u03b7 \u03ba\u03b1\u03b8\u03c5\u03c3\u03c4\u03ad\u03c1\u03b7\u03c3\u03b7 \u03c3\u03c4\u03b1 \u03c7\u03c1\u03b7\u03bc\u03b1\u03c4\u03bf\u03b4\u03bf\u03c4\u03bf\u03cd\u03bc\u03b5\u03bd\u03b1 \u03c0\u03c1\u03bf\u03b3\u03c1\u03ac\u03bc\u03bc\u03b1\u03c4\u03b1 \u03b3\u03b9\u03b1 \u03b1\u03bd\u03ad\u03c1\u03b3\u03bf\u03c5\u03c2\u00bb: \u0395\u03c1\u03ce\u03c4\u03b7\u03c3\u03b7 \u03c0\u03c1\u03bf\u03c2 \u03c4\u03bf\u03bd \u03a5\u03c0\u03bf\u03c5\u03c1\u03b3\u03cc \u0395\u03c1\u03b3\u03b1\u03c3...","UserName":"\u0395\u03bd\u03b7\u03bc\u03b5\u03c1\u03c9\u03c3\u03b7 \u0393\u03b9\u03b1 \u039f\u03bb\u03b1","Date":"Mon May 11 12:38:24 +0000 2015","icon":"http:\/\/pbs.twimg.com\/profile_images\/528753505125687296\/JQnAoaIi_normal.jpeg","BelongsTo":"\u039a\u0395\u039b\u039b\u0391\u03a3","size":"small","name":"basic-graph"},{"Tweet":"\u039a\u03b1\u03bb\u03ae \u03b5\u03c0\u03b9\u03c4\u03c5\u03c7\u03af\u03b1 \u0394\u0391\u03a0 - \u039d\u0394\u03a6\u039a. \u03a4\u03b7\u03bd \u03a4\u03b5\u03c4\u03ac\u03c1\u03c4\u03b7 13\/5,\u03b4\u03b9\u03b5\u03be\u03ac\u03b3\u03bf\u03bd\u03c4\u03b1\u03b9 \u03bf\u03b9 \u03c6\u03bf\u03b9\u03c4\u03b7\u03c4\u03b7\u03c4\u03b9\u03ba\u03ad\u03c2 \u03b5\u03ba\u03bb\u03bf\u03b3\u03ad\u03c2,\u03b5\u03ba\u03bb\u03bf\u03b3\u03ad\u03c2 \u03ba\u03c1\u03af\u03c3\u03b9\u03bc\u03b5\u03c2,\u03b1\u03c6\u03bf\u03cd \u03bf\u03b9 \u03b1\u03bb\u03bb\u03b1\u03b3\u03ad\u03c2...","UserName":"\u039a\u03ad\u03bb\u03bb\u03b1\u03c2 \u03a7\u03c1\u03ae\u03c3\u03c4\u03bf\u03c2","Date":"Mon May 11 11:28:53 +0000 2015","icon":"http:\/\/pbs.twimg.com\/profile_images\/2067350523\/image_normal.jpg","BelongsTo":"\u039a\u0395\u039b\u039b\u0391\u03a3","size":"small","name":"basic-graph"},{"Tweet":"\u039a\u03ad\u03bb\u03bb\u03b1\u03c2: \u0399\u03b4\u03b9\u03c9\u03c4\u03b9\u03ba\u03cc\u03c2 \u03c4\u03bf\u03bc\u03ad\u03b1\u03c2 \u03b1\u03b3\u03bd\u03bf\u03b5\u03af\u03c4\u03b1\u03b9\u2026 \u0391\u03ba\u03bf\u03cd\u03b5\u03b9 \u03ba\u03b1\u03bd\u03b5\u03af\u03c2;","UserName":"EOE.gr","Date":"Mon May 11 04:02:39 +0000 2015","icon":"http:\/\/pbs.twimg.com\/profile_images\/1673814999\/logo_normal.png","BelongsTo":"\u039a\u0395\u039b\u039b\u0391\u03a3","size":"small","name":"basic-graph"},{"Tweet":"\u039a\u03ad\u03bb\u03bb\u03b1\u03c2: \u00ab\u039c\u03ad\u03c3\u03b1 \u03c3\u03b5 \u03c4\u03c1\u03b5\u03b9\u03c2 \u03bc\u03ae\u03bd\u03b5\u03c2 \u03b3\u03c5\u03c1\u03af\u03c3\u03b1\u03bc\u03b5 \u03c4\u03c1\u03af\u03b1 \u03c7\u03c1\u03cc\u03bd\u03b9\u03b1 \u03c0\u03af\u03c3\u03c9\u00bb","UserName":"EOE.gr","Date":"Fri May 08 13:44:09 +0000 2015","icon":"http:\/\/pbs.twimg.com\/profile_images\/1673814999\/logo_normal.png","BelongsTo":"\u039a\u0395\u039b\u039b\u0391\u03a3","size":"small","name":"basic-graph"},{"Tweet":"\u039a\u03ad\u03bb\u03bb\u03b1\u03c2: \u0397 \u03c7\u03ce\u03c1\u03b1 \u03b3\u03cd\u03c1\u03b9\u03c3\u03b5 \u03c0\u03af\u03c3\u03c9 | larissanet.gr - H \u039d\u03ad\u03b1 \u0395\u03c6\u03b7\u03bc\u03b5\u03c1\u03af\u03b4\u03b1 \u03c4\u03b7\u03c2 \u039b\u03ac\u03c1\u03b9\u03c3\u03b1\u03c2 via","UserName":"Larissanet.gr","Date":"Fri May 08 12:49:21 +0000 2015","icon":"http:\/\/pbs.twimg.com\/profile_images\/2935297885\/046b5e5934e560882db96fdfb1c44a79_normal.jpeg","BelongsTo":"\u039a\u0395\u039b\u039b\u0391\u03a3","size":"small","name":"basic-graph"}],"links":[{"source":1,"target":0},{"source":2,"target":0},{"source":3,"target":0},{"source":4,"target":0},{"source":5,"target":0},{"source":6,"target":0},{"source":7,"target":0},{"source":8,"target":0},{"source":9,"target":0},{"source":10,"target":0},{"source":11,"target":0},{"source":12,"target":0},{"source":13,"target":0},{"source":14,"target":0},{"source":15,"target":0},{"source":16,"target":0},{"source":17,"target":0},{"source":18,"target":0},{"source":19,"target":0},{"source":20,"target":0}]}