{"nodes":[{"Tweet":"Deputy","UserName":"\u039a\u0391\u03a1\u0391","Date":"null","icon":"http:\/\/www.makeleio.gr\/wp-content\/uploads\/2013\/11\/aixan-giousouf-syriza.png","BelongsTo":"null","size":"big","name":"basic-graph"},{"Tweet":"\u0398\u03b1 '\u03b8\u03b5\u03bb\u03b1 \u03bd\u03b1 \u03b4\u03c9 \u03c3\u03c4\u03bf \u03c4\u03b7\u03bd \u03a6\u03b1\u03af\u03b7 \u039a\u03bf\u03ba\u03ba\u03b9\u03bd\u03bf\u03c0\u03bf\u03cd\u03bb\u03bf\u03c5!! \u039c\u03b1\u03c2 \u03ad\u03c7\u03b5\u03b9 \u03bb\u03b5\u03af\u03c8\u03b5\u03b9 \u03c4\u03cc\u03c3\u03bf \u03c0\u03bf\u03bb\u03cd!! \u039a\u03b1\u03bd\u03cc\u03bd\u03b9\u03c3\u03ad \u03c4\u03bf!! :*","UserName":"Giannis Karakasidis","Date":"Thu May 14 19:45:24 +0000 2015","icon":"http:\/\/pbs.twimg.com\/profile_images\/590202538445524992\/r-otK_4f_normal.jpg","BelongsTo":"\u039a\u0391\u03a1\u0391","size":"small","name":"basic-graph"},{"Tweet":"\u039f\u03c7\u03b9 \u03b4\u03b5\u03bd \u03b5\u03af\u03bd\u03b1\u03b9 \u03c4\u03bf Miami, \u03b7 \u039b\u03b5\u03bc\u03b5\u03c3\u03cc\u03c2 \u03b5\u03af\u03bd\u03b1\u03b9... ht\u2026","UserName":"Mike Yiangou","Date":"Thu May 14 18:28:04 +0000 2015","icon":"http:\/\/pbs.twimg.com\/profile_images\/430933046024343552\/DHmBpNFF_normal.jpeg","BelongsTo":"\u039a\u0391\u03a1\u0391","size":"small","name":"basic-graph"},{"Tweet":"\u0395\u03bb\u03b1\u03c4\u03b5 \u03bd\u03b1 \u03b5\u03bd\u03c9\u03b8\u03bf\u03c5\u03bc\u03b5 \u03c4\u03b1 \u03bc\u03b1\u03bd\u03b1\u03c1\u03b9\u03b1 \u03bf\u03bb\u03bf\u03c5 \u03c4\u03bf\u03c5 \u03c4\u03bf\u03c5\u03b9\u03c4\u03b5\u03c1 \u03bd\u03b1 \u03ba\u03b1\u03bd\u03bf\u03c5\u03bc\u03b5 \u03c4\u03bf\u03bd \u03ba\u03b1\u03c0\u03c4\u03b5\u03bd \u03bc\u03b1\u03bd\u03b1\u03c1\u03b9!","UserName":"Eleni K","Date":"Thu May 14 17:17:44 +0000 2015","icon":"http:\/\/pbs.twimg.com\/profile_images\/598244003948158976\/LTImvGn-_normal.jpg","BelongsTo":"\u039a\u0391\u03a1\u0391","size":"small","name":"basic-graph"},{"Tweet":"\u039d\u03b1 \u03b4\u03b5\u03af\u03c4\u03b5 \u03c0\u03bf\u03c5 \u03bb\u03b5\u03c6\u03c4\u03ac \u03c5\u03c0\u03ac\u03c1\u03c7\u03bf\u03c5\u03bd \u03ba\u03b1\u03b9 \u03b4\u03b5 \u03bc\u03b1\u03c2 \u03c4\u03bf \u03bb\u03ad\u03bd\u03b5.","UserName":"Eleni K","Date":"Thu May 14 17:16:32 +0000 2015","icon":"http:\/\/pbs.twimg.com\/profile_images\/598244003948158976\/LTImvGn-_normal.jpg","BelongsTo":"\u039a\u0391\u03a1\u0391","size":"small","name":"basic-graph"},{"Tweet":"\u0397 \u03c8\u03c5\u03c7\u03bf\u03bb\u03bf\u03b3\u03af\u03b1 \u03bc\u03b1\u03c2 \u03b5\u03af\u03bd\u03b1\u03b9 \u03b1\u03bd\u03ac\u03bb\u03bf\u03b3\u03b7 \u03c4\u03bf\u03c5 \u03c7\u03ce\u03c1\u03bf\u03c5 \u03c0\u03bf\u03c5 \u03b2\u03c1\u03af\u03c3\u03ba\u03cc\u03bc\u03b1\u03c3\u03c4\u03b5, \u03c0.\u03c7. \u03ac\u03bb\u03bb\u03bf \u03bd\u03b1 \u03c0\u03b5\u03c1\u03b9\u03bc\u03ad\u03bd\u03b5\u03b9\u03c2 \u03c3\u03c4\u03b9\u03c2 \u03b1\u03c6\u03af\u03be\u03b5\u03b9\u03c2 \u03ba\u03b9 \u03ac\u03bb\u03bb\u03bf \u03c3\u03c4\u03b9\u03c2 \u03b1\u03bd\u03b1\u03c7\u03c9\u03c1\u03ae\u03c3\u03b5\u03b9\u03c2.","UserName":"Eleni K","Date":"Thu May 14 17:15:53 +0000 2015","icon":"http:\/\/pbs.twimg.com\/profile_images\/598244003948158976\/LTImvGn-_normal.jpg","BelongsTo":"\u039a\u0391\u03a1\u0391","size":"small","name":"basic-graph"},{"Tweet":"\u039a\u03b1\u03b9 \u03c4\u03b9 \u03b5\u03af\u03bc\u03b1\u03c3\u03c4\u03b5 \u03b3\u03b9\u03b1 \u03bd\u03b1 \u03b2\u03b3\u03bf\u03cd\u03bc\u03b5 \u03a3\u03ac\u03b2\u03b2\u03b1\u03c4\u03bf \u03b2\u03c1\u03ac\u03b4\u03c5 \u03ad\u03be\u03c9 \u03c4\u03af\u03c0\u03bf\u03c4\u03b1 \u03c6\u03bf\u03b9\u03c4\u03b7\u03c4\u03b1\u03af;","UserName":"Eleni K","Date":"Thu May 14 17:15:50 +0000 2015","icon":"http:\/\/pbs.twimg.com\/profile_images\/598244003948158976\/LTImvGn-_normal.jpg","BelongsTo":"\u039a\u0391\u03a1\u0391","size":"small","name":"basic-graph"},{"Tweet":"\u3002\u309c(\u00b4\u2283\u03c9\u2282\uff40)\u309c\u3002","UserName":"\u9d09\u5203@\u304b\u3089\u3059\u3070","Date":"Thu May 14 14:35:12 +0000 2015","icon":"http:\/\/pbs.twimg.com\/profile_images\/585045973321166848\/ve_14jLF_normal.jpg","BelongsTo":"\u039a\u0391\u03a1\u0391","size":"small","name":"basic-graph"},{"Tweet":"\u250f( \u2018\u03c9\u2018)\u251b\u2517( \u2018\u03c9\u2018 )\u2513\u2517(\u2018\u03c9\u2018 )\u251b","UserName":"\u3061\u30fc\u8f9b","Date":"Thu May 14 13:48:50 +0000 2015","icon":"http:\/\/pbs.twimg.com\/profile_images\/595908221555974146\/xkS1TtQ0_normal.jpg","BelongsTo":"\u039a\u0391\u03a1\u0391","size":"small","name":"basic-graph"},{"Tweet":"\u03ba\u03b1\u03bb\u03b7\u03bc\u03ad\u03c1\u03b1,\u03c0\u03bf\u03bb\u03cd \u03c3\u03c9\u03c3\u03c4\u03bf \u03b1\u03c5\u03c4\u03cc \u03c0\u03bf\u03c5 \u03bb\u03b5\u03c2!!!!!!!","UserName":"Than\u03bf\u03c2Baker","Date":"Thu May 14 13:29:14 +0000 2015","icon":"http:\/\/pbs.twimg.com\/profile_images\/594939984978771969\/ITZ0pY05_normal.jpg","BelongsTo":"\u039a\u0391\u03a1\u0391","size":"small","name":"basic-graph"},{"Tweet":"\u039a\u03b1\u03bd\u03c4\u03b5 retweet \u03c3\u03c4\u03b7\u03bd \u03c6\u03c9\u03c4\u03bf \u03ba\u03b1\u03b9 \u03ba\u03b5\u03c1\u03b4\u03b9\u03c3\u03c4\u03b5 \u03c4\u03bf \u03c6\u03bf\u03c1\u03b5\u03bc\u03b1 ZINI \ud83d\udc9d\ud83c\udf80\ud83d\udc9d\ud83c\udf80\ud83d\udc9d\ud83c\udf80\ud83d\udc9d\ud83c\udf80\ud83d\udc9d","UserName":"\u0395\u03bb\u03ad\u03bd\u03b7 \u039a\u03b1\u03c1\u03b1\u03ba\u03ce\u03c3\u03c4\u03b1","Date":"Thu May 14 13:21:33 +0000 2015","icon":"http:\/\/pbs.twimg.com\/profile_images\/577931163500613633\/M8Kibb-b_normal.jpeg","BelongsTo":"\u039a\u0391\u03a1\u0391","size":"small","name":"basic-graph"},{"Tweet":"(\u00b4\uff65\u03c9\uff65\uff40)","UserName":"\u30ed\u30a4\u30e4\u30eb\u30d5\u30a7\u30a2\u30ea\u30fc\u3042\u307f\u307f","Date":"Thu May 14 13:12:32 +0000 2015","icon":"http:\/\/pbs.twimg.com\/profile_images\/583171925964300288\/oLuinLuu_normal.jpg","BelongsTo":"\u039a\u0391\u03a1\u0391","size":"small","name":"basic-graph"},{"Tweet":"\u0395\u03b9\u03bb\u03b9\u03ba\u03c1\u03b9\u03bd\u03ac \u03c4\u03ce\u03c1\u03b1, \u03bd\u03bf\u03bc\u03af\u03b6\u03b5\u03c4\u03b5 \u03bf\u03c4\u03b9 \u03bc\u03b1\u03c2 \u03b5\u03bd\u03b4\u03b9\u03b1\u03c6\u03ad\u03c1\u03b5\u03b9 \u03c0\u03ac\u03c1\u03b1 \u03c0\u03bf\u03bb\u03c5 \u03c4\u03bf \u03c4\u03b9 \u03c3\u03b7\u03bc\u03b1\u03af\u03bd\u03b5\u03b9 \u03c4\u03bf \u03cc\u03bd\u03bf\u03bc\u03b1 \u03c3\u03b1\u03c2??? \u03bc\u03b1\u03c2 \u03b6\u03b1\u03bb\u03b9\u03c3\u03b1\u03c4\u03b5 \u03c3\u03c4\u03bf fb \u03b5\u03c7\u03b5\u03b9 2 \u03bc\u03b5\u03c1\u03b5\u03c2 \u03c4\u03c9\u03c1\u03b1","UserName":"Eleni K","Date":"Thu May 14 12:31:44 +0000 2015","icon":"http:\/\/pbs.twimg.com\/profile_images\/598244003948158976\/LTImvGn-_normal.jpg","BelongsTo":"\u039a\u0391\u03a1\u0391","size":"small","name":"basic-graph"},{"Tweet":"\u039a\u03b1\u03bd\u03c4\u03b5 retweet \u03c3\u03c4\u03b7\u03bd \u03c6\u03c9\u03c4\u03bf \u03ba\u03b1\u03b9 1 \u03b1\u03c0\u03bf \u03b5\u03c3\u03b1\u03c2 \u03b8\u03b1 \u03ba\u03b5\u03c1\u03b4\u03b9\u03c3\u03b5\u03b9 \u03c4\u03bf \u03c3\u03b5\u03c1\u03b2\u03b9\u03c4\u03c3\u03b9\u03bf \u03c4\u03b7\u03c2 \u03c6\u03c9\u03c4\u03bf \u03ba\u03b1\u03b9 \u03c0\u03c1\u03bf\u03b9\u03bf\u03bd\u03c4\u03b1 \u0391\u03a1\u0399\u03a3\u03a4\u039f\u039d\ud83d\ude0a\u2728\u2728\u2728\u2728\u2728","UserName":"tzeni_kara","Date":"Thu May 14 12:07:05 +0000 2015","icon":"http:\/\/pbs.twimg.com\/profile_images\/588084179054813186\/7t6Zj-bg_normal.jpg","BelongsTo":"\u039a\u0391\u03a1\u0391","size":"small","name":"basic-graph"}],"links":[{"source":1,"target":0},{"source":2,"target":0},{"source":3,"target":0},{"source":4,"target":0},{"source":5,"target":0},{"source":6,"target":0},{"source":7,"target":0},{"source":8,"target":0},{"source":9,"target":0},{"source":10,"target":0},{"source":11,"target":0},{"source":12,"target":0},{"source":13,"target":0}]}