{"nodes":[{"Tweet":"Deputy","UserName":"\u03a4\u03a3\u0399\u03a0\u03a1\u0391\u03a3","Date":"null","icon":"http:\/\/asset.tovima.gr\/vimawebstatic\/\/4FD08321545B960CB4040B951F17DB40.jpg","BelongsTo":"null","size":"big","name":"basic-graph"},{"Tweet":"\u03a4\u03b9 \u03c3\u03c5\u03bc\u03b2\u03bf\u03cd\u03bb\u03b5\u03c8\u03b5 \u03bf \u03a3\u03bf\u03c5\u03bb\u03c4\u03c2 \u03c4\u03bf\u03bd \u03a4\u03c3\u03af\u03c0\u03c1\u03b1","UserName":"karfitsa.gr","Date":"Thu May 14 07:58:05 +0000 2015","icon":"http:\/\/pbs.twimg.com\/profile_images\/378800000339753613\/75c4f77ba3a7120f9f08c8c02e421620_normal.png","BelongsTo":"\u03a4\u03a3\u0399\u03a0\u03a1\u0391\u03a3","size":"small","name":"basic-graph"},{"Tweet":"\u0393\u03b9\u03b1 \u00ab\u03b1\u03bc\u03bf\u03b9\u03b2\u03b1\u03af\u03b1 \u03b5\u03c0\u03c9\u03c6\u03b5\u03bb\u03ae \u03c3\u03c5\u03bc\u03c6\u03c9\u03bd\u03af\u03b1\u00bb: \u03a3\u03c5\u03bd\u03b5\u03c7\u03af\u03b6\u03b5\u03c4\u03b1\u03b9 \u03b7 \u03b4\u03b9\u03b1\u03c0\u03c1\u03b1\u03b3\u03bc\u03ac\u03c4\u03b5\u03c5\u03c3\u03b7 \u03c3\u03c4\u03bf Brussels Group (\u03b5\u03bd\u03b7\u03bc\u03ad\u03c1\u03c9\u03c3\u03b7)","UserName":"left.gr","Date":"Thu May 14 07:35:35 +0000 2015","icon":"http:\/\/pbs.twimg.com\/profile_images\/3112082968\/50abdb26e5264ee195bbea612e9c265e_normal.jpeg","BelongsTo":"\u03a4\u03a3\u0399\u03a0\u03a1\u0391\u03a3","size":"small","name":"basic-graph"},{"Tweet":"\u0397 \u039c\u03c0\u03b1\u03c1\u03bc\u03c0\u03b1\u03c1\u03b1 \u03a3\u03c0\u03b9\u03bd\u03b5\u03bb\u03b9 \u03b1\u03c0\u03bf\u03c7\u03c9\u03c1\u03b7\u03c3\u03b5 \u03b1\u03c0\u03bf \u03c4\u03b7\u03bd \u00abL' Altra Europa con Tsipras\u00bb \u03c4\u03b7\u03c2 \u0399\u03c4\u03b1\u03bb\u03b9\u03b1\u03c2 \u03b3\u03b9\u03b1\u03c4\u03b9 \"\u0397 \u03b1\u03bb\u03bb\u03b7 \u0395\u03c5\u03c1\u03c9\u03c0\u03b7 \u03b4\u03b5 \u03c3\u03c4\u03b5\u03ba\u03b5\u03c4\u03b1\u03b9 \u03c3\u03c4\u03bf \u03c5\u03c8\u03bf\u03c2 \u03c4\u03c9\u03bd \u2026","UserName":"\u0393\u03b9\u03ac\u03bd\u03b7\u03c2 \u0395\u03ba\u03b5\u03bb\u03b4\u03b5\u03ba\u03b5\u03c1\u03ad\u03c2","Date":"Thu May 14 07:04:38 +0000 2015","icon":"http:\/\/pbs.twimg.com\/profile_images\/378800000009941628\/9c32782a43aabd030e7edb4191842bb0_normal.jpeg","BelongsTo":"\u03a4\u03a3\u0399\u03a0\u03a1\u0391\u03a3","size":"small","name":"basic-graph"},{"Tweet":"\u0397 \u039c\u03c0\u03b1\u03c1\u03bc\u03c0\u03b1\u03c1\u03b1 \u03a3\u03c0\u03b9\u03bd\u03b5\u03bb\u03b9 \u03b1\u03c0\u03bf\u03c7\u03c9\u03c1\u03b7\u03c3\u03b5 \u03b1\u03c0\u03bf \u03c4\u03b7\u03bd \u00abL' Altra Europa con Tsipras\u00bb \u03c4\u03b7\u03c2 \u0399\u03c4\u03b1\u03bb\u03b9\u03b1\u03c2 \u03b3\u03b9\u03b1\u03c4\u03b9 \"\u0397 \u03b1\u03bb\u03bb\u03b7 \u0395\u03c5\u03c1\u03c9\u03c0\u03b7 \u03b4\u03b5 \u03c3\u03c4\u03b5\u03ba\u03b5\u03c4\u03b1\u03b9 \u03c3\u03c4\u03bf \u03c5\u03c8\u03bf\u03c2 \u03c4\u03c9\u03bd \u03c0\u03b5\u03c1\u03b9\u03c3\u03c4\u03b1\u03c3\u03b5\u03c9\u03bd\"","UserName":"stRela","Date":"Thu May 14 07:00:03 +0000 2015","icon":"http:\/\/pbs.twimg.com\/profile_images\/592281622772318208\/04i0ut0n_normal.jpg","BelongsTo":"\u03a4\u03a3\u0399\u03a0\u03a1\u0391\u03a3","size":"small","name":"basic-graph"},{"Tweet":"\u03a3\u03bf\u03c5\u03bb\u03c4\u03c2 \u03c3\u03b5 \u03a4\u03c3\u03af\u03c0\u03c1\u03b1: \u0391\u03c0\u03bf\u03b4\u03ad\u03be\u03bf\u03c5 \u03c4\u03b5\u03bb\u03b9\u03ba\u03ac \u03cc\u03c4\u03b9 \u03bf\u03b9 \u03ac\u03bd\u03b8\u03c1\u03c9\u03c0\u03bf\u03b9 \u03b8\u03ad\u03bb\u03bf\u03c5\u03bd \u03bd\u03b1 \u03c3\u03b1\u03c2 \u03b2\u03bf\u03b7\u03b8\u03ae\u03c3\u03bf\u03c5\u03bd","UserName":"Antenna News","Date":"Thu May 14 06:56:16 +0000 2015","icon":"http:\/\/pbs.twimg.com\/profile_images\/522717332980776962\/Ad9VZLaz_normal.jpeg","BelongsTo":"\u03a4\u03a3\u0399\u03a0\u03a1\u0391\u03a3","size":"small","name":"basic-graph"},{"Tweet":"O T\u03c3\u03af\u03c0\u03c1\u03b1\u03c2 \u00ab\u03b1\u03bd\u03c4\u03b9\u03ba\u03b1\u03b8\u03b9\u03c3\u03c4\u03ac\u00bb \u03c4\u03bf\u03bd \u03a3\u03c4\u03bf\u03c5\u03c1\u03bd\u03ac\u03c1\u03b1 \u03bc\u03b5 \u03c4\u03bf\u03bd \u039b\u03bf\u03c5\u03ba\u03b9\u03b1\u03bd\u03cc \u039a\u03b7\u03bb\u03b1\u03b7\u03b4\u03cc\u03bd\u03b7 [\u03c3\u03ba\u03af\u03c4\u03c3\u03bf] | iefimerida.gr -","UserName":"Nick Romanos","Date":"Thu May 14 06:32:54 +0000 2015","icon":"http:\/\/pbs.twimg.com\/profile_images\/544424815290249216\/y4ij_bfn_normal.jpeg","BelongsTo":"\u03a4\u03a3\u0399\u03a0\u03a1\u0391\u03a3","size":"small","name":"basic-graph"},{"Tweet":"\u00ab\u0395\u03bc\u03b5\u03af\u03c2 \u03c0\u03bf\u03c4\u03ad \u03b4\u03b5\u03bd \u03b5\u03af\u03c0\u03b1\u03bc\u03b5 \u03cc\u03c4\u03b9 \u03b8\u03b1 \u03c3\u03ba\u03af\u03c3\u03bf\u03c5\u03bc\u03b5 \u03c4\u03b1 \u03bc\u03bd\u03b7\u03bc\u03cc\u03bd\u03b9\u03b1\u00bb \u03bb\u03ad\u03b5\u03b9 \u03bf \u039c\u03c0\u03b1\u03bb\u03ac\u03c6\u03b1\u03c2 \u2013 \u00ab\u0398\u03b1 \u03c3\u03ba\u03af\u03c3\u03bf\u03c5\u03bc\u03b5 \u03c4\u03b1 \u03bc\u03bd\u03b7\u03bc\u03cc\u03bd\u03b9\u03b1 ... -","UserName":"Athens Greece New","Date":"Thu May 14 05:16:22 +0000 2015","icon":"http:\/\/pbs.twimg.com\/profile_images\/2192558260\/athensipad_normal.png","BelongsTo":"\u03a4\u03a3\u0399\u03a0\u03a1\u0391\u03a3","size":"small","name":"basic-graph"},{"Tweet":"\u03a0\u03c1\u03cc\u03c4\u03b1\u03c3\u03b7 \u03bd\u03b1 \u03bc\u03b9\u03bb\u03ae\u03c3\u03b5\u03b9 \u03bf \u03a4\u03c3\u03af\u03c0\u03c1\u03b1\u03c2 \u03c3\u03c4\u03bf \u0395\u03c5\u03c1\u03c9\u03ba\u03bf\u03b9\u03bd\u03bf\u03b2\u03bf\u03cd\u03bb\u03b9\u03bf \u03b3\u03b9\u03b1 \u03c4\u03b9\u03c2 \u03b4\u03b9\u03b1\u03c0\u03c1\u03b1\u03b3\u03bc\u03b1\u03c4\u03b5\u03cd\u03c3\u03b5\u03b9\u03c2 -","UserName":"Athens Greece New","Date":"Thu May 14 05:16:00 +0000 2015","icon":"http:\/\/pbs.twimg.com\/profile_images\/2192558260\/athensipad_normal.png","BelongsTo":"\u03a4\u03a3\u0399\u03a0\u03a1\u0391\u03a3","size":"small","name":"basic-graph"},{"Tweet":"\u039f \u03a4\u03c3\u03af\u03c0\u03c1\u03b1\u03c2 \u03be\u03ad\u03c7\u03b1\u03c3\u03b5 \u03c4\u03bf \u03b4\u03b7\u03bc\u03bf\u03c8\u03ae\u03c6\u03b9\u03c3\u03bc\u03b1 \u03ba\u03b1\u03b9 \u03c8\u03ac\u03c7\u03bd\u03b5\u03b9 \u03b3\u03b9\u03b1 \u03c3\u03c5\u03bc\u03c6\u03c9\u03bd\u03af\u03b1 -","UserName":"Athens Greece New","Date":"Thu May 14 05:15:45 +0000 2015","icon":"http:\/\/pbs.twimg.com\/profile_images\/2192558260\/athensipad_normal.png","BelongsTo":"\u03a4\u03a3\u0399\u03a0\u03a1\u0391\u03a3","size":"small","name":"basic-graph"},{"Tweet":"De Telegraaf: \u0391\u03bd \u03bf \u03a4\u03c3\u03af\u03c0\u03c1\u03b1\u03c2 \u03b4\u03b5\u03bd \u03c5\u03c0\u03bf\u03c7\u03c9\u03c1\u03ae\u03c3\u03b5\u03b9, \u03b8\u03b1 \u03c1\u03af\u03be\u03b5\u03b9 \u03c4\u03b7\u03bd \u0395\u03bb\u03bb\u03ac\u03b4\u03b1 \u03c3\u03c4\u03bf \u03c7\u03ac\u03bf\u03c2 \u03c0\u03c1\u03b9\u03bd \u03b1\u03c0\u03cc \u03c4\u03bf \u03ba\u03b1\u03bb\u03bf\u03ba\u03b1\u03af\u03c1\u03b9 -","UserName":"Athens Greece New","Date":"Thu May 14 05:15:26 +0000 2015","icon":"http:\/\/pbs.twimg.com\/profile_images\/2192558260\/athensipad_normal.png","BelongsTo":"\u03a4\u03a3\u0399\u03a0\u03a1\u0391\u03a3","size":"small","name":"basic-graph"},{"Tweet":"SOS \u03b3\u03b9\u03b1 \u03bc\u03b1\u03b8\u03b7\u03c4\u03ad\u03c2 \u03c0\u03ad\u03bd\u03c4\u03b5 \u03c3\u03c7\u03bf\u03bb\u03b9\u03ba\u03ce\u03bd \u03bc\u03bf\u03bd\u03ac\u03b4\u03c9\u03bd \u03c4\u03bf\u03c5 \u0394\u03ae\u03bc\u03bf\u03c5 \u03a0\u03b1\u03cd\u03bb\u03bf\u03c5 \u039c\u03b5\u03bb\u03ac","UserName":"LaSTofTRoiKaNS","Date":"Thu May 14 04:54:42 +0000 2015","icon":"http:\/\/pbs.twimg.com\/profile_images\/551495231158243328\/vxAjdo6-_normal.jpeg","BelongsTo":"\u03a4\u03a3\u0399\u03a0\u03a1\u0391\u03a3","size":"small","name":"basic-graph"},{"Tweet":"\u03a0\u03bf\u03cd \u03c3\u03c4\u03b7\u03bd \u03b5\u03c5\u03c7\u03ae \u03c4\u03bf\u03c5\u03c2 \u03b2\u03c1\u03ae\u03ba\u03b5 \u03bf \u03a4\u03c3\u03af\u03c0\u03c1\u03b1\u03c2 \u03cc\u03bb\u03bf\u03c5\u03c2 \u03b1\u03c5\u03c4\u03bf\u03cd\u03c2 \u03c4\u03bf\u03c5\u03c2 \u03b1\u03c0\u03af\u03b8\u03b1\u03bd\u03bf\u03c5\u03c2 \u03c4\u03cd\u03c0\u03bf\u03c5\u03c2;","UserName":"spiridakis pantelis","Date":"Thu May 14 04:48:17 +0000 2015","icon":"http:\/\/pbs.twimg.com\/profile_images\/378800000838331653\/6ce8f152bf38b7893b84858dd70f9f89_normal.jpeg","BelongsTo":"\u03a4\u03a3\u0399\u03a0\u03a1\u0391\u03a3","size":"small","name":"basic-graph"},{"Tweet":"\u0395\u03c1\u03b3\u03b1\u03b6\u03cc\u03bc\u03b5\u03bd\u03bf\u03c5\u03c2 \u03c4\u03bf\u03c5 \u0391\u03a7\u0395\u03a0\u0391 \u03b2\u03bb\u03ad\u03c0\u03b5\u03b9 \u03bf \u03a4\u03c3\u03af\u03c0\u03c1\u03b1\u03c2","UserName":"Top7news","Date":"Thu May 14 04:37:14 +0000 2015","icon":"http:\/\/pbs.twimg.com\/profile_images\/3334681280\/16d7833bc7f8b0cf0fe2c21c6cdf9f9a_normal.png","BelongsTo":"\u03a4\u03a3\u0399\u03a0\u03a1\u0391\u03a3","size":"small","name":"basic-graph"}],"links":[{"source":1,"target":0},{"source":2,"target":0},{"source":3,"target":0},{"source":4,"target":0},{"source":5,"target":0},{"source":6,"target":0},{"source":7,"target":0},{"source":8,"target":0},{"source":9,"target":0},{"source":10,"target":0},{"source":11,"target":0},{"source":12,"target":0},{"source":13,"target":0}]}