{"nodes":[{"Tweet":"Deputy","UserName":"\u039e\u03a5\u0394\u0391\u039a\u0397\u03a3","Date":"null","icon":"https:\/\/odikosmaskavafis.files.wordpress.com\/2014\/03\/ksidakis2.jpg","BelongsTo":"null","size":"big","name":"basic-graph"},{"Tweet":"\u039f \u039e\u03c5\u03b4\u03ac\u03ba\u03b7\u03c2 \u03b5\u03bd\u03b7\u03bc\u03b5\u03c1\u03ce\u03bd\u03b5\u03b9 \u03b3\u03b9\u03b1 \u03c4\u03b9\u03c2 \u03b5\u03bd\u03ad\u03c1\u03b3\u03b5\u03b9\u03b5\u03c2 \u03c4\u03bf\u03c5 \u03c5\u03c0\u03bf\u03c5\u03c1\u03b3\u03b5\u03af\u03bf\u03c5 \u03a0\u03bf\u03bb\u03b9\u03c4\u03b9\u03c3\u03bc\u03bf\u03cd \u03c3\u03c4\u03b7\u03bd \u0391\u03bc\u03c6\u03af\u03c0\u03bf\u03bb\u03b7: \u03a0\u03c1\u03ce\u03c4\u03b1 \u03b8\u03b1\u2026","UserName":"E WEB TV","Date":"Mon May 18 11:24:43 +0000 2015","icon":"http:\/\/pbs.twimg.com\/profile_images\/1514425688\/ewebtvlogo75x75_normal.jpg","BelongsTo":"\u039e\u03a5\u0394\u0391\u039a\u0397\u03a3","size":"small","name":"basic-graph"},{"Tweet":"\u039f \u039e\u03c5\u03b4\u03ac\u03ba\u03b7\u03c2 \u03b5\u03bd\u03b7\u03bc\u03b5\u03c1\u03ce\u03bd\u03b5\u03b9 \u03b3\u03b9\u03b1 \u03c4\u03b9\u03c2 \u03b5\u03bd\u03ad\u03c1\u03b3\u03b5\u03b9\u03b5\u03c2 \u03c4\u03bf\u03c5 \u03c5\u03c0\u03bf\u03c5\u03c1\u03b3\u03b5\u03af\u03bf\u03c5 \u03a0\u03bf\u03bb\u03b9\u03c4\u03b9\u03c3\u03bc\u03bf\u03cd \u03c3\u03c4\u03b7\u03bd \u0391\u03bc\u03c6\u03af\u03c0\u03bf\u03bb\u03b7","UserName":"E WEB TV","Date":"Mon May 18 11:16:03 +0000 2015","icon":"http:\/\/pbs.twimg.com\/profile_images\/1514425688\/ewebtvlogo75x75_normal.jpg","BelongsTo":"\u039e\u03a5\u0394\u0391\u039a\u0397\u03a3","size":"small","name":"basic-graph"},{"Tweet":"\u039e\u03c5\u03b4\u03ac\u03ba\u03b7\u03c2 \u03b3\u03b9\u03b1 \u0391\u03bc\u03c6\u03af\u03c0\u03bf\u03bb\u03b7: \u03a0\u03c1\u03bf\u03ad\u03c7\u03b5\u03b9 \u03b7 \u03c0\u03c1\u03bf\u03c3\u03c4\u03b1\u03c3\u03af\u03b1 \u03c4\u03bf\u03c5 \u03b1\u03c1\u03c7\u03b1\u03af\u03bf\u03c5 \u03c4\u03ac\u03c6\u03bf\u03c5","UserName":"Paris Hatzievagelou","Date":"Mon May 18 10:28:57 +0000 2015","icon":"http:\/\/pbs.twimg.com\/profile_images\/557473320635887617\/zTZTQoxj_normal.jpeg","BelongsTo":"\u039e\u03a5\u0394\u0391\u039a\u0397\u03a3","size":"small","name":"basic-graph"},{"Tweet":"\u039e\u03c5\u03b4\u03ac\u03ba\u03b7\u03c2 \u03b3\u03b9\u03b1 \u0391\u03bc\u03c6\u03af\u03c0\u03bf\u03bb\u03b7: \u03a0\u03c1\u03bf\u03ad\u03c7\u03b5\u03b9 \u03b7 \u03c0\u03c1\u03bf\u03c3\u03c4\u03b1\u03c3\u03af\u03b1 \u03c4\u03bf\u03c5 \u03b1\u03c1\u03c7\u03b1\u03af\u03bf\u03c5 \u03c4\u03ac\u03c6\u03bf\u03c5 :: left.gr","UserName":"\u039a\u03b1\u03c4\u03b5\u03c1\u03af\u03bd\u03b1  \u03a0\u03bf\u03bb\u03cd\u03b6\u03bf\u03c5","Date":"Mon May 18 10:02:05 +0000 2015","icon":"http:\/\/pbs.twimg.com\/profile_images\/2847541747\/2f87d8cbf5e678794a6a20a91f36b710_normal.jpeg","BelongsTo":"\u039e\u03a5\u0394\u0391\u039a\u0397\u03a3","size":"small","name":"basic-graph"},{"Tweet":"\u039e\u03c5\u03b4\u03ac\u03ba\u03b7\u03c2 \u03b3\u03b9\u03b1 \u0391\u03bc\u03c6\u03af\u03c0\u03bf\u03bb\u03b7: \u03a0\u03c1\u03bf\u03ad\u03c7\u03b5\u03b9 \u03b7 \u03c0\u03c1\u03bf\u03c3\u03c4\u03b1\u03c3\u03af\u03b1 \u03c4\u03bf\u03c5 \u03b1\u03c1\u03c7\u03b1\u03af\u03bf\u03c5 \u03c4\u03ac\u03c6\u03bf\u03c5...","UserName":"\u03b5\u03c6\u03b7\u03bc\u03b5\u03c1\u03af\u03b4\u03b1 \u03b4\u03b7\u03bc\u03bf\u03ba\u03c1\u03b1\u03c4\u03af\u03b1","Date":"Mon May 18 10:01:26 +0000 2015","icon":"http:\/\/pbs.twimg.com\/profile_images\/2158837848\/Capture_normal.JPG","BelongsTo":"\u039e\u03a5\u0394\u0391\u039a\u0397\u03a3","size":"small","name":"basic-graph"},{"Tweet":"\u0394\u03b5\u03c2 \u03b5\u03b4\u03c9.","UserName":"anestis","Date":"Mon May 18 08:50:06 +0000 2015","icon":"http:\/\/pbs.twimg.com\/profile_images\/554334135494643713\/OfKLoBX6_normal.jpeg","BelongsTo":"\u039e\u03a5\u0394\u0391\u039a\u0397\u03a3","size":"small","name":"basic-graph"},{"Tweet":"\u03a4\u03bf\u03c0\u03bf\u03b8\u03b5\u03c4\u03ae\u03b8\u03b7\u03ba\u03b5 \u03c4\u03bf \u03c0\u03c1\u03ce\u03c4\u03bf \u03b3\u03bb\u03c5\u03c0\u03c4\u03cc \u03c3\u03c4\u03bf \u03bd\u03ad\u03bf \u039c\u03bf\u03c5\u03c3\u03b5\u03af\u03bf \u03a3\u03cd\u03b3\u03c7\u03c1\u03bf\u03bd\u03b7\u03c2 \u03a4\u03ad\u03c7\u03bd\u03b7\u03c2 \u03b1\u03c0\u03cc \u03c4\u03b7\u03bd \u03ba\u03c5\u03b2\u03ad\u03c1\u03bd\u03b7\u03c3\u03b7 - \u03b5\u03b9\u03ba\u03b1\u03c3\u03c4\u03b9\u03ba\u03cc \u03b4\u03c1\u03ce\u03bc\u03b5\u03bd\u03bf ht\u2026","UserName":"\u0393\u03b9\u03ce\u03c1\u03b3\u03bf\u03c2 \u03a8\u03b1\u03b8\u03ad\u03c1\u03b7\u03c2","Date":"Sun May 17 18:52:48 +0000 2015","icon":"http:\/\/pbs.twimg.com\/profile_images\/3671236567\/e211cda3aa48163fc35a48c7964edd47_normal.jpeg","BelongsTo":"\u039e\u03a5\u0394\u0391\u039a\u0397\u03a3","size":"small","name":"basic-graph"},{"Tweet":"\u03a0\u03bf\u03b9\u03cc\u03bd \u03bd\u03b1 \u03c0\u03c1\u03c9\u03c4\u03bf\u03c0\u03c1\u03bf\u03bb\u03ac\u03b2\u03b5\u03b9 \u03bd\u03b1 \u03b2\u03bf\u03b7\u03b8\u03ae\u03c3\u03b5\u03b9 \u03c0\u03c7\u03b9\u03ac \u03ba\u03b9 \u03b1\u03c5\u03c4\u03ae \u03b7 \u03a4\u03bf\u03bd \u03c0\u03bf\u03c5\u03c1\u03bf\u03c6\u03cc\u03c1\u03bf \u03c5\u03c0\u03bf\u03c5\u03c1\u03b3\u03cc \u03ae \u03c4\u03b7 http\u2026","UserName":"Ioannis Zografos","Date":"Sun May 17 17:17:06 +0000 2015","icon":"http:\/\/pbs.twimg.com\/profile_images\/562944050836172800\/jilWWc4W_normal.jpeg","BelongsTo":"\u039e\u03a5\u0394\u0391\u039a\u0397\u03a3","size":"small","name":"basic-graph"},{"Tweet":"\u039b\u03c5\u03c3\u03c3\u03ac\u03be\u03b1\u03c4\u03b5 \u03bc\u03b5 \u03c4\u03bf\u03bd \u039e\u03c5\u03b4\u03ac\u03ba\u03b7 \u03ba\u03b1\u03b9 \u03c4\u03bf \u03c4\u03c3\u03b9\u03b3\u03ac\u03c1\u03bf \u03c4\u03bf\u03c5. \u039c\u03b9\u03b1 \u03bc\u03b1\u03bb\u03b1\u03ba\u03af\u03b1 \u03ad\u03ba\u03b1\u03bd\u03b5 \u03b6\u03ae\u03c4\u03b7\u03c3\u03b5 \u03c3\u03c5\u03b3\u03b3\u03bd\u03ce\u03bc\u03b7 \u03bf \u03ac\u03bd\u03b8\u03c1\u03c9\u03c0\u03bf\u03c2. \u0391\u03bc\u03ac\u03bd.","UserName":"JoBlack","Date":"Sun May 17 14:32:53 +0000 2015","icon":"http:\/\/pbs.twimg.com\/profile_images\/416352327029649408\/ulWqlsDv_normal.png","BelongsTo":"\u039e\u03a5\u0394\u0391\u039a\u0397\u03a3","size":"small","name":"basic-graph"},{"Tweet":"\u039f \u03c5\u03c0\u03bf\u03c5\u03c1\u03b3\u03cc\u03c2 \u039d\u03af\u03ba\u03bf\u03c2 \u039e\u03c5\u03b4\u03ac\u03ba\u03b7\u03c2 \u03bc\u03b9\u03bb\u03ac\u03b5\u03b9 \u03b3\u03b9\u03b1 \u03ba\u03b1\u03c4\u03ac\u03bb\u03c5\u03c3\u03b7 \u03c4\u03b7\u03c2 \u03b4\u03b7\u03bc\u03bf\u03ba\u03c1\u03b1\u03c4\u03af\u03b1\u03c2!","UserName":"karras_ kostas","Date":"Sun May 17 12:46:07 +0000 2015","icon":"http:\/\/pbs.twimg.com\/profile_images\/531436562819465216\/FuEq1Hqi_normal.jpeg","BelongsTo":"\u039e\u03a5\u0394\u0391\u039a\u0397\u03a3","size":"small","name":"basic-graph"},{"Tweet":"O N\u03af\u03ba\u03bf\u03c2 \u039e\u03c5\u03b4\u03ac\u03ba\u03b7\u03c2 \u03b1\u03c0\u03bf\u03ba\u03bb\u03b5\u03b9\u03c3\u03c4\u03b9\u03ba\u03ac \u03c3\u03c4\u03b7 HuffPost Greece: \u03a4\u03b1 \u03b3\u03bb\u03c5\u03c0\u03c4\u03ac \u03c4\u03bf\u03c5 \u03a0\u03b1\u03c1\u03b8\u03b5\u03bd\u03ce\u03bd\u03b1, \u03b7 \u0391\u03bc\u03c6\u03af\u03c0\u03bf\u03bb\u03b7, \u03c4\u03bf \u0395\u039c\u03a3\u03a4, \u03b7 \u03c5\u03c0\u03cc\u03b8\u03b5\u03c3\u03b7 \u03a7\u03b1\u03c4\u03b6\u03ac\u03ba\u03b7","UserName":"Sophia Papaioannou","Date":"Sun May 17 12:39:42 +0000 2015","icon":"http:\/\/pbs.twimg.com\/profile_images\/530673697019789313\/9UctkOII_normal.jpeg","BelongsTo":"\u039e\u03a5\u0394\u0391\u039a\u0397\u03a3","size":"small","name":"basic-graph"},{"Tweet":"N\u03af\u03ba\u03bf\u03c2 \u039e\u03c5\u03b4\u03ac\u03ba\u03b7\u03c2 \u03bc\u03b9\u03bb\u03ac \u03c3\u03c4\u03b7 HuffPost Greece: \u03a4\u03b1 \u03b3\u03bb\u03c5\u03c0\u03c4\u03ac \u03c4\u03bf\u03c5 \u03a0\u03b1\u03c1\u03b8\u03b5\u03bd\u03ce\u03bd\u03b1, \u03b7 \u0391\u03bc\u03c6\u03af\u03c0\u03bf\u03bb\u03b7, \u03c4\u03bf \u0395\u039c\u03a3\u03a4 \u03ba\u03b1\u03b9 \u03b7 \u03c5\u03c0\u03cc\u03b8\u03b5\u03c3\u03b7 \u03a7\u03b1\u03c4\u03b6\u03ac\u03ba\u03b7","UserName":"InsidEuropePress","Date":"Sun May 17 12:24:49 +0000 2015","icon":"http:\/\/pbs.twimg.com\/profile_images\/433262323542016000\/-FCpWoOE_normal.jpeg","BelongsTo":"\u039e\u03a5\u0394\u0391\u039a\u0397\u03a3","size":"small","name":"basic-graph"}],"links":[{"source":1,"target":0},{"source":2,"target":0},{"source":3,"target":0},{"source":4,"target":0},{"source":5,"target":0},{"source":6,"target":0},{"source":7,"target":0},{"source":8,"target":0},{"source":9,"target":0},{"source":10,"target":0},{"source":11,"target":0},{"source":12,"target":0}]}