{"nodes":[{"Tweet":"Deputy","UserName":"\u03a4\u03a3\u0399\u03a0\u03a1\u0391\u03a3","Date":"null","icon":"http:\/\/asset.tovima.gr\/vimawebstatic\/\/4FD08321545B960CB4040B951F17DB40.jpg","BelongsTo":"null","size":"big","name":"basic-graph"},{"Tweet":"\u0394\u0395\u039d \u039e\u0395\u03a1\u03a9 \u0391\u039d \u0395\u0399\u03a7\u0391\u03a4\u0395 \u0391\u03a6\u0399\u0392\u039f\u039b\u038a\u0391 \u0389 \u0391\u03a0\u039f\u03a1\u0399\u0391...\u039f \u0391\u03bb\u03ad\u03be\u03b7\u03c2 \u03a4\u03c3\u03af\u03c0\u03c1\u03b1\u03c2 \u03c3\u03c4\u03bf\u03c5\u03c2 15 \u03c0\u03b9\u03bf \u03c3\u03ad\u03be\u03b9 \u03b7\u03b3\u03ad\u03c4\u03b5\u03c2 \u03c4\u03bf\u03c5 \u03ba\u03cc\u03c3\u03bc\u03bf\u03c5","UserName":"Haido Georgiou","Date":"Mon May 18 11:58:59 +0000 2015","icon":"http:\/\/pbs.twimg.com\/profile_images\/573552379343167488\/3EKsPA3h_normal.jpeg","BelongsTo":"\u03a4\u03a3\u0399\u03a0\u03a1\u0391\u03a3","size":"small","name":"basic-graph"},{"Tweet":"\u0397 \u03b3\u03b5\u03c1\u03bc\u03b1\u03bd\u03b9\u03ba\u03ae \u03b5\u03c6\u03b7\u03bc\u03b5\u03c1\u03af\u03b4\u03b1 \u03c0\u03bf\u03c5 \"\u03b5\u03cd\u03c7\u03b5\u03c4\u03b1\u03b9\" \u03bd\u03b1 \u03b1\u03c0\u03bf\u03c4\u03cd\u03c7\u03b5\u03b9 \u03bf \u03a4\u03c3\u03af\u03c0\u03c1\u03b1\u03c2 -","UserName":"\u039a\u03ce\u03c3\u03c4\u03b1\u03c2 \u03a7\u03bf\u03bb\u03ad\u03b2\u03b1\u03c2","Date":"Mon May 18 11:58:25 +0000 2015","icon":"http:\/\/pbs.twimg.com\/profile_images\/509054935351037952\/FwpuGZNe_normal.jpeg","BelongsTo":"\u03a4\u03a3\u0399\u03a0\u03a1\u0391\u03a3","size":"small","name":"basic-graph"},{"Tweet":"\u03a4\u03c3\u03af\u03c0\u03c1\u03b1\u03c2: \u0397 \u0395\u03a1\u03a4 \u03b1\u03bd\u03bf\u03af\u03b3\u03b5\u03b9 \u03c4\u03b7\u03bd \u03b5\u03c1\u03c7\u03cc\u03bc\u03b5\u03bd\u03b7 \u0394\u03b5\u03c5\u03c4\u03ad\u03c1\u03b1 -","UserName":"\u039a\u03ce\u03c3\u03c4\u03b1\u03c2 \u03a7\u03bf\u03bb\u03ad\u03b2\u03b1\u03c2","Date":"Mon May 18 11:58:17 +0000 2015","icon":"http:\/\/pbs.twimg.com\/profile_images\/509054935351037952\/FwpuGZNe_normal.jpeg","BelongsTo":"\u03a4\u03a3\u0399\u03a0\u03a1\u0391\u03a3","size":"small","name":"basic-graph"},{"Tweet":"\u0395\u03c0\u03b1\u03bd\u03b1\u03bb\u03b5\u03b9\u03c4\u03bf\u03c5\u03c1\u03b3\u03b5\u03af \u03b7 \u0395\u03a1\u03a4 \u03c3\u03c4\u03b9\u03c2 25 \u039c\u03b1\u0390\u03bf\u03c5","UserName":"Dialogos","Date":"Mon May 18 11:58:07 +0000 2015","icon":"http:\/\/pbs.twimg.com\/profile_images\/578880992502366209\/Q_WA8E9K_normal.png","BelongsTo":"\u03a4\u03a3\u0399\u03a0\u03a1\u0391\u03a3","size":"small","name":"basic-graph"},{"Tweet":"\u0394\u03c5\u03c3\u03c4\u03c5\u03c7\u03ce\u03c2, \u03c0\u03b5\u03c1\u03b9\u03b3\u03c1\u03ac\u03c6\u03b5\u03b9 \u03c4\u03b7\u03bd \u03c0\u03c1\u03b1\u03b3\u03bc\u03b1\u03c4\u03b9\u03ba\u03cc\u03c4\u03b7\u03c4\u03b1... - FAZ: \u039c\u03cc\u03bd\u03b7 \u03bb\u03cd\u03c3\u03b7 \u03b7 \u03b1\u03c0\u03bf\u03c7\u03ce\u03c1\u03b7\u03c3\u03b7 \u03a4\u03c3\u03af\u03c0\u03c1\u03b1 \u03c0\u03c1\u03b9\u03bd \u03c4\u03b7\u03bd \u03ba\u03b1\u03c4\u03ac\u03c1\u03c1\u03b5\u03c5\u03c3\u03b7 via\u2026","UserName":"bloodofayoungwolf","Date":"Mon May 18 11:58:03 +0000 2015","icon":"http:\/\/pbs.twimg.com\/profile_images\/589320414297513984\/TsNns6DQ_normal.jpg","BelongsTo":"\u03a4\u03a3\u0399\u03a0\u03a1\u0391\u03a3","size":"small","name":"basic-graph"},{"Tweet":"\u03a4\u03c3\u03af\u03c0\u03c1\u03b1\u03c2: E\u03c0\u03af\u03c3\u03b7\u03bc\u03b7 \u03b5\u03c0\u03b1\u03bd\u03b1\u03bb\u03b5\u03b9\u03c4\u03bf\u03c5\u03c1\u03b3\u03af\u03b1 \u0395\u03a1\u03a4 \u03c3\u03c4\u03b9\u03c2 25 \u039c\u03b1\u0390\u03bf\u03c5","UserName":"24h.com.cy","Date":"Mon May 18 11:57:37 +0000 2015","icon":"http:\/\/pbs.twimg.com\/profile_images\/592612755271618561\/0-VH31Be_normal.png","BelongsTo":"\u03a4\u03a3\u0399\u03a0\u03a1\u0391\u03a3","size":"small","name":"basic-graph"},{"Tweet":"\u03a4\u03c3\u03af\u03c0\u03c1\u03b1\u03c2: \u0391\u03bd\u03bf\u03af\u03b3\u03b5\u03b9 \u03c4\u03b7 \u0394\u03b5\u03c5\u03c4\u03ad\u03c1\u03b1 \u03b7 \u0395\u03a1\u03a4","UserName":"Manolis Koutselakis","Date":"Mon May 18 11:56:24 +0000 2015","icon":"http:\/\/pbs.twimg.com\/profile_images\/438735134754631681\/he1IH0F8_normal.jpeg","BelongsTo":"\u03a4\u03a3\u0399\u03a0\u03a1\u0391\u03a3","size":"small","name":"basic-graph"},{"Tweet":"\u0391\u03c5\u03c4\u03cc \u03bc\u03b5 \u03c4\u03bf\u03bd \u03a4\u03b1\u03b3\u03bc\u03b1\u03c4\u03ac\u03c1\u03c7\u03b7 \u03cc\u03c3\u03b5\u03c2 \u03c6\u03bf\u03c1\u03ad\u03c2 \u03ba\u03b1\u03b9 \u03bd\u03b1 \u03c4\u03bf \u03b4\u03b9\u03b1\u03b2\u03ac\u03c3\u03c9... \u0391 \u03c1\u03b5, \u00ab\u03c0\u03c1\u03ce\u03c4\u03b7 \u03c6\u03bf\u03c1\u03ac \u03b1\u03c1\u03b9\u03c3\u03c4\u03b5\u03c1\u03ac\u00bb...","UserName":"\u039c\u03c0\u03c5\u03c1\u03ae\u03c2","Date":"Mon May 18 11:56:09 +0000 2015","icon":"http:\/\/pbs.twimg.com\/profile_images\/3420625077\/4641b70b2bb5a566fdd6a8e6918048b2_normal.jpeg","BelongsTo":"\u03a4\u03a3\u0399\u03a0\u03a1\u0391\u03a3","size":"small","name":"basic-graph"},{"Tweet":"\u03a4\u03c3\u03af\u03c0\u03c1\u03b1\u03c2: \u0391\u03bd\u03bf\u03af\u03b3\u03b5\u03b9 \u03c4\u03b7\u03bd \u03b5\u03c0\u03cc\u03bc\u03b5\u03bd\u03b7 \u0394\u03b5\u03c5\u03c4\u03ad\u03c1\u03b1 \u03b7 \u0395\u03a1\u03a4...","UserName":"\u03b5\u03c6\u03b7\u03bc\u03b5\u03c1\u03af\u03b4\u03b1 \u03b4\u03b7\u03bc\u03bf\u03ba\u03c1\u03b1\u03c4\u03af\u03b1","Date":"Mon May 18 11:52:56 +0000 2015","icon":"http:\/\/pbs.twimg.com\/profile_images\/2158837848\/Capture_normal.JPG","BelongsTo":"\u03a4\u03a3\u0399\u03a0\u03a1\u0391\u03a3","size":"small","name":"basic-graph"},{"Tweet":"\u0391\u03bb. \u03a4\u03c3\u03af\u03c0\u03c1\u03b1\u03c2: \u0391\u03bd\u03bf\u03af\u03b3\u03b5\u03b9 \u03b7 \u0395\u03a1\u03a4 \u03c4\u03b7\u03bd \u03b5\u03c1\u03c7\u03cc\u03bc\u03b5\u03bd\u03b7 \u0394\u03b5\u03c5\u03c4\u03ad\u03c1\u03b1","UserName":"AgroticaNews","Date":"Mon May 18 11:50:34 +0000 2015","icon":"http:\/\/pbs.twimg.com\/profile_images\/585099313493233666\/yCGzNQP-_normal.jpg","BelongsTo":"\u03a4\u03a3\u0399\u03a0\u03a1\u0391\u03a3","size":"small","name":"basic-graph"},{"Tweet":"\u03a3\u03c4\u03b1 hot topics \u03c4\u03c9\u03bd blogs \u03c4\u03bf \"\u03c3\u03c7\u03ae\u03bc\u03b1 \u03bb\u03cc\u03b3\u03bf\u03c5\" \u03c4\u03b7\u03c2 Z\u03c9\u03ae\u03c2...\u0394\u03b5\u03af\u03c4\u03b5 \u03cc\u03bb\u03b1 \u03c4\u03b1 \u03ac\u03c1\u03b8\u03c1\u03b1!","UserName":"Palo","Date":"Mon May 18 11:50:19 +0000 2015","icon":"http:\/\/pbs.twimg.com\/profile_images\/80423903\/palo_twitter_normal.png","BelongsTo":"\u03a4\u03a3\u0399\u03a0\u03a1\u0391\u03a3","size":"small","name":"basic-graph"},{"Tweet":"\u03a4\u03c3\u03af\u03c0\u03c1\u03b1\u03c2: \u00ab\u03a4\u03b7\u03bd \u03b5\u03c0\u03cc\u03bc\u03b5\u03bd\u03b7 \u0394\u03b5\u03c5\u03c4\u03ad\u03c1\u03b1 \u03b1\u03bd\u03bf\u03af\u03b3\u03b5\u03b9 \u03b7 \u0395\u03a1\u03a4\u00bb","UserName":"kkonstantopoulos","Date":"Mon May 18 11:48:48 +0000 2015","icon":"http:\/\/pbs.twimg.com\/profile_images\/2259624073\/myphotos1_normal.jpg","BelongsTo":"\u03a4\u03a3\u0399\u03a0\u03a1\u0391\u03a3","size":"small","name":"basic-graph"},{"Tweet":"broadcasting Grexit live...\u201c \u03a4\u03c3\u03af\u03c0\u03c1\u03b1\u03c2: \u0397 \u0395\u03a1\u03a4 \u03b1\u03bd\u03bf\u03af\u03b3\u03b5\u03b9 \u03c4\u03b7\u03bd \u03b5\u03c0\u03cc\u03bc\u03b5\u03bd\u03b7 \u0394\u03b5\u03c5\u03c4\u03ad\u03c1\u03b1","UserName":"kate_ar","Date":"Mon May 18 11:46:29 +0000 2015","icon":"http:\/\/pbs.twimg.com\/profile_images\/596418787936731136\/kKloLKTQ_normal.jpg","BelongsTo":"\u03a4\u03a3\u0399\u03a0\u03a1\u0391\u03a3","size":"small","name":"basic-graph"},{"Tweet":"\u0394\u03b5\u03bd \u03b1\u03c0\u03bf\u03ba\u03bb\u03b5\u03af\u03b5\u03b9 \u03c3\u03c5\u03bd\u03ac\u03bd\u03c4\u03b7\u03c3\u03b7 \u03a4\u03c3\u03af\u03c0\u03c1\u03b1-\u039c\u03ad\u03c1\u03ba\u03b5\u03bb \u03c4\u03bf \u0392\u03b5\u03c1\u03bf\u03bb\u03af\u03bd\u03bf via","UserName":"Antenna News","Date":"Mon May 18 11:45:47 +0000 2015","icon":"http:\/\/pbs.twimg.com\/profile_images\/522717332980776962\/Ad9VZLaz_normal.jpeg","BelongsTo":"\u03a4\u03a3\u0399\u03a0\u03a1\u0391\u03a3","size":"small","name":"basic-graph"}],"links":[{"source":1,"target":0},{"source":2,"target":0},{"source":3,"target":0},{"source":4,"target":0},{"source":5,"target":0},{"source":6,"target":0},{"source":7,"target":0},{"source":8,"target":0},{"source":9,"target":0},{"source":10,"target":0},{"source":11,"target":0},{"source":12,"target":0},{"source":13,"target":0},{"source":14,"target":0}]}