{"nodes":[{"Tweet":"Deputy","UserName":"\u03a3\u0391\u039c\u0391\u03a1\u0391\u03a3","Date":"null","icon":"http:\/\/upload.wikimedia.org\/wikipedia\/commons\/d\/d9\/Antonis_Samaras_October_2014.jpg","BelongsTo":"null","size":"big","name":"basic-graph"},{"Tweet":"\u03a3\u03b1\u03bc\u03b1\u03c1\u03ac\u03c2: \u0395\u03af\u03bc\u03b1\u03c3\u03c4\u03b5 \u03b1\u03bd\u03c4\u03b9\u03c0\u03bf\u03bb\u03af\u03c4\u03b5\u03c5\u03c3\u03b7, \u03cc\u03c7\u03b9 \u03b4\u03b5\u03ba\u03b1\u03bd\u03af\u03ba\u03b9 \u03c4\u03b7\u03c2 \u03ba\u03c5\u03b2\u03ad\u03c1\u03bd\u03b7\u03c3\u03b7\u03c2","UserName":"Manolis Koutselakis","Date":"Mon May 18 11:56:24 +0000 2015","icon":"http:\/\/pbs.twimg.com\/profile_images\/438735134754631681\/he1IH0F8_normal.jpeg","BelongsTo":"\u03a3\u0391\u039c\u0391\u03a1\u0391\u03a3","size":"small","name":"basic-graph"},{"Tweet":"\u03a3\u03b1\u03bc\u03b1\u03c1\u03ac\u03c2: \u201c\u0394\u03b5\u03bd \u03b5\u03af\u03bc\u03b1\u03c3\u03c4\u03b5 \u03b4\u03b5\u03ba\u03b1\u03bd\u03af\u03ba\u03b9 \u03c4\u03b7\u03c2 \u03ba\u03c5\u03b2\u03ad\u03c1\u03bd\u03b7\u03c3\u03b7\u03c2\u201d - \u03a0\u03bf\u03bb\u03b9\u03c4\u03b9\u03ba\u03ae - NewsIt.gr","UserName":"\u0398\u03bf\u03b4\u03c9\u03c1\u03ae\u03c2 \u0394\u03b1\u03c6\u03ad\u03c1\u03bc\u03bf\u03c2","Date":"Mon May 18 11:54:01 +0000 2015","icon":"http:\/\/pbs.twimg.com\/profile_images\/571679311914274816\/AyVnLofl_normal.jpeg","BelongsTo":"\u03a3\u0391\u039c\u0391\u03a1\u0391\u03a3","size":"small","name":"basic-graph"},{"Tweet":"\u039f \u03a3\u03b1\u03bc\u03b1\u03c1\u03ac\u03c2 \u03c3\u03c4\u03b7 \u03c7\u03ce\u03c1\u03b1 \u03c4\u03bf\u03c5 \u03c0\u03bf\u03c4\u03ad","UserName":"koulouri nektaria ","Date":"Mon May 18 11:53:16 +0000 2015","icon":"http:\/\/pbs.twimg.com\/profile_images\/522623702865702912\/0ynI1cOE_normal.jpeg","BelongsTo":"\u03a3\u0391\u039c\u0391\u03a1\u0391\u03a3","size":"small","name":"basic-graph"},{"Tweet":"\u0391\u03c0\u03af\u03c3\u03c4\u03b5\u03c5\u03c4\u03bf: \u03a3\u03b1\u03bc\u03b1\u03c1\u03ac\u03c2 \u03ba\u03b1\u03b9 \u0392\u03b5\u03bd\u03b9\u03b6\u03ad\u03bb\u03bf\u03c2 \u03ad\u03b4\u03b9\u03bd\u03b1\u03bd \u03bb\u03ac\u03b8\u03bf\u03c2 \u03c3\u03c4\u03bf\u03b9\u03c7\u03b5\u03af\u03b1 \u03c3\u03c4\u03bf \u0394\u039d\u03a4 \u03b3\u03b9\u03b1 \u03c4\u03bf \u03b1\u03c3\u03c6\u03b1\u03bb\u03b9\u03c3\u03c4\u03b9\u03ba\u03cc","UserName":"\u039aaterina:-m. ","Date":"Mon May 18 11:53:00 +0000 2015","icon":"http:\/\/pbs.twimg.com\/profile_images\/591697241527693313\/2FJrurWb_normal.jpg","BelongsTo":"\u03a3\u0391\u039c\u0391\u03a1\u0391\u03a3","size":"small","name":"basic-graph"},{"Tweet":"\u03a3\u03b1\u03bc\u03b1\u03c1\u03ac\u03c2: \"\u039a\u03c5\u03b2\u03ad\u03c1\u03bd\u03b7\u03c3\u03b7 \"\u03bc\u03b7 \u03b1\u03c0\u03bf\u03c6\u03ac\u03c3\u03b5\u03c9\u03bd\" \u03c0\u03bf\u03c5 \u03b5\u03b3\u03ba\u03c5\u03bc\u03bf\u03bd\u03b5\u03af \u03b1\u03bd\u03b5\u03be\u03ad\u03bb\u03b5\u03b3\u03ba\u03c4\u03b1 \u03b1\u03c4\u03c5\u03c7\u03ae\u03bc\u03b1\u03c4\u03b1\": \u0395\u03c0\u03af\u03b8\u03b5\u03c3\u03b7 \u03c3\u03c4\u03b7\u03bd\u2026","UserName":"\u0395\u039b\u0395\u03a5\u0398\u0395\u03a1\u0399\u0391 \u039a\u0391\u039b\u0391\u039c\u0391\u03a4\u0391","Date":"Mon May 18 11:52:35 +0000 2015","icon":"http:\/\/pbs.twimg.com\/profile_images\/2899314768\/8e759d1fe7a27e750cf7f33aa7525591_normal.png","BelongsTo":"\u03a3\u0391\u039c\u0391\u03a1\u0391\u03a3","size":"small","name":"basic-graph"},{"Tweet":"\u0391\u03bd\u03c4. \u03a3\u03b1\u03bc\u03b1\u03c1\u03ac\u03c2: \u03a6\u03ad\u03c1\u03bd\u03bf\u03c5\u03bd \u03c7\u03b5\u03b9\u03c1\u03cc\u03c4\u03b5\u03c1\u03b7 \u03c3\u03c5\u03bc\u03c6\u03c9\u03bd\u03af\u03b1 \u03bc\u03ad\u03c3\u03b1 \u03c3\u03c4\u03bf \u03bc\u03bd\u03b7\u03bc\u03cc\u03bd\u03b9\u03bf \u03ae \u03c7\u03c1\u03b5\u03bf\u03ba\u03bf\u03c0\u03af\u03b1","UserName":"Clever News","Date":"Mon May 18 11:51:34 +0000 2015","icon":"http:\/\/pbs.twimg.com\/profile_images\/378800000395620318\/5dd14e07569454ca07a793d72a72067d_normal.png","BelongsTo":"\u03a3\u0391\u039c\u0391\u03a1\u0391\u03a3","size":"small","name":"basic-graph"},{"Tweet":"\u03a3\u03b1\u03bc\u03b1\u03c1\u03ac\u03c2: \u0397 \u03ba\u03c5\u03b2\u03ad\u03c1\u03bd\u03b7\u03c3\u03b7 \u03b5\u03be\u03b1\u03ba\u03bf\u03bb\u03bf\u03c5\u03b8\u03b5\u03af \u03bd\u03b1 \u03bb\u03ad\u03b5\u03b9 \u03c8\u03ad\u03bc\u03b1\u03c4\u03b1 \u03ba\u03b1\u03c4\u03ac \u03c1\u03b9\u03c0\u03ac\u03c2 -","UserName":"Nikos Chatzinikolaou","Date":"Mon May 18 11:50:54 +0000 2015","icon":"http:\/\/pbs.twimg.com\/profile_images\/427974737676230656\/lK9H3nWt_normal.jpeg","BelongsTo":"\u03a3\u0391\u039c\u0391\u03a1\u0391\u03a3","size":"small","name":"basic-graph"},{"Tweet":"\u03a3\u03b1\u03bc\u03b1\u03c1\u03ac\u03c2: \u201c\u0394\u03b5\u03bd \u03b5\u03af\u03bc\u03b1\u03c3\u03c4\u03b5 \u03b4\u03b5\u03ba\u03b1\u03bd\u03af\u03ba\u03b9 \u03c4\u03b7\u03c2 \u03ba\u03c5\u03b2\u03ad\u03c1\u03bd\u03b7\u03c3\u03b7\u03c2\u201d","UserName":"\u0392\u03b1\u03c3\u03b9\u03bb\u03b9\u03ac\u03c2 \u03c4\u03bf\u03c5 \u03a4\u03ac\u03b6\u03c9!","Date":"Mon May 18 11:49:17 +0000 2015","icon":"http:\/\/pbs.twimg.com\/profile_images\/537009862324920320\/qFjEt0wd_normal.jpeg","BelongsTo":"\u03a3\u0391\u039c\u0391\u03a1\u0391\u03a3","size":"small","name":"basic-graph"},{"Tweet":"M\u03b5 \u03c8\u03b5\u03c5\u03b4\u03ae \u03c3\u03c4\u03bf\u03b9\u03c7\u03b5\u03af\u03b1 \u03ba\u03cc\u03b2\u03bf\u03c5\u03bd \u03c3\u03c5\u03bd\u03c4\u03ac\u03be\u03b5\u03b9\u03c2-\u03b6\u03b7\u03c4\u03bf\u03cd\u03bd \u03bc\u03b5\u03af\u03c9\u03c3\u03b7 &amp; \u03c3\u03c4\u03b7\u03bd \u03ba\u03b1\u03c4\u03ce\u03c4\u03b1\u03c4\u03b7 \u03c3\u03cd\u03bd\u03c4\u03b1\u03be\u03b7","UserName":"\u30b8\u30a7\u30cb ","Date":"Mon May 18 11:46:59 +0000 2015","icon":"http:\/\/pbs.twimg.com\/profile_images\/587383907634515968\/asxTnjEg_normal.png","BelongsTo":"\u03a3\u0391\u039c\u0391\u03a1\u0391\u03a3","size":"small","name":"basic-graph"},{"Tweet":"\u03a3\u03b1\u03bc\u03b1\u03c1\u03ac\u03c2 \u03ba\u03b1\u03b9 \u0392\u03b5\u03bd\u03b9\u03b6\u03ad\u03bb\u03bf\u03c2 \u03ad\u03b4\u03b9\u03bd\u03b1\u03bd \u03bb\u03ac\u03b8\u03bf\u03c2 \u03c3\u03c4\u03bf\u03b9\u03c7\u03b5\u03af\u03b1 \u03c3\u03c4\u03bf \u0394\u039d\u03a4 \u03b3\u03b9\u03b1 \u03c4\u03bf \u03b1\u03c3\u03c6\u03b1\u03bb\u03b9\u03c3\u03c4\u03b9\u03ba\u03cc on","UserName":"P. Atmatzidis","Date":"Mon May 18 11:44:55 +0000 2015","icon":"http:\/\/pbs.twimg.com\/profile_images\/2479468865\/otbsehyg8hgr1u81ph8c_normal.png","BelongsTo":"\u03a3\u0391\u039c\u0391\u03a1\u0391\u03a3","size":"small","name":"basic-graph"}],"links":[{"source":1,"target":0},{"source":2,"target":0},{"source":3,"target":0},{"source":4,"target":0},{"source":5,"target":0},{"source":6,"target":0},{"source":7,"target":0},{"source":8,"target":0},{"source":9,"target":0},{"source":10,"target":0}]}