{"nodes":[{"Tweet":"Deputy","UserName":"\u03a4\u03a3\u0399\u03a0\u03a1\u0391\u03a3","Date":"null","icon":"http:\/\/asset.tovima.gr\/vimawebstatic\/\/4FD08321545B960CB4040B951F17DB40.jpg","BelongsTo":"null","size":"big","name":"basic-graph"},{"Tweet":"\u03a4\u03c3\u03af\u03c0\u03c1\u03b1\u03c2: \u03a3\u03c4\u03cc\u03c7\u03bf\u03c2 \u03bc\u03b1\u03c2 \u03bc\u03b9\u03b1 \u03b5\u03bd\u03b9\u03b1\u03af\u03b1 \u03c3\u03c5\u03bc\u03c6\u03c9\u03bd\u03af\u03b1","UserName":"IN Business","Date":"Sat May 16 06:59:05 +0000 2015","icon":"http:\/\/pbs.twimg.com\/profile_images\/249475294\/INBUSINESS2_normal.jpg","BelongsTo":"\u03a4\u03a3\u0399\u03a0\u03a1\u0391\u03a3","size":"small","name":"basic-graph"},{"Tweet":"\u03a4\u03ce\u03c1\u03b1 \u03c0\u03bf\u03c5 \u03ba\u03c5\u03b2\u03b5\u03c1\u03bd\u03ac \u03bf \u03c4\u03bf PSI \u03bc\u03c0\u03bf\u03c1\u03b5\u03af \u03c0\u03bf\u03bb\u03cd \u03b5\u03cd\u03ba\u03bf\u03bb\u03b1 \u03bd\u03b1 \u03b1\u03bd\u03b1\u03c4\u03c1\u03b1\u03c0\u03b5\u03af. \u0391\u03c2 \u03be\u03b1\u03bd\u03b1\u03b4\u03ce\u03c3\u03b5\u03b9 \u03bf \u03c0\u03af\u03c3\u03c9 \u03c4\u03b1 \u03ba\u03bf\u03c5\u03c1\u03b5\u03bc\u03ad\u03bd\u03b1 \u03bf\u03bc\u03cc\u03bb\u03bf\u03b3\u03b1 \u03ba\u03b1\u03b9 \u03b1\u03c2 \u03c0\u03b5\u03c4\u03ac\u03be\u03b5\u03b9 \u03c4\u03bf \u03c7\u03c1\u03ad\u03bf\u03c2","UserName":"Takis","Date":"Sat May 16 06:56:52 +0000 2015","icon":"http:\/\/pbs.twimg.com\/profile_images\/431133431003480064\/1oyiuD6i_normal.jpeg","BelongsTo":"\u03a4\u03a3\u0399\u03a0\u03a1\u0391\u03a3","size":"small","name":"basic-graph"},{"Tweet":"\u0395\u03be\u03ac\u03b3\u03bf\u03c5\u03bc\u03b5 \u2026 \u03b5\u03c5\u03c1\u03ce \u03ba\u03b1\u03b9 \u03c0\u03b5\u03c1\u03b9\u03bc\u03ad\u03bd\u03bf\u03c5\u03bc\u03b5 \u03c4\u03bf Greece \u2026 \u03bc\u03b1\u03b4\u03b9\u03ac\u03bc","UserName":"LaSTofTRoiKaNS","Date":"Sat May 16 06:54:36 +0000 2015","icon":"http:\/\/pbs.twimg.com\/profile_images\/551495231158243328\/vxAjdo6-_normal.jpeg","BelongsTo":"\u03a4\u03a3\u0399\u03a0\u03a1\u0391\u03a3","size":"small","name":"basic-graph"},{"Tweet":"\u0388\u03bd\u03b1 \u03bc\u03b5\u03b3\u03ac\u03bb\u03bf \u03ba\u03bf\u03bc\u03bc\u03ac\u03c4\u03b9 \u03c4\u03b7\u03c2 \u0395\u03bb\u03bb\u03b7\u03bd\u03b9\u03ba\u03ae\u03c2 \u03ba\u03bf\u03b9\u03bd\u03c9\u03bd\u03af\u03b1\u03c2 \u03c0\u03bf\u03c5 \u03c3\u03c4\u03ae\u03c1\u03b9\u03be\u03b5 \u03c4\u03bf \u03a3\u03a5\u03a1\u0399\u0396\u0391 \u03ad\u03c7\u03b5\u03b9 \u03ae\u03b4\u03b7 \u03c3\u03c5\u03bd\u03b5\u03b9\u03b4\u03b7\u03c4\u03bf\u03c0\u03bf\u03b9\u03ae\u03c3\u03b5\u03b9 \u03c4\u03bf \u03c0\u03cc\u03c3\u03bf \u03ac\u03c0\u03b5\u03b9\u03c1\u03b1 \u03ba\u03b1\u03b9...","UserName":"DIMITRIS MITROU","Date":"Sat May 16 06:53:41 +0000 2015","icon":"http:\/\/pbs.twimg.com\/profile_images\/460539687841443842\/YNLMqA8n_normal.jpeg","BelongsTo":"\u03a4\u03a3\u0399\u03a0\u03a1\u0391\u03a3","size":"small","name":"basic-graph"},{"Tweet":"\u0391. \u03a4\u03c3\u03af\u03c0\u03c1\u03b1\u03c2 \u03b1\u03c0\u03cc \u03c4\u03bf\u03bd Economist: ''\u0394\u03b9\u03b1\u03c0\u03c1\u03b1\u03b3\u03bc\u03b1\u03c4\u03b5\u03c5\u03cc\u03bc\u03b1\u03c3\u03c4\u03b5 \u03c3\u03ba\u03bb\u03b7\u03c1\u03ac \u03b3\u03b9\u03b1 \u03c4\u03bf\u03bd \u03bb\u03b1\u03cc, \u03b3\u03b9\u03b1 \u03c4\u03b7\u03bd \u03c7\u03ce\u03c1\u03b1, \u03b3\u03b9\u03b1 \u03c4\u03b7\u03bd \u0395\u03c5\u03c1\u03ce\u03c0\u03b7''","UserName":"\u0395\u03b9\u03c1\u03ae\u03bd\u03b7 \u039d\u03b9\u03ba\u03bf\u03bb\u03bf\u03c0\u03bf\u03cd\u03bb\u03bf\u03c5","Date":"Sat May 16 06:49:32 +0000 2015","icon":"http:\/\/pbs.twimg.com\/profile_images\/834861379\/n744534237_974089_1659_normal.jpg","BelongsTo":"\u03a4\u03a3\u0399\u03a0\u03a1\u0391\u03a3","size":"small","name":"basic-graph"},{"Tweet":"\u03a4\u03c3\u03b9\u03c0\u03c1\u03b1\u03c2: \u039f\u03b9 \u03c4\u03ad\u03c3\u03c3\u03b5\u03c1\u03b9\u03c2 \u03c0\u03c1\u03bf\u03cb\u03c0\u03bf\u03b8\u03ad\u03c3\u03b5\u03b9\u03c2 \u03b3\u03b9\u03b1 \u03ad\u03bd\u03c4\u03b9\u03bc\u03b7 \u03c3\u03c5\u03bc\u03c6\u03c9\u03bd\u03af\u03b1","UserName":"Anastasios Telloglou","Date":"Sat May 16 06:49:06 +0000 2015","icon":"http:\/\/pbs.twimg.com\/profile_images\/582257754296979457\/f-cxGOrD_normal.jpg","BelongsTo":"\u03a4\u03a3\u0399\u03a0\u03a1\u0391\u03a3","size":"small","name":"basic-graph"},{"Tweet":"\u0391\u03bb.\u03a4\u03c3\u03af\u03c0\u03c1\u03b1\u03c2: \u039f\u03b9 \u03c4\u03ad\u03c3\u03c3\u03b5\u03c1\u03b9\u03c2 \u03c0\u03c1\u03bf\u03cb\u03c0\u03bf\u03b8\u03ad\u03c3\u03b5\u03b9\u03c2 \u03b3\u03b9\u03b1 \u03bc\u03af\u03b1 \u03ad\u03bd\u03c4\u03b9\u03bc\u03b7 \u03ba\u03b1\u03b9 \u03b2\u03b9\u03ce\u03c3\u03b9\u03bc\u03b7 \u03c3\u03c5\u03bc\u03c6\u03c9\u03bd\u03af\u03b1","UserName":"Newsone Greece","Date":"Sat May 16 06:46:09 +0000 2015","icon":"http:\/\/pbs.twimg.com\/profile_images\/537634287109939200\/Fvc_XTbd_normal.png","BelongsTo":"\u03a4\u03a3\u0399\u03a0\u03a1\u0391\u03a3","size":"small","name":"basic-graph"},{"Tweet":"K\u03b1\u03c1\u03b1\u03b3\u03ba\u03bf\u03cd\u03bd\u03b7\u03c2: \u0391\u03bc\u03c6\u03b9\u03b2\u03ac\u03bb\u03bb\u03bf\u03c5\u03bc\u03b5 \u03b1\u03bd \u03ba\u03b1\u03b9 \u03bf \u03af\u03b4\u03b9\u03bf\u03c2 \u03bf \u03a4\u03c3\u03af\u03c0\u03c1\u03b1\u03c2, \u03c0\u03b9\u03b1, \u03c0\u03b9\u03c3\u03c4\u03b5\u03cd\u03b5\u03b9 \u03c4\u03b1 \u03c8\u03ad\u03bc\u03b1\u03c4\u03ac \u03c4\u03bf\u03c5","UserName":"\u0398\u03b5\u03bc\u03b9\u03c3\u03c4\u03cc\u03ba\u03bb\u03b5\u03b9\u03b1","Date":"Sat May 16 06:45:06 +0000 2015","icon":"http:\/\/pbs.twimg.com\/profile_images\/529211592601112576\/_b9JlLac_normal.jpeg","BelongsTo":"\u03a4\u03a3\u0399\u03a0\u03a1\u0391\u03a3","size":"small","name":"basic-graph"},{"Tweet":"\u0391\u039c\u0391 \u0394\u0395\u0399\u03a3 \u03a3\u03a5\u039c\u03a6\u03a9\u039d\u0399\u0391 \u0395\u0393\u03a9 \u0398\u0391 \u0393\u0399\u039d\u03a9 \u03a0\u0391\u03a0\u0391\u03a3 \u03a3\u03a4\u0397\u039d \u03a1\u03a9\u039c\u0397","UserName":"athanasios500","Date":"Sat May 16 06:43:44 +0000 2015","icon":"http:\/\/pbs.twimg.com\/profile_images\/2327944486\/3hrn28los8g0x0ewuehw_normal.jpeg","BelongsTo":"\u03a4\u03a3\u0399\u03a0\u03a1\u0391\u03a3","size":"small","name":"basic-graph"},{"Tweet":"\u03a3\u03c4\u03b7\u03bd \u03c4\u03b5\u03bb\u03b9\u03ba\u03ae \u03b5\u03c5\u03b8\u03b5\u03af\u03b1!!! \u039f \u03a4\u03c3\u03af\u03c0\u03c1\u03b1\u03c2 \u03c0\u03ac\u03b5\u03b9 \u03c3\u03b5 \u03b5\u03ba\u03bb\u03bf\u03b3\u03ad\u03c2!!!","UserName":"AFAIA","Date":"Sat May 16 06:43:36 +0000 2015","icon":"http:\/\/pbs.twimg.com\/profile_images\/473753023869497344\/_0OsS-z8_normal.jpeg","BelongsTo":"\u03a4\u03a3\u0399\u03a0\u03a1\u0391\u03a3","size":"small","name":"basic-graph"},{"Tweet":"\u03a4\u03c3\u03af\u03c0\u03c1\u03b1\u03c2: \u039f\u03b9 \u03c4\u03ad\u03c3\u03c3\u03b5\u03c1\u03b9\u03c2 \u03c0\u03c1\u03bf\u03cb\u03c0\u03bf\u03b8\u03ad\u03c3\u03b5\u03b9\u03c2 \u03b3\u03b9\u03b1 \u03c3\u03c5\u03bc\u03c6\u03c9\u03bd\u03af\u03b1 - Nova\u03a3\u03a0\u039f\u03a1 FM 94.6 |","UserName":"Newstalk","Date":"Sat May 16 06:42:24 +0000 2015","icon":"http:\/\/pbs.twimg.com\/profile_images\/3383970022\/3f15fff8fd58823c14b6241cb645fd42_normal.jpeg","BelongsTo":"\u03a4\u03a3\u0399\u03a0\u03a1\u0391\u03a3","size":"small","name":"basic-graph"},{"Tweet":"\u039a\u03b1\u03c1\u03b1\u03b3\u03ba\u03bf\u03cd\u03bd\u03b7\u03c2: N\u03b1 \u03bc\u03b7\u03bd \u03bc\u03b9\u03bb\u03ac\u03b5\u03b9 \u03b3\u03b9\u03b1 \u03ac\u03b4\u03b5\u03b9\u03b1 \u03c4\u03b1\u03bc\u03b5\u03af\u03b1 \u03bf \u03ba.\u03a4\u03c3\u03af\u03c0\u03c1\u03b1\u03c2 \u03b3\u03b9\u03b1\u03c4\u03af \u03b1\u03c0\u03cc \u03b1\u03c5\u03c4\u03ac \u03c0\u03bb\u03b7\u03c1\u03ce\u03bd\u03b5\u03b9 \u03bc\u03b9\u03c3\u03b8\u03bf\u03cd\u03c2 \u03ba\u03b1\u03b9 \u03c3\u03c5\u03bd\u03c4\u03ac\u03be\u03b5\u03b9\u03c2","UserName":"Ysterografo News","Date":"Sat May 16 06:39:24 +0000 2015","icon":"http:\/\/pbs.twimg.com\/profile_images\/450924149494394880\/jVBM2NdP_normal.png","BelongsTo":"\u03a4\u03a3\u0399\u03a0\u03a1\u0391\u03a3","size":"small","name":"basic-graph"},{"Tweet":"vs \u03ba\u03b1\u03b9 \u03b7 \u03c6\u03b1\u03c3\u03af\u03c3\u03c4\u03c1\u03c9 \u03c4\u03bf'\u03ba\u03b1\u03c8\u03b5 \u03c4\u03b5\u03bb\u03b5\u03af\u03c9\u03c2!","UserName":"\u03a0\u03b1\u03bd\u03b1\u03b3\u03b9\u03ce\u03c4\u03b7\u03c2 Spidey","Date":"Sat May 16 06:37:12 +0000 2015","icon":"http:\/\/pbs.twimg.com\/profile_images\/577566247572877312\/c7hRO4d6_normal.jpeg","BelongsTo":"\u03a4\u03a3\u0399\u03a0\u03a1\u0391\u03a3","size":"small","name":"basic-graph"},{"Tweet":"-- K\u03b1\u03c4\u03ae\u03b3\u03b3\u03b5\u03b9\u03bb\u03b5 \u03c4\u03b7\u03bd \u03c0\u03c1\u03bf\u03b7\u03b3\u03bf\u03cd\u03bc\u03b5\u03bd\u03b7 \u03ba\u03c5\u03b2\u03ad\u03c1\u03bd\u03b7\u03c3\u03b7 \u03b3\u03b9\u03b1 \u00ab\u03c4\u03bf \u03bd\u03b1\u03c1\u03ba\u03bf\u03b8\u03b5\u03c4\u03b7\u03bc\u03ad\u03bd\u03bf \u03ad\u03b4\u03b1\u03c6\u03bf\u03c2 \u03c0\u03bf\u03c5 \u03b5\u03c0\u03b9\u03bc\u03b5\u03bb\u03ce\u03c2 \u03c0\u03c1\u03bf\u03b5\u03c4\u03bf\u03af\u03bc\u03b1\u03c3\u03b5\u00bb \u03b8\u03ad\u03c4\u03bf\u03bd\u03c4\u03b1\u03c2...","UserName":"Giorgos Chalkiadakis","Date":"Sat May 16 06:31:55 +0000 2015","icon":"http:\/\/pbs.twimg.com\/profile_images\/1898893638\/DSC_7049_normal.JPG","BelongsTo":"\u03a4\u03a3\u0399\u03a0\u03a1\u0391\u03a3","size":"small","name":"basic-graph"}],"links":[{"source":1,"target":0},{"source":2,"target":0},{"source":3,"target":0},{"source":4,"target":0},{"source":5,"target":0},{"source":6,"target":0},{"source":7,"target":0},{"source":8,"target":0},{"source":9,"target":0},{"source":10,"target":0},{"source":11,"target":0},{"source":12,"target":0},{"source":13,"target":0},{"source":14,"target":0}]}