{"nodes":[{"name":"main","size":"big","icon":"..\/backend\/assets\/center.png","Type":"M"},{"name":"\u03a7\u03a1\u0399\u03a3\u03a4\u039f\u03a3 \u0394\u0397\u039c\u0391\u03a3","size":"small","icon":"http:\/\/dimas.gr.185-4-133-49.linuxzone36.grserver.gr\/wp-content\/uploads\/2012\/04\/christos-dimas.jpg","Type":"D"},{"name":"??????","size":"normal","icon":"\/PoliticalTweets\/backend\/assets\/","Type":"P"},{"name":"\u0398\u0395\u039f\u0394\u03a9\u03a1\u0391 \u039c\u03a0\u0391\u039a\u039f\u0393\u0399\u0391\u039d\u039d\u0397","size":"small","icon":"http:\/\/www.iliatora.gr\/files\/news\/5740_ph1.jpg","Type":"D"},{"name":"\u0391\u039b\u0395\u039e\u0399\u039f\u03a3 \u03a4\u03a3\u0399\u03a0\u03a1\u0391\u03a3","size":"small","icon":"http:\/\/asset.tovima.gr\/vimawebstatic\/\/4FD08321545B960CB4040B951F17DB40.jpg","Type":"D"},{"name":"\u0394\u0397\u039c\u0397\u03a4\u03a1\u0399\u039f\u03a3 \u039a\u039f\u03a5\u03a4\u03a3\u039f\u03a5\u039c\u03a0\u0391\u03a3","size":"small","icon":"http:\/\/www.sofokleousin.gr\/files\/koutsoumpas_dimitris_144368301.jpg","Type":"D"},{"name":"\u0394\u0397\u039c\u0397\u03a4\u03a1\u0399\u039f\u03a3 \u03a1\u0399\u0396\u039f\u03a3","size":"small","icon":"http:\/\/content-mcdn.imerisia.gr\/filesystem\/images\/20130114\/low\/2008110304108_120804528.jpg","Type":"D"},{"name":"\u0399\u03a9\u0391\u039d\u039d\u0397\u03a3 \u0392\u0391\u03a1\u039f\u03a5\u03a6\u0391\u039a\u0397\u03a3","size":"small","icon":"http:\/\/images32.inewsgr.com\/2040\/20403577\/1.jpg","Type":"D"}],"links":[{"source":2,"target":1},{"source":0,"target":2},{"source":0,"target":2},{"source":2,"target":3},{"source":0,"target":2},{"source":2,"target":4},{"source":0,"target":2},{"source":2,"target":5},{"source":0,"target":2},{"source":2,"target":6},{"source":0,"target":2},{"source":2,"target":7}]}