{"nodes":[{"Tweet":"Deputy","UserName":"\u0394\u0397\u039c\u0391\u03a3","Date":"null","icon":"\u03a7\u03a1\u0399\u03a3\u03a4\u039f\u03a3%20\u0394\u0397\u039c\u0391\u03a3link","BelongsTo":"null","size":"big"},{"Tweet":"\u0391\u03bb\u03bb\u03b7 \u03bc\u03b9\u03b1 \u03b1\u03c0\u03bf\u03b4\u03b5\u03b9\u03be\u03b7,\u03bf\u03c4\u03b9 \u03b7 \u03ba\u03b1\u03c4\u03c1\u03b1\u03ba\u03c5\u03bb\u03b1 \u03b4\u03b5\u03bd \u03b5\u03c7\u03b5\u03b9 \u03c4\u03b5\u03bb\u03b5\u03b9\u03c9\u03bc\u03bf \u03c3\u03c4\u03b7 \u03c7\u03c9\u03c1\u03b1 \u03bc\u03b1\u03c2.\u0394\u03b5\u03bd \u03c4\u03bf \u03ba\u03b1\u03c4\u03b1\u03bb\u03b1\u03b2\u03b1\u03b9\u03bd\u03bf\u03c5\u03bd \u03bf\u03b9 \u03a0\u03bd\u03b5\u03c5\u03bc\u03b1\u03c4\u03b9\u03ba\u03bf\u03b9 \u0391\u03c1\u03c7\u03bf\u03bd\u03c4\u03ad\u03c2 \u03bc\u03b1\u03c2???","UserName":"Christos Dimas","Date":"Wed May 13 07:29:47 +0000 2015","icon":"http:\/\/pbs.twimg.com\/profile_images\/574252568412487680\/IH_dov0p_normal.jpeg","BelongsTo":"\u0394\u0397\u039c\u0391\u03a3","size":"small"},{"Tweet":"\u039f \u03a7\u03c1\u03af\u03c3\u03c4\u03bf\u03c2 \u0394\u03ae\u03bc\u03b1\u03c2 \u03b3\u03b9\u03b1 \u03c4\u03b7\u03bd \u03ba\u03b1\u03c4\u03ac\u03c1\u03b3\u03b7\u03c3\u03b7 \u03c4\u03bf\u03c5 \"\u03a6\u03c1\u03bf\u03cd\u03c4\u03b1 \u03c3\u03c4\u03b1 \u03c3\u03c7\u03bf\u03bb\u03b5\u03af\u03b1\" - ekorinthos.gr","UserName":"eKorinthos","Date":"Wed May 13 05:06:09 +0000 2015","icon":"http:\/\/pbs.twimg.com\/profile_images\/1162523084\/sugkentrotika-nomou-gia-sundiasmo-1_normal.png","BelongsTo":"\u0394\u0397\u039c\u0391\u03a3","size":"small"},{"Tweet":": \u23ec\u2605 \u20b8h\u03be \u2606 B\u03be\u00a7\u20b8 \u2605\u23ec","UserName":"Dimas Bayu Satria","Date":"Tue May 12 19:07:06 +0000 2015","icon":"http:\/\/pbs.twimg.com\/profile_images\/480001223068626946\/a_xDqH29_normal.jpeg","BelongsTo":"\u0394\u0397\u039c\u0391\u03a3","size":"small"},{"Tweet":"\u23ec\u2605 \u20b8h\u03be \u2606 B\u03be\u00a7\u20b8 \u2605\u23ec","UserName":"Dimas Bayu Satria","Date":"Tue May 12 18:58:43 +0000 2015","icon":"http:\/\/pbs.twimg.com\/profile_images\/480001223068626946\/a_xDqH29_normal.jpeg","BelongsTo":"\u0394\u0397\u039c\u0391\u03a3","size":"small"},{"Tweet":"\u2653\u03ac\u2653\u03ac....\u2653\u03ac\u2653\u03ac\u2653\u03ac....\u2653\u03ac\u2653\u03ac.... Whu\u00e1k\u00e4..ki..k\u00e4 *\u2022.\u2027::\u2027 \u2022\u263a\u263a*\u2022.\u2027::\u2027 \u2022~\u2122 \u00b0\u02da\u02da\u00bao(\u2022\u0303\u0361-\u032e\u2022\u0303\u0361) h\u03adh\u03adh\u03ad (\u2022\u0303\u0361-\u032e\u2022\u0303\u0361)o\u00ba\u02da\u02da\u00b0...","UserName":"Dimas Gulbar","Date":"Sat May 09 23:16:23 +0000 2015","icon":"http:\/\/pbs.twimg.com\/profile_images\/591009601165926400\/bvs2bwjh_normal.jpg","BelongsTo":"\u0394\u0397\u039c\u0391\u03a3","size":"small"},{"Tweet":"\u03a7\u03c1. \u0391\u03bd\u03b5\u03c0\u03b1\u03c1\u03ba\u03b5\u03af\u03c2 \u03bf ...","UserName":"\u0393\u0395\u03a9\u03a1\u0393\u0399\u039f\u03a3 \u039c\u0391\u03a1\u0391\u03a3","Date":"Fri May 08 21:16:50 +0000 2015","icon":"http:\/\/pbs.twimg.com\/profile_images\/539856974205038592\/z-H8Cng9_normal.jpeg","BelongsTo":"\u0394\u0397\u039c\u0391\u03a3","size":"small"},{"Tweet":"\u0394\u03ae\u03bc\u03b1\u03c2: \u0391\u03bd\u03b5\u03c0\u03b1\u03c1\u03ba\u03b5\u03af\u03c2 \u03bf\u03b9 \u03ba\u03c5\u03b2\u03b5\u03c1\u03bd\u03b7\u03c4\u03b9\u03ba\u03ad\u03c2 \u03b4\u03c1\u03ac\u03c3\u03b5\u03b9\u03c2 \u03c0\u03c1\u03cc\u03bb\u03b7\u03c8\u03b7\u03c2 \u03b3\u03b9\u03b1 \u03c4\u03bf\u03bd \u03b5\u03c0\u03b9\u03b2\u03bb\u03b1\u03b2\u03ae \u03bf\u03c1\u03b3\u03b1\u03bd\u03b9\u03c3\u03bc\u03cc Xyella fastidiosa - ekorinthos.gr","UserName":"eKorinthos","Date":"Fri May 08 06:08:35 +0000 2015","icon":"http:\/\/pbs.twimg.com\/profile_images\/1162523084\/sugkentrotika-nomou-gia-sundiasmo-1_normal.png","BelongsTo":"\u0394\u0397\u039c\u0391\u03a3","size":"small"},{"Tweet":"Thimamai Stamatis Gonidis &amp; Vasilis Dimas \/ \u0398\u03c5\u03bc\u03ac\u03bc\u03b1\u03b9 \u03a3\u03c4\u03b1\u03bc\u03ac\u03c4\u03b7\u03c2 \u0393\u03bf\u03bd\u03af\u03b4\u03b7\u03c2 &amp; \u0392\u03b1\u03c3\u03af\u03bb\u03b7\u03c2 \u0394\u03ae\u03bc\u03b1\u03c2","UserName":"efi geropoulou","Date":"Thu May 07 15:12:32 +0000 2015","icon":"http:\/\/pbs.twimg.com\/profile_images\/1607446498\/dj_normal.jpg","BelongsTo":"\u0394\u0397\u039c\u0391\u03a3","size":"small"},{"Tweet":"\u03b1\u0e51\u03b1\u03b1\u0432","UserName":"K3JuTan!","Date":"Thu May 07 09:04:56 +0000 2015","icon":"http:\/\/pbs.twimg.com\/profile_images\/597797358001266689\/J6rF03gJ_normal.jpg","BelongsTo":"\u0394\u0397\u039c\u0391\u03a3","size":"small"},{"Tweet":"\u0395\u03c1\u03ce\u03c4\u03b7\u03c3\u03b7 \u03c0\u03bf\u03c5 \u03c3\u03c5\u03bd\u03c5\u03c0\u03bf\u03b3\u03c1\u03ac\u03c6\u03bf\u03c5\u03bc\u03b5 34 \u0392\u03bf\u03c5\u03bb\u03b5\u03c5\u03c4\u03ad\u03c2 \u03c4\u03b7\u03c2 \u039d.\u0394. \u03b3\u03b9\u03b1 \u03c4\u03b7\u03bd \u03c0\u03c1\u03bf\u03c3\u03c4\u03b1\u03c3\u03af\u03b1 \u03c4\u03b7\u03c2 \u03b1\u03b3\u03c1\u03bf\u03c4\u03b9\u03ba\u03ae\u03c2 \u03c0\u03b1\u03c1\u03b1\u03b3\u03c9\u03b3\u03ae\u03c2","UserName":"Theodoros Karaoglou","Date":"Thu May 07 06:50:12 +0000 2015","icon":"http:\/\/pbs.twimg.com\/profile_images\/551325919873216512\/Tg1G6fn9_normal.jpeg","BelongsTo":"\u0394\u0397\u039c\u0391\u03a3","size":"small"},{"Tweet":": You are the best Pyrros, \u03ac\u03c1\u03c7\u03b9\u03c3\u03b1 \u03ac\u03c1\u03c3\u03b7 \u03b2\u03b1\u03c1\u03ce\u03bd \u03c3\u03c4\u03b1 37 \u03bc\u03bf\u03c5 \u03ba\u03b1\u03b9 \u03b5\u03c3\u03b7 \u03b5\u03af\u03c3\u03b1\u03b9 \u03b7 \u03b1\u03b9\u03c4\u03af\u03b1. \u03a7\u03b1\u03b9\u03c1\u03b5\u03c4\u03af\u03c3\u03bc\u03b1\u03c4\u03b1 \u03b1\u03c0\u03cc \u039d\u03ad\u03b1 \u03a5\u03cc\u03c1\u03ba\u03b7.","UserName":"Andrew V","Date":"Wed May 06 15:01:28 +0000 2015","icon":"http:\/\/pbs.twimg.com\/profile_images\/533462444283535360\/Bvab562b_normal.jpeg","BelongsTo":"\u0394\u0397\u039c\u0391\u03a3","size":"small"},{"Tweet":"\u0397 \u0394\u03b9\u03b5\u03b8\u03bd\u03ae\u03c2 \u039f\u03bb\u03c5\u03bc\u03c0\u03b9\u03b1\u03ba\u03ae \u0395\u03c0\u03b9\u03c4\u03c1\u03bf\u03c0\u03ae \u03bc\u03bf\u03c5 \u03b1\u03c6\u03b9\u03ad\u03c1\u03c9\u03c3\u03b5 \u03c4\u03bf \u03b4\u03b5\u03cd\u03c4\u03b5\u03c1\u03bf \u03bc\u03ad\u03c1\u03bf\u03c2 \u03c4\u03b7\u03c2 \u03c0\u03b1\u03c1\u03bf\u03c5\u03c3\u03af\u03b1\u03c3\u03b7\u03c2 \u03c4\u03b7\u03c2 \u03b9\u03c3\u03c4\u03bf\u03c1\u03af\u03b1\u03c2 \u03c0\u03bf\u03c5 \u03b3\u03c1\u03ac\u03c8\u03b1\u03bc\u03b5 \u03cc\u03bb\u03bf\u03b9 \u03bc\u03b1\u03b6\u03b9 \u03c4\u03bf...","UserName":"Pyrros Dimas","Date":"Wed May 06 14:47:17 +0000 2015","icon":"http:\/\/pbs.twimg.com\/profile_images\/422316821891387392\/PoIGadRH_normal.jpeg","BelongsTo":"\u0394\u0397\u039c\u0391\u03a3","size":"small"},{"Tweet":"\u0395\u03c0\u03b9\u03b4\u03cc\u03c4\u03b7\u03c3\u03b7 \u03c3\u03c4\u03b7\u03bd \u03c0\u03c1\u03cc\u03bb\u03b7\u03c8\u03b7 &amp; \u03c0\u03c1\u03bf\u03c3\u03c4\u03b1\u03c3\u03af\u03b1 \u03c4\u03b7\u03c2 \u03b1\u03b3\u03c1\u03bf\u03c4\u03b9\u03ba\u03ae\u03c2 \u03c0\u03b1\u03c1\u03b1\u03b3\u03c9\u03b3\u03ae\u03c2 \u03ba\u03b1\u03b9 \u03cc\u03c7\u03b9 \u03bc\u03cc\u03bd\u03bf \u03c3\u03c4\u03b7\u03bd \u03b1\u03c0\u03bf\u03b6\u03b7\u03bc\u03af\u03c9\u03c3\u03b7. \u0395\u03c1\u03ce\u03c4\u03b7\u03c3\u03b7 34 \u03b2\u03bf\u03c5\u03bb\u03b5\u03c5\u03c4\u03ce\u03bd \u03c4\u03b7\u03c2 \u039d\u0394 ht\u2026","UserName":"\u039d\u039f\u0394\u0395 \u0397\u03c1\u03b1\u03ba\u03bb\u03b5\u03af\u03bf\u03c5","Date":"Wed May 06 11:49:14 +0000 2015","icon":"http:\/\/pbs.twimg.com\/profile_images\/584383036722143232\/vJ6iUJoP_normal.jpg","BelongsTo":"\u0394\u0397\u039c\u0391\u03a3","size":"small"},{"Tweet":"\u0395\u03c0\u03b9\u03b4\u03cc\u03c4\u03b7\u03c3\u03b7 \u03c3\u03c4\u03b7\u03bd \u03c0\u03c1\u03cc\u03bb\u03b7\u03c8\u03b7 &amp; \u03c0\u03c1\u03bf\u03c3\u03c4\u03b1\u03c3\u03af\u03b1 \u03c4\u03b7\u03c2 \u03b1\u03b3\u03c1\u03bf\u03c4\u03b9\u03ba\u03ae\u03c2 \u03c0\u03b1\u03c1\u03b1\u03b3\u03c9\u03b3\u03ae\u03c2 \u03ba\u03b1\u03b9 \u03cc\u03c7\u03b9 \u03bc\u03cc\u03bd\u03bf \u03c3\u03c4\u03b7\u03bd \u03b1\u03c0\u03bf\u03b6\u03b7\u03bc\u03af\u03c9\u03c3\u03b7. \u0395\u03c1\u03ce\u03c4\u03b7\u03c3\u03b7 34 \u03b2\u03bf\u03c5\u03bb\u03b5\u03c5\u03c4\u03ce\u03bd \u03c4\u03b7\u03c2 \u039d\u0394","UserName":"\u03a7\u03c1\u03af\u03c3\u03c4\u03bf\u03c2 \u0394\u03ae\u03bc\u03b1\u03c2","Date":"Wed May 06 11:06:09 +0000 2015","icon":"http:\/\/pbs.twimg.com\/profile_images\/1825301917\/___________normal.jpg","BelongsTo":"\u0394\u0397\u039c\u0391\u03a3","size":"small"}],"links":[{"source":1,"target":0},{"source":2,"target":0},{"source":3,"target":0},{"source":4,"target":0},{"source":5,"target":0},{"source":6,"target":0},{"source":7,"target":0},{"source":8,"target":0},{"source":9,"target":0},{"source":10,"target":0},{"source":11,"target":0},{"source":12,"target":0},{"source":13,"target":0},{"source":14,"target":0}]}