{"nodes":[{"Tweet":"Deputy","UserName":"\u03a3\u0391\u039c\u0391\u03a1\u0391\u03a3","Date":"null","icon":"http:\/\/upload.wikimedia.org\/wikipedia\/commons\/d\/d9\/Antonis_Samaras_October_2014.jpg","BelongsTo":"null","size":"big","name":"basic-graph"},{"Tweet":"\u039a\u03bf\u03c5\u03ba\u03bb\u03ac\u03ba\u03b9 \u03b6\u03c9\u03b3\u03c1\u03b1\u03c6\u03b9\u03c3\u03c4\u03cc (\u03b5\u03c5\u03c4\u03c5\u03c7\u03ce\u03c2 \u03b5\u03af\u03bd\u03b1\u03b9 \u03c0\u03b1\u03bd\u03c4\u03c1\u03b5\u03bc\u03ad\u03bd\u03bf\u03c2 \u03b3\u03b9\u03b1\u03c4\u03af, \u03bc\u03af\u03b1 \u03bc\u03b5 \u03c4\u03bf \u03bc\u03ac\u03c4\u03b9, \u03bc\u03af\u03b1 \u03bc\u03b5 \u03c4\u03bf \u03c7\u03ad\u03c1\u03b9 \u03b8\u03b1 \u03bc\u03b1\u03c2 \u03ad\u03bc\u03b5\u03bd\u03b5 \u03c1\u03ad\u03c3\u03c4\u03bf\u03c2)","UserName":"L'enfant terrible","Date":"Mon May 18 12:59:05 +0000 2015","icon":"http:\/\/pbs.twimg.com\/profile_images\/3731323662\/b87953ae1c612377e94e9dcf04dc1134_normal.jpeg","BelongsTo":"\u03a3\u0391\u039c\u0391\u03a1\u0391\u03a3","size":"small","name":"basic-graph"},{"Tweet":"\u039c\u03b5 \u03b4\u03b5\u03bc\u03ad\u03bd\u03bf \u03c4\u03bf \u03c7\u03ad\u03c1\u03b9 \u03c3\u03c4\u03bf\u03bd \u03a3\u0395\u0392 \u03bf \u0391\u03bd\u03c4\u03ce\u03bd\u03b7\u03c2 \u03a3\u03b1\u03bc\u03b1\u03c1\u03ac\u03c2","UserName":"Manolis Koutselakis","Date":"Mon May 18 12:59:03 +0000 2015","icon":"http:\/\/pbs.twimg.com\/profile_images\/438735134754631681\/he1IH0F8_normal.jpeg","BelongsTo":"\u03a3\u0391\u039c\u0391\u03a1\u0391\u03a3","size":"small","name":"basic-graph"},{"Tweet":"\u03a4\u03b7 \u03b4\u03b9\u03ba\u03b1\u03af\u03c9\u03c3\u03b7 \u03c8\u03ac\u03c7\u03bd\u03b5\u03b9 \u03b1\u03ba\u03cc\u03bc\u03b1 \u03bf \u03a3\u03b1\u03bc\u03b1\u03c1\u03ac\u03c2","UserName":"Hot Doc","Date":"Mon May 18 12:53:14 +0000 2015","icon":"http:\/\/pbs.twimg.com\/profile_images\/2266209975\/j1c53fb1q05syaycp2j3_normal.jpeg","BelongsTo":"\u03a3\u0391\u039c\u0391\u03a1\u0391\u03a3","size":"small","name":"basic-graph"},{"Tweet":"\u03a3\u03b1\u03bc\u03b1\u03c1\u03ac\u03c2: \u00ab\u039a\u03c5\u03b2\u03ad\u03c1\u03bd\u03b7\u03c3\u03b7 \"\u03bc\u03b7 \u03b1\u03c0\u03bf\u03c6\u03ac\u03c3\u03b5\u03c9\u03bd\" \u03c0\u03bf\u03c5 ...","UserName":"\u03a3\u03b1\u03c1\u03b4\u03ad\u03bb\u03b1!","Date":"Mon May 18 12:51:18 +0000 2015","icon":"http:\/\/pbs.twimg.com\/profile_images\/564900914062831616\/MqsK5Hcq_normal.jpeg","BelongsTo":"\u03a3\u0391\u039c\u0391\u03a1\u0391\u03a3","size":"small","name":"basic-graph"}],"links":[{"source":1,"target":0},{"source":2,"target":0},{"source":3,"target":0},{"source":4,"target":0}]}