{"nodes":[{"Tweet":"Deputy","UserName":"\u03a4\u03a3\u0399\u03a0\u03a1\u0391\u03a3","Date":"null","icon":"http:\/\/asset.tovima.gr\/vimawebstatic\/\/4FD08321545B960CB4040B951F17DB40.jpg","BelongsTo":"null","size":"big","name":"basic-graph"},{"Tweet":"\u039d\u03b1 \u03c0\u03b1\u03c1\u03b1\u03b9\u03c4\u03b7\u03b8\u03b5\u03af \u03bf \u03a4\u03c3\u03af\u03c0\u03c1\u03b1\u03c2, \u03c0\u03c1\u03ad\u03c0\u03b5\u03b9 \u03bd\u03b1 \u03c6\u03cd\u03b3\u03b5\u03b9 \u03bf \u03a3\u03a5\u03a1\u0399\u0396\u0391 \u03b1\u03c0\u03cc \u03c4\u03b7\u03bd \u03b5\u03be\u03bf\u03c5\u03c3\u03af\u03b1, \u03b8\u03ad\u03bb\u03b5\u03b9 \u03b7 FAZ","UserName":"DAMIANOS ATHANASIOU","Date":"Mon May 18 13:00:22 +0000 2015","icon":"http:\/\/pbs.twimg.com\/profile_images\/1372094806\/173503_100001511868881_2025033_n_normal.jpg","BelongsTo":"\u03a4\u03a3\u0399\u03a0\u03a1\u0391\u03a3","size":"small","name":"basic-graph"},{"Tweet":"\u03a4\u03c3\u03af\u03c0\u03c1\u03b1\u03c2: \u0397 \u0395\u03a1\u03a4 \u03b1\u03bd\u03bf\u03af\u03b3\u03b5\u03b9 \u03c4\u03b7\u03bd \u03b5\u03c0\u03cc\u03bc\u03b5\u03bd\u03b7 \u0394\u03b5\u03c5\u03c4\u03ad\u03c1\u03b1","UserName":"Pontos-News.Gr","Date":"Mon May 18 12:58:36 +0000 2015","icon":"http:\/\/pbs.twimg.com\/profile_images\/562164015204298753\/mbaYDR2t_normal.png","BelongsTo":"\u03a4\u03a3\u0399\u03a0\u03a1\u0391\u03a3","size":"small","name":"basic-graph"},{"Tweet":"\u03a4\u03c3\u03af\u03c0\u03c1\u03b1\u03c2: \u03a4\u03b7\u03bd \u03b5\u03c1\u03c7\u03cc\u03bc\u03b5\u03bd\u03b7 \u0394\u03b5\u03c5\u03c4\u03ad\u03c1\u03b1 \u03b1\u03bd\u03bf\u03af\u03b3\u03b5\u03b9 \u03b7 \u0395\u03a1\u03a4 (video)","UserName":"InsidEuropePress","Date":"Mon May 18 12:57:32 +0000 2015","icon":"http:\/\/pbs.twimg.com\/profile_images\/433262323542016000\/-FCpWoOE_normal.jpeg","BelongsTo":"\u03a4\u03a3\u0399\u03a0\u03a1\u0391\u03a3","size":"small","name":"basic-graph"},{"Tweet":"\u039c\u03b5 \u03c0\u03c1\u03ce\u03c4\u03b7 \u03c7\u03c1\u03bf\u03bd\u03b9\u03ac \u0391\u03c1\u03b9\u03c3\u03c4\u03b5\u03c1\u03ae \u03ba\u03c5\u03b2\u03ad\u03c1\u03bd\u03b7\u03c3\u03b7,\u03b5\u03af\u03bc\u03b1\u03b9 \u03b5\u03c5\u03c7\u03b1\u03c1\u03b9\u03c3\u03c4\u03b7\u03bc\u03ad\u03bd\u03b7 \u03bc\u03b5 \u03c4\u03bf \u03b8\u03ad\u03bc\u03b1 \u03c4\u03b7\u03c2 \u0388\u03ba\u03b8\u03b5\u03c3\u03b7\u03c2.\u0395\u03c5\u03c7\u03b1\u03c1\u03b9\u03c3\u03c4\u03bf\u03cd\u03bc\u03b5 \u03bc\u03b9\u03ba\u03c1\u03cc \u03a4\u03c3\u03b9\u03c0\u03c1\u03ac\u03ba\u03b7! Tsipras rocks!","UserName":"Artemis","Date":"Mon May 18 12:56:11 +0000 2015","icon":"http:\/\/pbs.twimg.com\/profile_images\/588976900040601600\/c7KNSP_C_normal.jpg","BelongsTo":"\u03a4\u03a3\u0399\u03a0\u03a1\u0391\u03a3","size":"small","name":"basic-graph"},{"Tweet":"Sigmalivecom: O \u03a4\u03c3\u03af\u03c0\u03c1\u03b1\u03c2 \u03c3\u03c4\u03bf Top 15 \u03c4\u03c9\u03bd \u03c0\u03b9\u03bf sexy \u03b7\u03b3\u03b5\u03c4\u03ce\u03bd \u03c4\u03bf\u03c5 \u03ba\u03cc\u03c3\u03bc\u03bf\u03c5 [\u03bb\u03af\u03c3\u03c4\u03b1]","UserName":"Dias Media\n","Date":"Mon May 18 12:55:42 +0000 2015","icon":"http:\/\/pbs.twimg.com\/profile_images\/2575986479\/DIAS_group_GREEK_473_355_normal.JPG","BelongsTo":"\u03a4\u03a3\u0399\u03a0\u03a1\u0391\u03a3","size":"small","name":"basic-graph"},{"Tweet":"O \u03a4\u03c3\u03af\u03c0\u03c1\u03b1\u03c2 \u03c3\u03c4\u03bf Top 15 \u03c4\u03c9\u03bd \u03c0\u03b9\u03bf sexy \u03b7\u03b3\u03b5\u03c4\u03ce\u03bd \u03c4\u03bf\u03c5 \u03ba\u03cc\u03c3\u03bc\u03bf\u03c5 [\u03bb\u03af\u03c3\u03c4\u03b1]","UserName":"Sigmalive","Date":"Mon May 18 12:55:07 +0000 2015","icon":"http:\/\/pbs.twimg.com\/profile_images\/456696065668808704\/jVAtt63C_normal.jpeg","BelongsTo":"\u03a4\u03a3\u0399\u03a0\u03a1\u0391\u03a3","size":"small","name":"basic-graph"},{"Tweet":"\u0395\u03bc\u03b5\u03af\u03c2 \u03c4\u03b1 \u03bb\u03ad\u03b3\u03b1\u03bc\u03b5 22","UserName":"Charitos.Dimitris","Date":"Mon May 18 12:54:36 +0000 2015","icon":"http:\/\/abs.twimg.com\/sticky\/default_profile_images\/default_profile_6_normal.png","BelongsTo":"\u03a4\u03a3\u0399\u03a0\u03a1\u0391\u03a3","size":"small","name":"basic-graph"},{"Tweet":"\u0395\u03bc\u03b5\u03af\u03c2 \u03c4\u03b1 \u03bb\u03ad\u03b3\u03b1\u03bc\u03b5 24","UserName":"Charitos.Dimitris","Date":"Mon May 18 12:53:42 +0000 2015","icon":"http:\/\/abs.twimg.com\/sticky\/default_profile_images\/default_profile_6_normal.png","BelongsTo":"\u03a4\u03a3\u0399\u03a0\u03a1\u0391\u03a3","size":"small","name":"basic-graph"},{"Tweet":"\u0391\u03bb. \u03a4\u03c3\u03af\u03c0\u03c1\u03b1\u03c2: \u03a4\u03b7\u03bd \u03b5\u03c1\u03c7\u03cc\u03bc\u03b5\u03bd\u03b7 \u0394\u03b5\u03c5\u03c4\u03ad\u03c1\u03b1 \u03b1\u03bd\u03bf\u03af\u03b3\u03b5\u03b9 \u03ba\u03b1\u03b9 \u03c0\u03ac\u03bb\u03b9 \u03b7 \u0395\u03a1\u03a4","UserName":"eklogika.gr","Date":"Mon May 18 12:53:31 +0000 2015","icon":"http:\/\/pbs.twimg.com\/profile_images\/1087582052\/logo_eklogika_normal.jpg","BelongsTo":"\u03a4\u03a3\u0399\u03a0\u03a1\u0391\u03a3","size":"small","name":"basic-graph"},{"Tweet":"\u0395\u03bc\u03b5\u03af\u03c2 \u03c4\u03b1 \u03bb\u03ad\u03b3\u03b1\u03bc\u03b5 25","UserName":"Charitos.Dimitris","Date":"Mon May 18 12:53:24 +0000 2015","icon":"http:\/\/abs.twimg.com\/sticky\/default_profile_images\/default_profile_6_normal.png","BelongsTo":"\u03a4\u03a3\u0399\u03a0\u03a1\u0391\u03a3","size":"small","name":"basic-graph"},{"Tweet":"\u0395\u03bc\u03b5\u03af\u03c2 \u03c4\u03b1 \u03bb\u03ad\u03b3\u03b1\u03bc\u03b5 27","UserName":"Charitos.Dimitris","Date":"Mon May 18 12:52:50 +0000 2015","icon":"http:\/\/abs.twimg.com\/sticky\/default_profile_images\/default_profile_6_normal.png","BelongsTo":"\u03a4\u03a3\u0399\u03a0\u03a1\u0391\u03a3","size":"small","name":"basic-graph"},{"Tweet":"\u0393\u03b1\u03b2\u03c1\u03b9\u03ae\u03bb \u039f \u0391\u03bb\u03ad\u03be\u03b7\u03c2 \u03b4\u03b5\u03bd \u03b8\u03b1 \u03c5\u03c0\u03bf\u03b3\u03c1\u03ac\u03c8\u03b5\u03b9 \u039c\u03bd\u03b7\u03bc\u03cc\u03bd\u03b9\u03bf - \u0397 \u0391\u03c5\u03b3\u03ae Online \u2026","UserName":"Vasilis Tsirkas","Date":"Mon May 18 12:52:01 +0000 2015","icon":"http:\/\/pbs.twimg.com\/profile_images\/516882915863822336\/EFOsSTjv_normal.jpeg","BelongsTo":"\u03a4\u03a3\u0399\u03a0\u03a1\u0391\u03a3","size":"small","name":"basic-graph"},{"Tweet":"O \u03a4\u03c3\u03af\u03c0\u03c1\u03b1\u03c2 \u03b5\u03c7\u03b5\u03b9 \u03ba\u03b1\u03c4\u03b1\u03c3\u03c4\u03ae\u03c3\u03b5\u03b9 \u03b5\u03bd\u03b1\u03bd \u03c3\u03c5\u03bc\u03b2\u03b9\u03b2\u03b1\u03c3\u03bc\u03cc \u03c3\u03c7\u03b5\u03b4\u03cc\u03bd \u03b1\u03b4\u03cd\u03bd\u03b1\u03c4\u03bf.","UserName":"Anastasios Telloglou","Date":"Mon May 18 12:51:26 +0000 2015","icon":"http:\/\/pbs.twimg.com\/profile_images\/582257754296979457\/f-cxGOrD_normal.jpg","BelongsTo":"\u03a4\u03a3\u0399\u03a0\u03a1\u0391\u03a3","size":"small","name":"basic-graph"},{"Tweet":"\u0392loomberg: Game-over \u03b3\u03b9\u03b1 \u03a4\u03c3\u03af\u03c0\u03c1\u03b1...","UserName":"Palo","Date":"Mon May 18 12:50:25 +0000 2015","icon":"http:\/\/pbs.twimg.com\/profile_images\/80423903\/palo_twitter_normal.png","BelongsTo":"\u03a4\u03a3\u0399\u03a0\u03a1\u0391\u03a3","size":"small","name":"basic-graph"},{"Tweet":"\u03a0\u03b1\u03c0\u03b1\u03b4\u03b7\u03bc\u03bf\u03cd\u03bb\u03b7\u03c2: \u0397 \u03c3\u03c5\u03bc\u03c6\u03c9\u03bd\u03af\u03b1 \u03b5\u03af\u03bd\u03b1\u03b9 \u03b8\u03ad\u03bc\u03b1 \u03b7\u03bc\u03b5\u03c1\u03ce\u03bd -\u039f \u03a4\u03c3\u03af\u03c0\u03c1\u03b1\u03c2 \u03ad\u03c7\u03b5\u03b9 \u03c0\u03ac\u03c1\u03b5\u03b9 \u03c0\u03ac\u03bd\u03c9 \u03c4\u03bf\u03c5 \u03c4\u03b7 \u03b4\u03b9\u03b1\u03c0\u03c1\u03b1\u03b3\u03bc\u03ac\u03c4\u03b5\u03c5\u03c3\u03b7 | iefimerida.gr -","UserName":"skurg","Date":"Mon May 18 12:48:44 +0000 2015","icon":"http:\/\/pbs.twimg.com\/profile_images\/1630692281\/imagesCA4GV53G_normal.jpg","BelongsTo":"\u03a4\u03a3\u0399\u03a0\u03a1\u0391\u03a3","size":"small","name":"basic-graph"},{"Tweet":"\u039a\u039f\u03a5\u03a4\u0399 \u03a4\u0397\u03a3 \u03a0\u0391\u039d\u0394\u03a9\u03a1\u0391\u03a3: \u03a4\u03c3\u03af\u03c0\u03c1\u03b1\u03c2 \u03c3\u03b5 \u03bc\u03b1\u03b8\u03b7\u03c4\u03ad\u03c2: \"\u0395\u03c0\u03b9\u03c4\u03c5\u03c7\u03af\u03b1 \u03b5\u03af\u03c3\u03c4\u03b5 \u03b5\u03c3\u03b5\u03af\u03c2 \u03bf\u03b9 \u03af\u03b4\u03b9\u03bf\u03b9\" via","UserName":"atypos.com","Date":"Mon May 18 12:48:15 +0000 2015","icon":"http:\/\/pbs.twimg.com\/profile_images\/2973789794\/bd9adf8c2f9a6466e42be0635ab40674_normal.png","BelongsTo":"\u03a4\u03a3\u0399\u03a0\u03a1\u0391\u03a3","size":"small","name":"basic-graph"}],"links":[{"source":1,"target":0},{"source":2,"target":0},{"source":3,"target":0},{"source":4,"target":0},{"source":5,"target":0},{"source":6,"target":0},{"source":7,"target":0},{"source":8,"target":0},{"source":9,"target":0},{"source":10,"target":0},{"source":11,"target":0},{"source":12,"target":0},{"source":13,"target":0},{"source":14,"target":0},{"source":15,"target":0},{"source":16,"target":0}]}