{"nodes":[{"name":"main","size":"big","icon":"http:\/\/static.guim.co.uk\/sys-images\/Guardian\/Pix\/pictures\/2014\/4\/11\/1397210130748\/Spring-Lamb.-Image-shot-2-011.jpg","Type":"M"},{"name":"\u03a0\u0391\u039d\u0391\u0393\u0399\u03a9\u03a4\u0397\u03a3 \u039a\u039f\u03a5\u03a1\u039f\u03a5\u039c\u03a0\u039b\u0397\u03a3","size":"small","icon":"\/PoliticalTweets\/backend\/assets\/sampleimage.jpg","Type":"D"},{"name":"\u03a3\u03a5\u03a1\u0399\u0396\u0391\n","size":"normal","icon":"\/PoliticalTweets\/backend\/assets\/sampleparty.jpg","Type":"P"},{"name":"\u0391\u039b\u0395\u039e\u0399\u039f\u03a3 \u03a4\u03a3\u0399\u03a0\u03a1\u0391\u03a3","size":"small","icon":"\/PoliticalTweets\/backend\/assets\/sampleimage.jpg","Type":"D"}],"links":[{"source":2,"target":1},{"source":0,"target":2},{"source":0,"target":2},{"source":2,"target":3}]}