{"nodes":[{"Tweet":"Deputy","UserName":"\u0396\u03a9\u0397 \u039a\u03a9\u039d\u03a3\u03a4\u0391\u039d\u03a4\u039f\u03a0\u039f\u03a5\u039b\u039f\u03a5","Date":"null","ProfileImage":"\/PoliticalTweets\/backend\/assets\/sampleimage.jpg","BelongsTo":"null"},{"Tweet":"\u0396\u03c9\u03ae \u039a\u03c9\u03bd\u03c3\u03c4\u03b1\u03bd\u03c4\u03bf\u03c0\u03bf\u03cd\u03bb\u03bf\u03c5: \u03a0\u03b1\u03c1\u03ac\u03bd\u03bf\u03bc\u03bf \u03ba\u03b1\u03b9 \u03c0\u03c1\u03ad\u03c0\u03b5\u03b9 \u03bd\u03b1 \u03b4\u03b9\u03b1\u03b3\u03c1\u03b1\u03c6\u03b5\u03af \u03c3\u03b7\u03bc\u03b1\u03bd\u03c4\u03b9\u03ba\u03cc \u03bc\u03ad\u03c1\u03bf\u03c2 \u03c4\u03bf\u03c5 \u03b5\u03bb\u03bb\u03b7\u03bd\u03b9\u03ba\u03bf\u03cd \u03c7\u03c1\u03ad\u03bf\u03c5\u03c2:...","UserName":"\u03b5\u03c6\u03b7\u03bc\u03b5\u03c1\u03af\u03b4\u03b1 \u03b4\u03b7\u03bc\u03bf\u03ba\u03c1\u03b1\u03c4\u03af\u03b1","Date":"Tue May 12 20:04:58 +0000 2015","ProfileImage":"http:\/\/pbs.twimg.com\/profile_images\/2158837848\/Capture_normal.JPG","BelongsTo":"\u0396\u03a9\u0397 \u039a\u03a9\u039d\u03a3\u03a4\u0391\u039d\u03a4\u039f\u03a0\u039f\u03a5\u039b\u039f\u03a5"},{"Tweet":"\u03a3\u03c4\u03b7 \u039b\u03b9\u03c3\u03b1\u03b2\u03cc\u03bd\u03b1 \u03b7 \u0396\u03c9\u03ae \u039a\u03c9\u03bd\u03c3\u03c4\u03b1\u03bd\u03c4\u03bf\u03c0\u03bf\u03cd\u03bb\u03bf\u03c5","UserName":"koulouri nektaria ","Date":"Mon May 11 08:50:51 +0000 2015","ProfileImage":"http:\/\/pbs.twimg.com\/profile_images\/522623702865702912\/0ynI1cOE_normal.jpeg","BelongsTo":"\u0396\u03a9\u0397 \u039a\u03a9\u039d\u03a3\u03a4\u0391\u039d\u03a4\u039f\u03a0\u039f\u03a5\u039b\u039f\u03a5"},{"Tweet":"\u0397 \u0396\u03c9\u03ae \u039a\u03c9\u03bd\u03c3\u03c4\u03b1\u03bd\u03c4\u03bf\u03c0\u03bf\u03cd\u03bb\u03bf\u03c5 \u03bc\u03b1\u03b6\u03af \u03bc\u03b5 \u03c4\u03bf\u03bd \u03a0\u03bf\u03cd\u03c4\u03b9\u03bd (pic)","UserName":"Jim  Sports","Date":"Sat May 09 19:22:12 +0000 2015","ProfileImage":"http:\/\/pbs.twimg.com\/profile_images\/3009577085\/d14fac458ae24d8d149d8cf2ea05240a_normal.jpeg","BelongsTo":"\u0396\u03a9\u0397 \u039a\u03a9\u039d\u03a3\u03a4\u0391\u039d\u03a4\u039f\u03a0\u039f\u03a5\u039b\u039f\u03a5"},{"Tweet":"\u03b5\u03b9\u03c3\u03b1\u03b9 \u03c6\u03b1\u03bd \u03c4\u03b7\u03c2 \u0396\u03c9\u03ae\u03c2 \u03b2\u03bb\u03ad\u03c0\u03c9!!!","UserName":"\u0393\u03b9\u03ac\u03bd\u03bd\u03b7\u03c2 \u03b4\u03b5 \u03bc\u03b1\u03bd","Date":"Sat May 09 16:06:38 +0000 2015","ProfileImage":"http:\/\/pbs.twimg.com\/profile_images\/598249641956810752\/iwnind37_normal.jpg","BelongsTo":"\u0396\u03a9\u0397 \u039a\u03a9\u039d\u03a3\u03a4\u0391\u039d\u03a4\u039f\u03a0\u039f\u03a5\u039b\u039f\u03a5"},{"Tweet":"\u0397 \u0396\u03c9\u03ae \u039a\u03c9\u03bd\u03c3\u03c4\u03b1\u03bd\u03c4\u03bf\u03c0\u03bf\u03cd\u03bb\u03bf\u03c5 \u03bc\u03b1\u03b6\u03af \u03bc\u03b5 \u03c4\u03bf\u03bd \u03a0\u03bf\u03cd\u03c4\u03b9\u03bd \u03c3\u03c4\u03b7 \u039c\u03cc\u03c3\u03c7\u03b1 [\u03b5\u03b9\u03ba\u03cc\u03bd\u03b1]","UserName":"iefimerida","Date":"Sat May 09 14:57:52 +0000 2015","ProfileImage":"http:\/\/pbs.twimg.com\/profile_images\/532185642864623616\/AK8fkG3f_normal.png","BelongsTo":"\u0396\u03a9\u0397 \u039a\u03a9\u039d\u03a3\u03a4\u0391\u039d\u03a4\u039f\u03a0\u039f\u03a5\u039b\u039f\u03a5"},{"Tweet":"\u03a3\u03c4\u03b7\u03bd \u0391\u03c5\u03c3\u03c4\u03c1\u03af\u03b1 \u03bc\u03b5\u03c4\u03ac \u03c4\u03b7 \u039c\u03cc\u03c3\u03c7\u03b1 \u03b7 \u0396\u03c9\u03ae \u039a\u03c9\u03bd\u03c3\u03c4\u03b1\u03bd\u03c4\u03bf\u03c0\u03bf\u03cd\u03bb\u03bf\u03c5","UserName":"Newsbomb Economy ","Date":"Sat May 09 09:44:39 +0000 2015","ProfileImage":"http:\/\/pbs.twimg.com\/profile_images\/568368129248464896\/7t8YQ1lh_normal.jpeg","BelongsTo":"\u0396\u03a9\u0397 \u039a\u03a9\u039d\u03a3\u03a4\u0391\u039d\u03a4\u039f\u03a0\u039f\u03a5\u039b\u039f\u03a5"},{"Tweet":"\u03a3\u03c4\u03b7 \u039c\u03cc\u03c3\u03c7\u03b1 \u03b7 \u0396\u03c9\u03ae \u039a\u03c9\u03bd\u03c3\u03c4\u03b1\u03bd\u03c4\u03bf\u03c0\u03bf\u03cd\u03bb\u03bf\u03c5","UserName":"Zacharias Pelekis","Date":"Sat May 09 06:12:04 +0000 2015","ProfileImage":"http:\/\/abs.twimg.com\/sticky\/default_profile_images\/default_profile_0_normal.png","BelongsTo":"\u0396\u03a9\u0397 \u039a\u03a9\u039d\u03a3\u03a4\u0391\u039d\u03a4\u039f\u03a0\u039f\u03a5\u039b\u039f\u03a5"}],"links":[{"source":1,"target":0},{"source":2,"target":0},{"source":3,"target":0},{"source":4,"target":0},{"source":5,"target":0},{"source":6,"target":0},{"source":7,"target":0}]}