{"nodes":[{"Tweet":"Deputy","UserName":"\u039c\u0397\u03a4\u03a1\u039f\u03a0\u039f\u03a5\u039b\u039f\u03a3","Date":"null","icon":"http:\/\/www.eklogika.gr\/uploads\/files\/vouleutes-new\/mitropoulos.jpg","BelongsTo":"null","size":"big","name":"basic-graph"},{"Tweet":"\u039c\u03b7\u03c4\u03c1\u03cc\u03c0\u03bf\u03c5\u03bb\u03bf\u03c2: \u00ab\u0397 \u03c3\u03c5\u03b6\u03ae\u03c4\u03b7\u03c3\u03b7 \u03b5\u03af\u03bd\u03b1\u03b9 \u03bc\u03ad\u03c3\u03b1 \u03c3\u03c4\u03bf \u03b5\u03c5\u03c1\u03ce \u03cc\u03c7\u03b9 \u03c1\u03ae\u03be\u03b7\u00bb","UserName":"nocomments.gr","Date":"Sun May 17 11:33:45 +0000 2015","icon":"http:\/\/pbs.twimg.com\/profile_images\/2762496993\/6f579a562bf1ab0b59569b416aa9561b_normal.png","BelongsTo":"\u039c\u0397\u03a4\u03a1\u039f\u03a0\u039f\u03a5\u039b\u039f\u03a3","size":"small","name":"basic-graph"},{"Tweet":"\u039c\u03b7\u03c4\u03c1\u03cc\u03c0\u03bf\u03c5\u03bb\u03bf\u03c2: \u0397 \u03c3\u03c5\u03b6\u03ae\u03c4\u03b7\u03c3\u03b7 \u03b5\u03af\u03bd\u03b1\u03b9 \u03bc\u03ad\u03c3\u03b1 \u03c3\u03c4\u03bf \u03b5\u03c5\u03c1\u03ce","UserName":"Antenna News","Date":"Sun May 17 09:22:34 +0000 2015","icon":"http:\/\/pbs.twimg.com\/profile_images\/522717332980776962\/Ad9VZLaz_normal.jpeg","BelongsTo":"\u039c\u0397\u03a4\u03a1\u039f\u03a0\u039f\u03a5\u039b\u039f\u03a3","size":"small","name":"basic-graph"},{"Tweet":"\u039c\u03b7\u03c4\u03c1\u03cc\u03c0\u03bf\u03c5\u03bb\u03bf\u03c2: \u0397 \u03ba\u03c5\u03b2\u03ad\u03c1\u03bd\u03b7\u03c3\u03b7 \u03b4\u03b5\u03bd \u03c3\u03c5\u03b6\u03b7\u03c4\u03ac \u03c4\u03bf \u03b5\u03bd\u03b4\u03b5\u03c7\u03cc\u03bc\u03b5\u03bd\u03bf \u03c1\u03ae\u03be\u03b7\u03c2","UserName":"Newsbomb Economy ","Date":"Sun May 17 09:14:41 +0000 2015","icon":"http:\/\/pbs.twimg.com\/profile_images\/568368129248464896\/7t8YQ1lh_normal.jpeg","BelongsTo":"\u039c\u0397\u03a4\u03a1\u039f\u03a0\u039f\u03a5\u039b\u039f\u03a3","size":"small","name":"basic-graph"},{"Tweet":"\u039c\u03b7\u03c4\u03c1\u03cc\u03c0\u03bf\u03c5\u03bb\u03bf\u03c2: \u0397 \u03c3\u03c5\u03b6\u03ae\u03c4\u03b7\u03c3\u03b7 \u03b5\u03af\u03bd\u03b1\u03b9 \u03bc\u03ad\u03c3\u03b1 \u03c3\u03c4\u03bf \u03b5\u03c5\u03c1\u03ce: \u0397 \u03ba\u03bf\u03b9\u03bd\u03c9\u03bd\u03af\u03b1 \u03b4\u03b5\u03bd \u03b5\u03af\u03bd\u03b1\u03b9 \u03c3\u03b5 \u03b8\u03ad\u03c3\u03b7 \u03bd\u03b1 \u03b1\u03bd\u03c4\u03b9\u03bc\u03b5\u03c4\u03c9\u03c0\u03af\u03c3\u03b5\u03b9 \u03c4\u03b9\u03c2 \u03c3\u03c5\u03bd\u03ad\u03c0\u03b5\u03b9\u03b5\u03c2 \u03bc\u03b9\u03b1\u03c2 ...","UserName":"TA NEA online","Date":"Sun May 17 08:27:07 +0000 2015","icon":"http:\/\/pbs.twimg.com\/profile_images\/485400295988400129\/ollRCYGf_normal.png","BelongsTo":"\u039c\u0397\u03a4\u03a1\u039f\u03a0\u039f\u03a5\u039b\u039f\u03a3","size":"small","name":"basic-graph"},{"Tweet":"\u039c\u03b7\u03c4\u03c1\u03cc\u03c0\u03bf\u03c5\u03bb\u03bf\u03c2: \u0397 \u03ba\u03bf\u03b9\u03bd\u03c9\u03bd\u03af\u03b1 \u03b4\u03b5\u03bd \u03b5\u03af\u03bd\u03b1\u03b9 \u03c3\u03b5 \u03b8\u03ad\u03c3\u03b7 \u03bd\u03b1 \u03b1\u03bd\u03c4\u03b9\u03bc\u03b5\u03c4\u03c9\u03c0\u03af\u03c3\u03b5\u03b9 \u03c4\u03b9\u03c2 \u03c3\u03c5\u03bd\u03ad\u03c0\u03b5\u03b9\u03b5\u03c2 \u03bc\u03af\u03b1\u03c2 \u03c1\u03ae\u03be\u03b7\u03c2 | iefimerida.gr -","UserName":"iefimerida","Date":"Sun May 17 08:18:24 +0000 2015","icon":"http:\/\/pbs.twimg.com\/profile_images\/532185642864623616\/AK8fkG3f_normal.png","BelongsTo":"\u039c\u0397\u03a4\u03a1\u039f\u03a0\u039f\u03a5\u039b\u039f\u03a3","size":"small","name":"basic-graph"},{"Tweet":"\u039f \u039d\u03c4\u03b9\u03bd \u039c\u03b7\u03c4\u03c1\u03cc\u03c0\u03bf\u03c5\u03bb\u03bf\u03c2 \u03b5\u03c4\u03bf\u03b9\u03bc\u03ac\u03b6\u03b5\u03b9 \u03b5\u03c0\u03b9\u03c7\u03b5\u03b9\u03c1\u03b7\u03bc\u03b1\u03c4\u03b9\u03ba\u03ae \u00ab\u03b1\u03c0\u03cc\u03b2\u03b1\u03c3\u03b7\u00bb -","UserName":"Starbuzz","Date":"Sun May 17 03:00:03 +0000 2015","icon":"http:\/\/pbs.twimg.com\/profile_images\/1314714623\/stabuzz_normal.gif","BelongsTo":"\u039c\u0397\u03a4\u03a1\u039f\u03a0\u039f\u03a5\u039b\u039f\u03a3","size":"small","name":"basic-graph"},{"Tweet":"\u039f \u039d\u03c4\u03b9\u03bd \u039c\u03b7\u03c4\u03c1\u03cc\u03c0\u03bf\u03c5\u03bb\u03bf\u03c2 \u03b5\u03c4\u03bf\u03b9\u03bc\u03ac\u03b6\u03b5\u03b9 \u03b5\u03c0\u03b9\u03c7\u03b5\u03b9\u03c1\u03b7\u03bc\u03b1\u03c4\u03b9\u03ba\u03ae \u00ab\u03b1\u03c0\u03cc\u03b2\u03b1\u03c3\u03b7\u00bb...","UserName":"\u03b5\u03c6\u03b7\u03bc\u03b5\u03c1\u03af\u03b4\u03b1 \u03b4\u03b7\u03bc\u03bf\u03ba\u03c1\u03b1\u03c4\u03af\u03b1","Date":"Sat May 16 14:27:50 +0000 2015","icon":"http:\/\/pbs.twimg.com\/profile_images\/2158837848\/Capture_normal.JPG","BelongsTo":"\u039c\u0397\u03a4\u03a1\u039f\u03a0\u039f\u03a5\u039b\u039f\u03a3","size":"small","name":"basic-graph"},{"Tweet":"\u0391\u03bb. \u039c\u03b7\u03c4\u03c1\u03cc\u03c0\u03bf\u03c5\u03bb\u03bf\u03c2: \u0391\u03c0\u03ad\u03bd\u03b1\u03bd\u03c4\u03af \u03bc\u03b1\u03c2 \u03b4\u03b5\u03bd \u03ad\u03c7\u03bf\u03c5\u03bc\u03b5 \u03b4\u03b9\u03b1\u03c0\u03c1\u03b1\u03b3\u03bc\u03b1\u03c4\u03b5\u03c5\u03c4\u03ad\u03c2, \u03b1\u03bb\u03bb\u03ac \u03b5\u03ba\u03b2\u03b9\u03b1\u03c3\u03c4\u03ad\u03c2 | \u039b\u03b1\u03bc\u03b9\u03b1\u03ba\u03cc\u03c2 \u03a4\u03cd\u03c0\u03bf\u03c2","UserName":"\u039b\u03b1\u03bc\u03b9\u03b1\u03ba\u03cc\u03c2 \u03a4\u03cd\u03c0\u03bf\u03c2","Date":"Fri May 15 15:57:29 +0000 2015","icon":"http:\/\/pbs.twimg.com\/profile_images\/378800000514258970\/46315ebc18e271359e0912153f47de1e_normal.png","BelongsTo":"\u039c\u0397\u03a4\u03a1\u039f\u03a0\u039f\u03a5\u039b\u039f\u03a3","size":"small","name":"basic-graph"},{"Tweet":"\u0391\u03bb\u03ad\u03be\u03b7\u03c2 \u039c\u03b7\u03c4\u03c1\u03cc\u03c0\u03bf\u03c5\u03bb\u03bf\u03c2: \u0391\u03c0\u03ad\u03bd\u03b1\u03bd\u03c4\u03af \u03bc\u03b1\u03c2 \u03b4\u03b5\u03bd \u03ad\u03c7\u03bf\u03c5\u03bc\u03b5 \u03b4\u03b9\u03b1\u03c0\u03c1\u03b1\u03b3\u03bc\u03b1\u03c4\u03b5\u03c5\u03c4\u03ad\u03c2, \u03b1\u03bb\u03bb\u03ac \u03b5\u03ba\u03b2\u03b9\u03b1\u03c3\u03c4\u03ad\u03c2:...","UserName":"\u03b5\u03c6\u03b7\u03bc\u03b5\u03c1\u03af\u03b4\u03b1 \u03b4\u03b7\u03bc\u03bf\u03ba\u03c1\u03b1\u03c4\u03af\u03b1","Date":"Fri May 15 12:41:32 +0000 2015","icon":"http:\/\/pbs.twimg.com\/profile_images\/2158837848\/Capture_normal.JPG","BelongsTo":"\u039c\u0397\u03a4\u03a1\u039f\u03a0\u039f\u03a5\u039b\u039f\u03a3","size":"small","name":"basic-graph"},{"Tweet":"\u039a\u0391\u0399 \u039f\u03a4\u0391\u039d \u0395\u0393\u03a9 \u03a3\u0391\u03a3 \u03a4\u0391\u039b\u0395\u0393\u0391 \u0395\u03a3\u0395\u0399\u03a3 \u03a4\u0391\u039b\u0395\u0393\u0391\u03a4\u0395 \u03a0\u0391\u03a1\u0391\u039b\u039f\u0393\u0391! \u00ab\u0391\u03c0\u03ad\u03bd\u03b1\u03bd\u03c4\u03af \u03bc\u03b1\u03c2 \u03b4\u03b5\u03bd \u03ad\u03c7\u03bf\u03c5\u03bc\u03b5 \u03b4\u03b9\u03b1\u03c0\u03c1\u03b1\u03b3\u03bc\u03b1\u03c4\u03b5\u03c5\u03c4\u03ad\u03c2, \u03b1\u03bb\u03bb\u03ac \u03ad\u03c7\u03bf\u03c5\u03bc\u03b5 \u03b5\u03ba\u03b2\u03b9\u03b1\u03c3\u03c4\u03ad\u03c2....","UserName":"LENA","Date":"Fri May 15 12:32:57 +0000 2015","icon":"http:\/\/pbs.twimg.com\/profile_images\/2136743022\/_______093_normal.jpg","BelongsTo":"\u039c\u0397\u03a4\u03a1\u039f\u03a0\u039f\u03a5\u039b\u039f\u03a3","size":"small","name":"basic-graph"},{"Tweet":"\u039c\u03b7\u03c4\u03c1\u03cc\u03c0\u03bf\u03c5\u03bb\u03bf\u03c2: \u00ab\u0391\u03c0\u03ad\u03bd\u03b1\u03bd\u03c4\u03af \u03bc\u03b1\u03c2 \u03b4\u03b5\u03bd \u03ad\u03c7\u03bf\u03c5\u03bc\u03b5 \u03b4\u03b9\u03b1\u03c0\u03c1\u03b1\u03b3\u03bc\u03b1\u03c4\u03b5\u03c5\u03c4\u03ad\u03c2, \u03b1\u03bb\u03bb\u03ac \u03b5\u03ba\u03b2\u03b9\u03b1\u03c3\u03c4\u03ad\u03c2\u00bb","UserName":"Newsbomb Economy ","Date":"Fri May 15 12:24:19 +0000 2015","icon":"http:\/\/pbs.twimg.com\/profile_images\/568368129248464896\/7t8YQ1lh_normal.jpeg","BelongsTo":"\u039c\u0397\u03a4\u03a1\u039f\u03a0\u039f\u03a5\u039b\u039f\u03a3","size":"small","name":"basic-graph"},{"Tweet":"\u03a0\u03ac\u03c9 \u03c3\u03c4\u03bf\u03af\u03c7\u03b7\u03bc\u03b1 \u03ba\u03ac\u03c4\u03b9 \u03c4\u03bf\u03c5\u03c2 \u03c0\u03bf\u03c4\u03af\u03b6\u03bf\u03c5\u03bd \u03bc\u03b5 \u03c4\u03bf \u03c0\u03bf\u03c5 \u03bc\u03c0\u03b1\u03af\u03bd\u03bf\u03c5\u03bd \u03c3\u03c4\u03bf \u039c\u03b1\u03be\u03af\u03bc\u03bf\u03c5 \u03ba\u03b1\u03b9 \u03b1\u03c1\u03c7\u03b9\u03b6\u03bf\u03c5\u03bd \u03c4\u03b9\u03c2 \u03bc\u03b1\u03bb\u03b1\u03ba\u03b9\u03b5\u03c2. \u03a1\u03b5 \u039c\u03b7\u03c4\u03c1\u03bf\u03c0\u03bf\u03c5\u03bb\u03b5 \u03cc\u03c4\u03b1\u03bd \u03bb\u03b5\u03c2...","UserName":"Georgios Panagiokas","Date":"Fri May 15 11:58:18 +0000 2015","icon":"http:\/\/pbs.twimg.com\/profile_images\/1625044212\/a5Jq89y4_normal","BelongsTo":"\u039c\u0397\u03a4\u03a1\u039f\u03a0\u039f\u03a5\u039b\u039f\u03a3","size":"small","name":"basic-graph"},{"Tweet":"\u0391\u03bb. \u039c\u03b7\u03c4\u03c1\u03cc\u03c0\u03bf\u03c5\u03bb\u03bf\u03c2: \u0391\u03c0\u03ad\u03bd\u03b1\u03bd\u03c4\u03af \u03bc\u03b1\u03c2 \u03ad\u03c7\u03bf\u03c5\u03bc\u03b5 \u03b5\u03ba\u03b2\u03b9\u03b1\u03c3\u03c4\u03ad\u03c2 \u03ba\u03b1\u03b9 \u03cc\u03c7\u03b9 \u03b4\u03b9\u03b1\u03c0\u03c1\u03b1\u03b3\u03bc\u03b1\u03c4\u03b5\u03c5\u03c4\u03ad\u03c2! | Epoli.gr | \u0391\u03a5\u03a4\u039f\u0394\u0399\u039f\u0399\u039a\u0397\u03a3\u0397 \u03a0\u039f\u039b\u0399\u03a4\u0399\u039a\u0397 \u0395\u0399\u0394\u0397\u03a3\u0395\u0399\u03a3:","UserName":"epoligr","Date":"Fri May 15 11:53:49 +0000 2015","icon":"http:\/\/pbs.twimg.com\/profile_images\/567283972112003072\/txapoh3B_normal.jpeg","BelongsTo":"\u039c\u0397\u03a4\u03a1\u039f\u03a0\u039f\u03a5\u039b\u039f\u03a3","size":"small","name":"basic-graph"},{"Tweet":"\u039c\u03b7\u03c4\u03c1\u03cc\u03c0\u03bf\u03c5\u03bb\u03bf\u03c2: \u0391\u03c0\u03ad\u03bd\u03b1\u03bd\u03c4\u03af \u03bc\u03b1\u03c2 \u03b4\u03b5\u03bd \u03ad\u03c7\u03bf\u03c5\u03bc\u03b5 \u03b4\u03b9\u03b1\u03c0\u03c1\u03b1\u03b3\u03bc\u03b1\u03c4\u03b5\u03c5\u03c4\u03ad\u03c2, \u03b1\u03bb\u03bb\u03ac \u03b5\u03ba\u03b2\u03b9\u03b1\u03c3\u03c4\u03ad\u03c2","UserName":"George Mitakides","Date":"Fri May 15 11:47:25 +0000 2015","icon":"http:\/\/pbs.twimg.com\/profile_images\/3152159992\/02a42ba5d2eed03ddc2329936dba18f0_normal.jpeg","BelongsTo":"\u039c\u0397\u03a4\u03a1\u039f\u03a0\u039f\u03a5\u039b\u039f\u03a3","size":"small","name":"basic-graph"},{"Tweet":"Bazinga! \u039c\u03b7\u03c4\u03c1\u03cc\u03c0\u03bf\u03c5\u03bb\u03bf\u03c2: \u03a5\u03c0\u03b5\u03c1\u03b2\u03ac\u03bb\u03bb\u03b1\u03bc\u03b5 \u03c9\u03c2 \u03c0\u03c1\u03bf\u03c2 \u03bf\u03c1\u03b9\u03c3\u03bc\u03ad\u03bd\u03b5\u03c2 \u03c0\u03c1\u03bf\u03b5\u03ba\u03bb\u03bf\u03b3\u03b9\u03ba\u03ad\u03c2 \u03b4\u03b5\u03c3\u03bc\u03b5\u03cd\u03c3\u03b5\u03b9\u03c2","UserName":"koulouri nektaria ","Date":"Fri May 15 09:02:08 +0000 2015","icon":"http:\/\/pbs.twimg.com\/profile_images\/522623702865702912\/0ynI1cOE_normal.jpeg","BelongsTo":"\u039c\u0397\u03a4\u03a1\u039f\u03a0\u039f\u03a5\u039b\u039f\u03a3","size":"small","name":"basic-graph"},{"Tweet":"\u039c\u03b7\u03c4\u03c1\u03cc\u03c0\u03bf\u03c5\u03bb\u03bf\u03c2: \u03a5\u03c0\u03b5\u03c1\u03b2\u03ac\u03bb\u03b1\u03bc\u03b5 \u03c0\u03c1\u03bf\u03b5\u03ba\u03bb\u03bf\u03b3\u03b9\u03ba\u03ac","UserName":"George Gklavakis","Date":"Thu May 14 20:09:33 +0000 2015","icon":"http:\/\/pbs.twimg.com\/profile_images\/1751612005\/gg_normal.jpg","BelongsTo":"\u039c\u0397\u03a4\u03a1\u039f\u03a0\u039f\u03a5\u039b\u039f\u03a3","size":"small","name":"basic-graph"}],"links":[{"source":1,"target":0},{"source":2,"target":0},{"source":3,"target":0},{"source":4,"target":0},{"source":5,"target":0},{"source":6,"target":0},{"source":7,"target":0},{"source":8,"target":0},{"source":9,"target":0},{"source":10,"target":0},{"source":11,"target":0},{"source":12,"target":0},{"source":13,"target":0},{"source":14,"target":0},{"source":15,"target":0},{"source":16,"target":0}]}